revs,I_ord_12_25_mean,I_ord_12_25_max,I_ord_12_25_std,I_env_ord_1_5_mean,I_env_ord_1_5_max,I_env_ord_1_5_std,I_env_ord_5_15_mean,I_env_ord_5_15_max,I_env_ord_5_15_std,I_p2p_mean,I_p2p_max,I_p2p_std,I_ord_25_60_mean,I_ord_25_60_max,I_ord_25_60_std,I_ord_5_12_mean,I_ord_5_12_max,I_ord_5_12_std,I_kurt_mean,I_kurt_max,I_kurt_std,I_env_peak_mean,I_env_peak_max,I_env_peak_std,I_ord_peakamp_mean,I_ord_peakamp_max,I_ord_peakamp_std,I_ord_peak_mean,I_ord_peak_max,I_ord_peak_std,I_ord_1_5_mean,I_ord_1_5_max,I_ord_1_5_std,I_ord_centroid_mean,I_ord_centroid_max,I_ord_centroid_std,I_ord_entropy_mean,I_ord_entropy_max,I_ord_entropy_std,I_crest_mean,I_crest_max,I_crest_std,I_rms_mean,I_rms_max,I_rms_std,II_ord_12_25_mean,II_ord_12_25_max,II_ord_12_25_std,II_env_ord_1_5_mean,II_env_ord_1_5_max,II_env_ord_1_5_std,II_env_ord_5_15_mean,II_env_ord_5_15_max,II_env_ord_5_15_std,II_p2p_mean,II_p2p_max,II_p2p_std,II_ord_25_60_mean,II_ord_25_60_max,II_ord_25_60_std,II_ord_5_12_mean,II_ord_5_12_max,II_ord_5_12_std,II_kurt_mean,II_kurt_max,II_kurt_std,II_env_peak_mean,II_env_peak_max,II_env_peak_std,II_ord_peakamp_mean,II_ord_peakamp_max,II_ord_peakamp_std,II_ord_peak_mean,II_ord_peak_max,II_ord_peak_std,II_ord_1_5_mean,II_ord_1_5_max,II_ord_1_5_std,II_ord_centroid_mean,II_ord_centroid_max,II_ord_centroid_std,II_ord_entropy_mean,II_ord_entropy_max,II_ord_entropy_std,II_crest_mean,II_crest_max,II_crest_std,II_rms_mean,II_rms_max,II_rms_std,contrast_rms_mean_ratio,contrast_rms_mean_diff,contrast_rms_max_ratio,contrast_rms_max_diff,contrast_ord_5_12_max_ratio,contrast_ord_5_12_max_diff,contrast_ord_peakamp_max_ratio,contrast_ord_peakamp_max_diff,contrast_env_ord_5_15_max_ratio,contrast_env_ord_5_15_max_diff,filename,label
0.6555555555555556,0.17424574013603522,0.29415902925155324,0.053754278875480274,0.13461045418562798,0.28918208656035627,0.050650757435132525,0.21541033911807547,0.3240512809842523,0.052485513321186894,1.24053955078125,2.67333984375,0.628504687107995,0.6092872026353622,0.7511569050319326,0.09434346315145269,0.0831561896676156,0.3676545912628849,0.061211591198562024,1.0331723375775608,19.235118830297342,3.3217107739585066,8.714285714285714,33.52380952380952,7.7814536179407545,0.025046551679831417,0.09532300034602066,0.018767281690293753,44.666666666666664,64.0,15.611786930280035,0.047581804680282815,0.09845427079710814,0.015977364626433975,35.24234842223327,41.434059712283315,4.08287964700671,3.562452699184134,3.6637273070725693,0.06589319758028045,3.8429453620386083,7.438583466722178,1.021096062568073,0.18095298709872332,0.3840411962027764,0.07769635080889484,0.16362634300506773,0.37813377461838255,0.06274765267148703,0.13254936682988544,0.22215388236362268,0.05229535483225093,0.20614448260639845,0.31541693388257586,0.05583355747737148,1.16424560546875,2.50244140625,0.5483385495368447,0.6129909567916786,0.7625237234466082,0.08421939545263694,0.09125402558963347,0.2778363653717583,0.059753248518929596,0.9013839086997637,7.172931711320089,1.3841790591477148,8.285714285714285,22.857142857142854,6.586593957019707,0.023067904776980612,0.05614990005014831,0.012436881464198099,43.0,64.0,17.031317025914003,0.05133626267654372,0.12997975618386803,0.02259686317250472,35.092328550687085,41.55139086618243,3.53904082232288,3.5694240326840667,3.6723957666314737,0.05471782128533933,3.9572116503526304,6.5545893131109105,0.7377025875009173,0.16298674798024687,0.31079319715670684,0.0739916855669265,1.1102312809531152,0.017966239118476446,1.2356808272526503,0.07324799904606955,1.3232774242769412,0.08981822589112659,1.6976521518868977,0.03917310029587235,1.0273743897260648,0.008634347101676432,Train1.csv,Normal
5.0,0.3247916070277627,0.47924811237598985,0.07273247021787801,0.19002964223426588,0.3167144317397532,0.04705846638130207,0.2317772416969976,0.30249405427332776,0.038499294443195796,8.9569091796875,30.13916015625,7.231203084181881,0.35599632577617435,0.5284166066457852,0.06633064706475647,0.20390594493877934,0.34273243971689643,0.060008531902209145,5.696118074616729,15.632094607466044,4.405763474485898,0.7500000000000001,8.200000000000001,1.3883443376914824,0.06508246059431588,0.21674225562998445,0.04293897283531612,13.51875,54.400000000000006,7.814227309049822,0.0679775450437601,0.14446094017182845,0.027240399801987586,24.693528773391364,32.291189680978036,2.7065851136276553,5.440154890842929,5.628448157142026,0.09224634135704314,6.444321505410837,10.701197668695572,1.7929557579158404,0.7341673182253038,2.433666822092629,0.5491836938168576,0.3212640426187387,0.512423107636175,0.07961399322697685,0.19113450628222067,0.2999037921004637,0.06533299777149255,0.23165255107909158,0.29401613535717924,0.036584398371183526,9.833145141601562,42.07763671875,9.277595207608691,0.3793679558828058,0.5657518605042664,0.08146908339988668,0.18352300301325458,0.3588162000099989,0.0633726063135459,6.748978705883079,19.38586657649829,5.686648796937807,0.6812500000000001,1.8,0.4920858029856176,0.07186700451974314,0.3008609001401311,0.06525334031840617,17.24375,54.6,12.977551230393969,0.06837489627637097,0.11628468854045443,0.02419202147173549,25.776740572641337,35.33480570197171,3.4844622365261517,5.461328118901752,5.594961814925705,0.10126512902406025,6.83721516464275,11.022884795678362,2.2322651238335895,0.7580836250687051,2.4437336135763656,0.6055113930128907,0.9684516232497631,-0.02391630684340129,0.9958805688051716,-0.01006679148373646,0.9551754874840384,-0.01608376029310249,0.7204068551567391,-0.08411864451014667,1.0288348728787091,0.008477918916148519,Train2.csv,Side II
6.666666666666667,0.17860977277510853,0.43392919508309075,0.07226914019401613,0.14292431258096855,0.3046921365642839,0.047232130226737744,0.18132184433015225,0.28172263755425503,0.028823586952002128,5.1219940185546875,18.49365234375,3.543434960099568,0.5397238006701774,0.7022441763307185,0.09341102207529045,0.17176104668074532,0.4275041437523,0.07833291085183558,4.325851050678094,31.827701991999632,7.588707080232024,2.944900351699883,48.91910902696365,9.099353173124461,0.05177457598637002,0.14682707044524854,0.028953009438842377,24.839390386869866,58.072684642438446,13.162190799581397,0.04024478238829434,0.06464287284692014,0.010278267720289034,31.612432716970016,36.909289826725754,3.755453167490627,5.763836134757181,5.853385385426771,0.07950064268310653,5.897819934524817,12.2177964320568,1.9699213284439727,0.4507153741808731,0.9045373172658663,0.190840166687259,0.18535377982412377,0.5315535326706685,0.08750745821017952,0.14506345367097578,0.2510337776897193,0.03226676198834565,0.18914742183355493,0.3117005056555992,0.03616380353780491,5.47332763671875,16.7724609375,3.3995154058028723,0.5218946165689798,0.7110036814080344,0.09752763419387402,0.18851383020692145,0.3560068354307383,0.06387514779157052,3.79665284400094,24.350627325111578,5.659005850965224,1.2473622508792497,20.558030480656505,3.5030406878037854,0.05204698601137377,0.17364167632888577,0.03504663817058872,22.42907385697538,59.423212192262596,13.57268493355978,0.03647338511073074,0.057314378024190656,0.009472683918312639,31.16099805978564,36.6390365579362,3.5512071404743004,5.760429563723471,5.866549191842335,0.07268177398218237,6.0919898463075475,11.278388699522113,1.8209161262718427,0.46724919529302283,1.0701833424290534,0.1925559099565028,0.9646145520563271,-0.016533821112149738,0.8452171516401773,-0.16564602516318716,1.2008312762709308,0.0714973083215617,0.8455750526249003,-0.026814605883637238,0.9038247662058919,-0.029977868101344174,Train3.csv,Normal
4.783333333333333,0.36785975056870623,0.5565077004903455,0.08851445686302681,0.1932889436308062,0.26890296770620137,0.04876773311841413,0.23228349045941152,0.33570904776445626,0.0406475556480579,4.468536376953125,11.62109375,2.56396504698015,0.35103167340997454,0.5047712658296611,0.05843616523407825,0.18988712952245135,0.39400988013802424,0.06695238258653263,6.439806711178456,40.21152919708413,8.31848280641958,0.6862745098039217,5.856209150326798,1.1659478571404929,0.04384706381243365,0.11472100991017445,0.022850102404223173,14.065359477124183,29.0718954248366,4.7128488739320265,0.0470095455029346,0.08859399861162603,0.020085219413210734,25.242759738383867,30.002148351199786,2.202311669325708,5.357608424547088,5.551626750724542,0.10040814484167189,6.161904910701713,11.621891421372393,2.1106484058878454,0.3838545943981956,0.8093109267512116,0.16328733184431288,0.389695186156522,0.6786180789530143,0.12445973576592892,0.20505959086751865,0.299931822402288,0.050412224542672475,0.24304832223496742,0.3525709879176127,0.048482441309070416,5.8780670166015625,25.0732421875,5.297872643824354,0.3361569908641119,0.4840675484702724,0.06696119538490367,0.19510097688417471,0.36945284777365606,0.07443566194342077,6.654765898498673,47.26581549931702,10.045523863134182,0.6470588235294118,1.673202614379085,0.44478072629670806,0.05067182562492274,0.12619372166965506,0.030295354928294015,13.823529411764707,25.098039215686274,3.9272671015726326,0.04128371751018341,0.08439071254175015,0.019319817024965692,24.578745469043067,29.999338157707843,2.1677687641294545,5.313446841505466,5.515241440109127,0.1444464452299435,6.289436542352897,13.015614639883225,2.3317302411829495,0.4728718442769444,1.191041815630241,0.2498480909922114,0.8117518482695569,-0.08901724987874882,0.6794983311677144,-0.3817308888790293,1.0664686480179584,0.02455703236436818,0.9090865019529265,-0.011472711759480614,0.9521743374152185,-0.01686194015315645,Train4.csv,Normal
0.0,0.19688387208860444,0.23684809524776138,0.019918153501487953,0.1281631343002151,0.19283050266015933,0.03789306361945469,0.1966989109841082,0.21683073591134164,0.011488117858651838,0.3482818603515625,0.64697265625,0.1620878290025206,0.47528642974531,0.5864965785570759,0.10129412716333482,0.1309511674293929,0.16636351749726208,0.016011923571710142,14.58001715001889,52.543253807196585,11.430258805451851,0.39480000000000004,6.873600000000001,1.4956332705579936,0.0016859894344824254,0.00530012973801801,0.0016281853221963526,5.175375,44.328,11.470612586491404,0.1552296149091339,0.2915515388406542,0.07926827284564214,25.200445211512342,29.97048005576926,4.34048506935725,8.136482649680676,8.381223168304047,0.24643469920582398,3.7038643600951615,8.79714765219973,1.87360115349188,0.07115181601479528,0.12616963340256127,0.028787405117175466,0.19420807605293366,0.21980509107203067,0.020475259631071125,0.13291554939509148,0.19691276586685963,0.04046006161165326,0.19529558407749215,0.2170524573276178,0.012340914885587322,0.350189208984375,0.57373046875,0.16641001976918973,0.46935387415249996,0.5884430569831796,0.10882108081685454,0.13199788730977952,0.16798693615915952,0.018596343298987367,11.374846206573924,28.256003614776986,6.435610889786659,0.3764,10.8032,1.8796176206877822,0.0019454033057119155,0.006683560133980613,0.0019147932739604495,13.708124999999999,53.748000000000005,20.069949688137612,0.16121245706502377,0.31280323160009704,0.08869811380567556,24.92275931648797,30.103995786483292,4.758515633782054,8.112626436386057,8.378717025408632,0.2683704735843615,4.451545473452166,8.742005293654774,1.9898774181584837,0.05509809552619185,0.13511650735949152,0.02381040880811903,1.2913661360510345,0.016053720488603436,0.9337839982282093,-0.008946873956930251,0.9903360363052555,-0.001623418661897441,0.7930098388823063,-0.0013834303959626027,0.9989784846576513,-0.0002217214162761605,Train5.csv,Normal
2.05,0.213534298240995,0.33149922142264854,0.05928809917963885,0.17679882229880622,0.3735325597222868,0.06131380601983071,0.236920382153606,0.3276524734551986,0.04776135015220475,2.8614044189453125,5.92041015625,1.2613799943024542,0.6521578715486486,0.8067481308558959,0.06168272075373297,0.056989429500871984,0.11229130332432674,0.022075470330133056,5.012201367288486,36.01866722167199,7.222725194470835,2.717557251908397,22.47328244274809,4.676343603655148,0.037120316026587434,0.08125068267821318,0.022032167167995723,35.52671755725191,64.0,11.503783868616676,0.02433794607062864,0.05079846289123229,0.009858521046462102,33.88038460292785,39.22962717668301,2.3152632763203576,4.604826518800993,4.721369606982903,0.07785771128013222,5.481540727888126,12.324902779181603,2.001703562167439,0.29870172905306847,0.515921088661813,0.11591505293210715,0.21076773118496236,0.3577761324915122,0.05795440914107684,0.16700257253745726,0.41291298209709276,0.06770418138011218,0.242311865919533,0.31559418865591204,0.0409491969729971,3.2978057861328125,10.41259765625,1.997577978992136,0.6452843094842432,0.7681946812608696,0.06491076949382611,0.0600442924859967,0.10028926485651722,0.01757752579073246,4.524077607859726,34.9000075738037,7.846254523478901,2.366412213740458,14.65648854961832,3.3137509209905316,0.04058073383112145,0.11767350068557186,0.025259750434407903,33.969465648854964,52.76335877862595,9.884066624212657,0.030060734493175974,0.08025636335247628,0.016183463354399446,33.83254255924122,39.737520686024034,2.648103754438765,4.632626689067682,4.73351978877157,0.06290895136295552,5.287024242507577,12.181902102111906,1.9399487948586105,0.33417407130196725,0.811859694682419,0.14720948280175183,0.8938507018077537,-0.03547234224889878,0.6354806026282028,-0.29593860602060607,1.1196741980839775,0.01200203846780952,0.6904756084791132,-0.03642281800735868,1.0382081932890892,0.012058284799286556,Train6.csv,Normal
6.794444444444444,0.13662679804323488,0.2383348629139814,0.03936302959524604,0.15023154721029422,0.24402622314565794,0.03563167858869454,0.17668425632651336,0.2526888759331904,0.031086803930819536,6.43310546875,26.62353515625,5.732936413627415,0.5295374148578642,0.7069759035265648,0.10992454841642739,0.22033749840455583,0.41329168270095645,0.08745514293113522,9.197528113681454,49.006813823565814,11.699624006007022,1.2980437284234752,22.094361334867664,3.8050793763807276,0.050396090120190244,0.12679460825870825,0.03204077572296468,17.367088607594937,55.530494821634065,13.821115492469373,0.057141142055795936,0.08261067603122334,0.014094738795329128,29.829778651854767,38.26346790022605,4.034544848353646,5.749942805921385,5.890021870725228,0.08547137005309413,6.904069296420376,16.176673179131193,3.2247175557583754,0.4521344143392017,1.2973584916927667,0.25103117949086645,0.14121501518062318,0.2977995962287177,0.05095487182568504,0.14120755525692164,0.25506272773938643,0.03667796539868021,0.17233767809009715,0.23312540666558573,0.026192939498296697,6.42852783203125,23.095703125,5.87789053871413,0.5294725991158578,0.7530989423885123,0.09763126968505681,0.21454540734315086,0.36180202971247427,0.06675445027344241,8.20733645345776,65.30137360129491,12.990955790622454,3.240506329113924,22.536248561565017,6.825651955522575,0.05413720346140742,0.12950342324383796,0.02977252031299395,18.471806674338318,54.94131185270426,14.40949627059931,0.057428537246391034,0.09504838564781079,0.014977079795245655,29.653963296527674,38.6555817841295,3.5590895954678015,5.7430653652681976,5.8431270001126885,0.06988765192815592,6.805914747386079,13.478107480391383,2.977934832607399,0.46283550366804954,1.2483790676397881,0.2574058528095073,0.9768792795260537,-0.010701089328847835,1.0392344154779412,0.048979424052978615,1.142314436121563,0.05148965298848218,0.9790830551319681,-0.002708814985129704,1.0839182157942566,0.01956346926760466,Train7.csv,Normal
4.844444444444444,0.36309257660131156,0.620650177039404,0.11265983570451633,0.1873704365198049,0.3055583794731069,0.059922040128262834,0.22338883522350067,0.2809469573886687,0.030094473163737787,4.154205322265625,11.3525390625,2.494349422206307,0.3480249035472045,0.5147097487670489,0.0646645602734566,0.17161178003529837,0.41038504473126414,0.06527294524645617,6.485335458193366,35.459652611077225,8.959681568413412,1.2193548387096775,19.612903225806452,3.3518038382075854,0.038328755115661146,0.08231843682673244,0.0194852798344728,16.78709677419355,30.761290322580646,5.98341099005931,0.05870073466917065,0.11725078541184196,0.0246993048034281,25.760503359176383,29.878381779404524,1.9636061836607916,5.376156144778869,5.553374410602285,0.12130023155629324,6.171357461563385,12.448494164941298,2.4718294769619944,0.35372314250038644,0.6322991207841863,0.13749473891797948,0.3908523165015225,0.5749724361367852,0.09803582589124789,0.20983831887430282,0.33561499768693903,0.05430578985549117,0.23009575101068724,0.3211122562662594,0.03861123257842098,4.4429779052734375,12.6953125,2.294381025935538,0.3228597343454952,0.4378225509105801,0.05742959020342327,0.17717845392932616,0.40172358910949274,0.06862856114556008,6.267299137236812,27.943588281800817,7.434163018832961,1.2967741935483872,9.90967741935484,1.900752904113893,0.03851090900780385,0.08428814416903689,0.0166669820286243,13.748387096774191,21.677419354838708,3.9276230324082064,0.05412860071756008,0.13372918765679484,0.0236330547561,25.004633208459925,30.185074155715856,2.3131658095634147,5.349951528522013,5.536555244246204,0.11225198605528261,6.390296946575524,10.449420281392312,2.165494147317932,0.36591821052168017,0.7161849629664907,0.11250819697527288,0.9666726917728958,-0.01219506802129372,0.88287125895842,-0.08388584218230444,1.0215607318938145,0.008661455621771397,0.9766312529673744,-0.0019697073423044498,0.8749181977058992,-0.04016529887759068,Train8.csv,Normal
2.0388888888888888,0.21432819011800236,0.45894727612739705,0.07935959444786114,0.17838167576232355,0.3297361912653516,0.0690950418507708,0.24378817331410746,0.33706445327436035,0.03763141272504056,2.51617431640625,5.517578125,1.3132233712458379,0.6549713070337828,0.7950146302801225,0.08380906260761099,0.057284361625777824,0.09040933984421999,0.018012287345851866,4.259748485318148,17.590976041551432,5.601164366103488,2.4980842911877392,13.241379310344827,3.5605395112609783,0.02955324786993607,0.06988090918901484,0.015879341944144844,32.934865900383144,55.417624521072796,10.27993839165728,0.02279339294121977,0.04321509743795691,0.009619468826771336,33.745492546633216,40.0730099050336,2.9038485741794178,4.5943836939131035,4.735431761631643,0.08333904325637871,5.066897321737969,9.350881899212984,1.7226323518228042,0.2649049121010775,0.4380907259988502,0.09631047708931831,0.20623344780276853,0.3733173339245553,0.06702588621257732,0.1701852583980228,0.32432958250239036,0.06865995663581913,0.24604496468447873,0.3429899072560858,0.043486435277221853,3.16925048828125,10.58349609375,1.8934300506084498,0.6625244043998382,0.7790577151425736,0.07464727904694758,0.06060925554306246,0.12253904823453873,0.022713024805445972,4.878737352867484,29.307123255927472,7.537577187611703,1.793103448275862,8.827586206896552,1.9981641873212659,0.037156444902275765,0.06787524962963216,0.015446240102227136,32.79693486590038,58.360153256704976,9.533897481414654,0.027402950883683948,0.052776598511502154,0.011917815273721436,33.374245326714956,39.44279390184463,2.638723241207028,4.591755107366108,4.740951558918098,0.07451126865177014,5.360909106992405,10.517267736001026,1.7640915639894506,0.3102120341454949,0.6093494581102588,0.11773178771357753,0.8539478875370919,-0.04530712204441739,0.7189482479208698,-0.17125873211140857,0.7378002392623209,-0.03212970839031874,1.029549188264906,0.002005659559382672,0.9827241127534826,-0.005925453981725448,Train9.csv,Normal
3.216666666666667,0.320650475857363,0.5087371729785609,0.09794815755003117,0.1414327923857409,0.2554143904690961,0.048510349936865024,0.21912415183072909,0.44610342420778115,0.05702907579018028,2.0603179931640625,8.7646484375,1.7485047235612876,0.4640497705714282,0.7011002628678609,0.0875507988097116,0.08780273691216964,0.20275145732126876,0.03875747851472757,3.0364679654086704,34.70808842390328,8.55261499252386,2.8834951456310676,27.339805825242717,5.375651968298178,0.02763983759593827,0.06731462451051981,0.013334312225109135,25.553398058252426,59.961165048543684,15.123907747026848,0.06906940677025145,0.23748651218888298,0.05534635987332901,29.177086340925406,35.20123281510855,3.0948531579185268,4.990840527690312,5.146495262307399,0.12525802532419084,4.511689607926741,10.436137938521306,1.739001402043744,0.23154708355903172,0.4856724129487204,0.08451492495581012,0.33409415189198644,0.587965961380022,0.09736478817324476,0.14430530800998417,0.29176509180640026,0.04894146987938856,0.2173602707622021,0.3326957116669889,0.05082041828957258,1.8642425537109375,4.150390625,0.8520540296115547,0.45867747124181324,0.6501380876677767,0.08575273447646088,0.0773506516267512,0.1324513902447831,0.02555144943762811,1.5602881143608014,16.491300315147882,3.548052798534492,4.233009708737864,39.14563106796116,8.601306163373682,0.029430700949113535,0.057191434781497116,0.012454251817549972,26.893203883495143,59.33980582524271,14.048795295685043,0.06289595091157016,0.1963174557262873,0.050040730139823526,29.30662384775485,38.086766714644796,3.1314940730397764,4.9673426981183155,5.127076197179697,0.15516768424808874,4.412466304869167,8.357758776735835,1.4143219412699837,0.22357225289967897,0.3810057138855571,0.06085875905516066,1.0356700329323119,0.007974830659352755,1.2747116223561161,0.10466669906316328,1.5307612507184938,0.07030006707648565,1.1770053258970254,0.010123189729022694,1.3408751818040632,0.11340771254079224,Train10.csv,Normal
0.0,0.19745990289594634,0.2242995942098812,0.018780122793200946,0.12904201915464006,0.18174033641023554,0.0359105942195768,0.194203941012009,0.21624270985078478,0.012249806303701897,0.336456298828125,0.57373046875,0.1568596836179769,0.47624238139540676,0.5941711506434559,0.09879879196375538,0.12997853403678633,0.16311863585778594,0.01476683655930075,13.99389149284716,46.95987216042165,11.236676217875491,0.2008,5.312,0.9287689917304518,0.0016558278208413353,0.0051082977225294715,0.0015655759000187443,8.591999999999999,55.236,15.94833746821279,0.15408101929358278,0.27332986550997035,0.07919190096493617,25.265862873097433,30.23264168799549,4.269433496068967,8.13438652486635,8.37960385135743,0.23819936976522302,3.5275120741270465,8.335417220572946,1.8147993881437736,0.07136734885179821,0.12818766201386614,0.028803160488314702,0.19303322165887132,0.220013336786604,0.018288594713565483,0.13342451351209955,0.20070341570836642,0.04205579554739655,0.19517194234495183,0.21295390940896,0.010950457733526962,0.3719329833984375,0.57373046875,0.16717908046480645,0.4694631324472808,0.5919649503537889,0.11021644386065427,0.13091967245007774,0.1736090765659972,0.01746460458588546,12.483212351465498,68.02166371636986,11.35477806197132,0.35840000000000005,5.7472,1.1709289303796366,0.0018931069847316542,0.004930667767470915,0.0018818064666837563,11.201999999999998,55.236,17.196748936935723,0.16260064172979083,0.30442971432834237,0.08908332031643447,24.926396278397576,29.98125686957185,4.757298224703935,8.118266147491166,8.38109851790842,0.26921377359106946,4.529583665787008,8.842973413998912,2.0374617955683716,0.05590059566354382,0.13494965524067606,0.024020626022442315,1.27668313240637,0.015466753188254391,0.9498924679381899,-0.006761993226809926,0.9395743479817561,-0.010490440708211257,1.0360253270774196,0.00017762995505855687,1.0154437147245097,0.0032888004418247796,Train11.csv,Normal
5.411111111111111,0.31110570390901654,0.4336913743108188,0.0641473178483013,0.1470643023161997,0.25611707606854917,0.0494088628881283,0.22882758308901208,0.3032616969415119,0.03480742843199302,4.1835784912109375,15.17333984375,3.3483961738380006,0.42544932749732123,0.5635740104292487,0.07711383645820462,0.1895028853867905,0.27867510904091986,0.04184267044362688,3.8371294361928534,22.98874405453155,5.713522907038812,2.653179190751445,40.323699421965316,7.605018909016732,0.037515962317473034,0.08713374970973108,0.018300750470292407,18.433526011560694,52.16184971098266,11.069771646162007,0.032407436597798,0.07456873790867727,0.013386905918945483,27.194907563537548,33.18012571773518,2.4548711250869313,5.480256684193372,5.7274782102763035,0.1098999925925661,5.495260214662225,10.539361115691495,2.1460920064474855,0.38049864868875094,0.8673975234833895,0.2018708427693586,0.3008506542722366,0.40079127566202144,0.06367516179966097,0.1603961881825734,0.26122106285321756,0.05000055703765743,0.20829481224305946,0.30170694767085204,0.040979639685106796,4.390716552734375,12.40234375,3.4676838633356546,0.3992370770556555,0.5849259988464172,0.09336109799205469,0.20988000207148047,0.40839193565953313,0.07500962830019585,4.187815646703571,40.95141090500683,7.771119174753189,2.774566473988439,19.052023121387283,5.34419244881153,0.059460956553849226,0.2982088007142191,0.07355835087356107,17.12138728323699,48.64739884393063,9.20729960409306,0.035023519826641085,0.05981938343904074,0.013560889300901487,27.022573815955404,33.39079450525278,3.0391993907886192,5.4357747562161265,5.6696954774047645,0.19300793403837774,5.345413366287119,9.645466992761826,1.9994934741310795,0.46368367298571345,1.8432592450055834,0.4438731275500906,0.8205996243475125,-0.0831850242969625,0.47057814865872755,-0.9758617215221939,0.6823717219305552,-0.12971682661861328,0.2921904021908565,-0.21107505100448803,1.0051531735596715,0.0015547492706598498,Train12.csv,Side II
0.0,0.19684868540295636,0.24619531926929822,0.020224025002706852,0.12880354637257624,0.1887827574249981,0.03685183043942358,0.19628458022549009,0.21466260381309202,0.009941306164267154,0.3246307373046875,0.59814453125,0.15282755150490912,0.4722938327609284,0.5910788956682281,0.10233881773197966,0.13309145404669426,0.1672056402719818,0.01477478693021302,22.264751700300636,157.69426504564558,35.93239666199719,1.4328,14.4,3.65702313911192,0.0016958351775927514,0.005368092748638155,0.0016449047234269449,3.0855,38.34,7.082868963209752,0.15542121149768456,0.2854833374263985,0.08124585983689245,25.109136703901015,30.119901881610115,4.398273091992398,8.13327214950556,8.37896915491672,0.24760403385265453,3.566612000445893,9.172484504581153,2.036683250902129,0.07099926062282821,0.12653057496354092,0.02896797733076983,0.19157869653485474,0.22929856344092028,0.02113172348848226,0.13267306400049977,0.19510365692185266,0.042075813572654976,0.19407819842884227,0.21651728405917775,0.012722195062409144,0.3444671630859375,0.67138671875,0.17762526566449827,0.47464232813502194,0.5959125115288295,0.10763231988442154,0.13121634078044422,0.17854465163678299,0.019000020244733067,13.220414502946777,92.48194636119048,16.157232221085543,0.9232000000000001,10.9824,2.300494555524964,0.0018951213765926206,0.0067835482937354885,0.001880996805342063,10.34175,53.736,16.88699531999402,0.15954952750009085,0.3126502634796621,0.08814999148278738,25.09555246380518,30.317053030823157,4.724507701863347,8.113316708702179,8.381313429216942,0.27551156263212,4.673078530975254,13.210651430242294,2.703406484892119,0.05459590626055201,0.1352153957366146,0.023968499012794513,1.3004502385864436,0.016403354362276204,0.9357704671015329,-0.00868482077307367,0.9364920080363964,-0.0113390113648012,0.7913398305508758,-0.001415455545097334,0.9914340268695924,-0.0018546802460857326,Train13.csv,Normal
6.111111111111111,0.28471277462214734,0.45336943782813705,0.06665963444499738,0.16064446593491605,0.28548726500693644,0.05039838758807705,0.24137320013424446,0.3382058899257458,0.04931230307644816,3.9150238037109375,10.8154296875,2.2907508003836203,0.3386590356933493,0.4939187338602808,0.06934909290808795,0.28035463544217104,0.45376118417123523,0.07882921740336964,3.1635139371740686,19.79915037235312,4.5099754197823705,0.5524296675191817,2.455242966751918,0.5996665325730064,0.04318860070023294,0.14244597177450813,0.03003737919353596,10.45524296675192,18.005115089514067,3.3051553731218033,0.04541797781951457,0.10075906588835119,0.015530988811526274,24.280662599077367,30.948806151793068,2.5597628387823366,5.542066023077101,5.7561579939638445,0.1174091572025695,5.534732024725521,9.952010143872807,1.8774959121969543,0.39373462014951044,0.9147806281018374,0.19381902048907723,0.30497523542572247,0.5394486894083902,0.0635350912646166,0.1581127546190811,0.3076347949684644,0.045937203595538816,0.25359631984943204,0.3499746883399701,0.04025593365086095,4.4757843017578125,21.2158203125,4.734807516962401,0.3509299572964372,0.5558640828833653,0.0778668871983902,0.2518947809283063,0.4040509715317418,0.06748294635558709,4.466621056244412,33.41285489906233,8.398949473335662,1.319693094629156,24.87979539641944,4.282023490344922,0.037707536804366726,0.1364985981186257,0.02704681497480479,11.907928388746804,25.207161125319693,5.4861236769450965,0.043641673766032923,0.09559293360907178,0.014406423378412227,24.553312312386605,31.221185858065244,2.7570310368068247,5.572689251621614,5.731311515094246,0.12186536388487043,5.769006045187853,11.387141891421352,2.209851983439327,0.39917852467135745,1.1792014617582671,0.26349967085674364,0.9863622284974092,-0.0054439045218470095,0.7757627996509403,-0.26442083365642977,1.1230295557216812,0.049710212639493434,1.0435709428102906,0.0059473736558824375,0.9663724269991653,-0.01176879841422429,Train14.csv,Normal
5.966666666666667,0.2677323724080537,0.5025986250133618,0.0734613137466744,0.14533360237874315,0.23783575158781117,0.04324834967251173,0.2094894772307367,0.3303601697031176,0.03915633480079182,5.3066253662109375,24.86572265625,5.239727068908204,0.4436372716408644,0.628896651911043,0.0825051869979563,0.17124099803877796,0.3223431800638073,0.06383295983014625,6.02378302430691,40.71649501408056,9.921610453354782,4.356020942408377,27.643979057591626,8.779641082084234,0.04455080336069477,0.11855280856067012,0.030063014230167034,21.277486910994767,61.4869109947644,14.712664181655468,0.03594636396209103,0.07337402304639604,0.011897240771763197,29.631560218038565,35.606544120153664,3.4988459347294265,5.621768807350797,5.778340796779537,0.09183551458135183,6.2910721971466,12.1637719327359,2.5723185165296205,0.4364506209278285,1.28254508647527,0.2789423199703183,0.26657252012774624,0.41210160949221425,0.06786283346548033,0.15613730411765944,0.23902012126828362,0.04515727108093502,0.19992367181985082,0.29824575941992704,0.04160624983507389,4.3392181396484375,11.6455078125,2.2825210088653183,0.4089096790027258,0.5551905373307926,0.07148050347799081,0.21407080479228238,0.3664086831239033,0.07088788973407259,3.245887723092605,19.479670162985794,4.185429309492196,4.167539267015707,29.4869109947644,8.773419515646848,0.04647584472141271,0.08804733653441045,0.019477271084755374,21.020942408376968,60.81675392670157,14.844665955943526,0.032481598440058865,0.05206048156708527,0.008621494617589633,28.333546226937173,35.86394371415342,3.549502669980629,5.565747493007925,5.724314656577844,0.09079525312731507,5.761050634083006,9.680846421971246,1.7179374045605496,0.4067073739972358,0.8931087193963931,0.16489188934589405,1.0731318086641406,0.029743246930592715,1.4360458667406488,0.38943636707887697,0.8797367366839073,-0.04406550306009599,1.3464667062117306,0.030505472026259667,1.10767767239331,0.032114410283190564,Train15.csv,Normal
0.8666666666666667,0.16574401502872166,0.30403848639629794,0.04563281088589529,0.137712894509709,0.254356463618793,0.04904553669714497,0.2281857002254067,0.36079929539779554,0.05288305604402424,1.7627716064453125,3.50341796875,0.8156239362448026,0.5902075237979187,0.7518575338139571,0.09466496884360487,0.10119904843335956,0.20668517413828377,0.037960426614107166,1.6606912232886346,13.838661145368505,3.158537382759623,7.963963963963964,42.666666666666664,10.343723422242954,0.028569857743644185,0.0819599976500957,0.016951736047855184,42.5945945945946,63.42342342342342,18.056463488500437,0.062466238449071274,0.12880224661993112,0.0271193599927834,34.87005091157816,39.46854916155207,2.7754597414660163,3.841877631244353,3.931905312090831,0.04915830927039572,4.1851421832175415,8.245321188685029,1.2620220930362323,0.23269256430933763,0.45404739877224326,0.09128265107652778,0.1708153882787266,0.3566297594310484,0.052088781133657426,0.14600070373539709,0.34256342541534346,0.061968609596466294,0.21770449049836765,0.35606766681978264,0.052854430226008824,1.970672607421875,4.72412109375,1.0964560136262984,0.5828811221211928,0.7413131102237781,0.08328329890914953,0.10043645693599555,0.19896859281231308,0.035150069089507845,2.781238668434067,17.620672261481896,4.641288326317869,7.531531531531532,40.36036036036036,8.810423912358667,0.02940679134384477,0.06942460236710668,0.015043551493116019,42.55855855855856,63.42342342342342,18.79268050375443,0.0653360704214257,0.15404958438962266,0.032391252526391606,34.7467727045121,43.9640650204356,3.5659507205121157,3.83974546617958,3.920776793990316,0.05399303281005339,4.744900963811461,8.472095418116242,1.4121033688054991,0.2257313617120429,0.4932556369476795,0.09996500147809727,1.0308384334088962,0.006961202597294741,0.9205113207857644,-0.03920823817543623,1.0387829062774085,0.007716581325970695,1.1805612661076907,0.012535395282989026,1.0132885628369035,0.004731628578012903,Train16.csv,Normal
5.283333333333333,0.31385395338537747,0.470350792957072,0.05999904760160298,0.17576698208147656,0.22750421264440548,0.03095769811722572,0.22271836234816542,0.3299087709571307,0.03439777952779951,5.6941986083984375,15.0634765625,3.0160508478600105,0.36898831773619134,0.4531198705332525,0.047601957702433834,0.2164475898178381,0.35159469198356424,0.054642836405401025,4.832517719095193,24.996185859393663,5.122920674999034,0.7159763313609467,4.165680473372781,0.8168038421239984,0.04299467105269962,0.12059422327040223,0.02203152398683476,13.763313609467454,27.644970414201183,4.289822483574735,0.043187551747783395,0.06549307148690527,0.010627401917866288,26.664969253510016,30.247710750285222,1.8538431538356732,5.522659500064231,5.626159879106456,0.054820282598351866,6.403973842065833,11.23519976877041,1.8331037415840705,0.48627428320918065,1.0049980253228672,0.2125108984475741,0.3286182757140883,0.5226952380753056,0.08057090611220408,0.19136048715756623,0.3211567724557985,0.052844264312771276,0.21425076637826604,0.27859565821479854,0.02600777309489782,6.1084747314453125,13.56201171875,2.707308010880401,0.3465514143410196,0.4861053967703246,0.06307558311507412,0.23101892419465833,0.4163522297298314,0.07093606967287358,5.2441977786678535,36.62001862157231,6.858196895567995,0.8579881656804734,4.923076923076923,1.1331167826308655,0.052484991540436704,0.13542706704448831,0.024927085750362395,12.319526627218934,20.071005917159763,3.1538628062217877,0.03966204928635726,0.07808052214008517,0.010824814096028229,25.862394197492147,33.33563956815235,2.478546695370343,5.480744439947092,5.6272464530565,0.0998529766301956,6.148035121957028,12.926425742505767,1.8130150465667243,0.537821870998409,0.8432639276048173,0.1733244166156547,0.9041549043037417,-0.0515475877892283,1.1917953457177275,0.16173409771804992,0.8444645327521063,-0.06475753774626714,0.8904735590287354,-0.014832843774086085,1.1841848932138943,0.05131311274233219,Train17.csv,Normal
5.711111111111111,0.3309526430935057,0.522975152801612,0.07297295779104931,0.15980633570930142,0.25131412464752423,0.04154733204019758,0.23210956860127085,0.31328298288759393,0.04264879414357664,3.3721923828125,9.21630859375,1.920533045123183,0.39478515018162486,0.5183236104764971,0.05860346490025558,0.1872546531605483,0.3204836866246858,0.060069598636887406,2.201520307688891,11.145897752147816,2.5666068390093737,2.2982216142270864,23.46374829001368,4.982305537788279,0.04232681170318438,0.13069273004679824,0.02627810432446039,19.600547195622436,33.96990424076607,9.576961444615815,0.028360946020479033,0.04593334124985838,0.007433077987199563,26.870236175429376,31.329305293783946,2.3322010873098282,5.508406817932116,5.698770741871849,0.09656102949939546,5.516034309313536,10.815798496614203,1.810577559809734,0.33600968764123595,0.8339500956224178,0.15863382255947595,0.31832451900741,0.48107202133298477,0.062047227586793846,0.15720027547916016,0.28316088982842186,0.04845917346484281,0.22740422855036038,0.3152457540363417,0.03642726446112455,3.340911865234375,8.21533203125,1.8439700489851758,0.4000668371695487,0.5394150297017204,0.06008986803857379,0.1941604873207702,0.41385176079985936,0.072823422364676,1.6637035125409683,5.201573837624089,1.6562755366685562,3.2120383036935705,24.864569083447332,6.308800086231636,0.04445396791320281,0.10905804549100498,0.024923589271036793,22.177838577291382,33.26949384404925,9.82269488584817,0.031458934992489015,0.06728574738164451,0.010624420070265364,26.67448686185611,30.603659136775185,2.237252207740083,5.493106310808615,5.668912424179284,0.10551310466911462,5.426963857361861,8.333592250001702,1.309302225850662,0.340620126803761,0.8551175777139393,0.17311819194716396,0.9864645692189357,-0.004610439162525071,0.9752461139632326,-0.021167482091521417,0.774392466594532,-0.09336807417517357,1.198377691989721,0.02163468455579326,0.9937738348022433,-0.001962771148747766,Train18.csv,Normal
0.18333333333333332,0.19789863477410657,0.22065956710171397,0.01588733727295458,0.11766402041613752,0.18857876666592374,0.03460345402828567,0.19781512116919903,0.22203382713845254,0.011880438402058323,0.2956390380859375,0.5859375,0.18043437417235195,0.48899409973757924,0.58632132107726,0.08968710679936928,0.14667179311302048,0.2697909992713907,0.04168607992529174,9.882578699165585,38.65263319242629,9.138319872417906,1.1563999999999999,24.256,4.4978258036522485,0.0013123778008179393,0.004623557679067489,0.0013216202407330961,6.703875,53.364,12.454514582446599,0.12678583830181606,0.2628223160848466,0.07301147479111007,25.933148920946238,29.95825140646469,3.7996064140371533,8.190364762886949,8.386362672373664,0.21303872043130498,3.156803434569219,8.79767059588187,1.7656602181899528,0.07011061133673938,0.12240134558202963,0.029934468263753396,0.1943910515442786,0.22316607701315708,0.019376320769576533,0.12128764932436294,0.19766633113756685,0.037645231406254476,0.19635247546240592,0.2151246618055487,0.011463036463795429,0.3368377685546875,0.59814453125,0.18502461503944398,0.472308003170294,0.5828430180242903,0.10018205123200748,0.1489176602726494,0.31718981786271727,0.04819315521681803,11.569137598563948,41.14981109296898,10.3240449820957,0.8895999999999998,12.3392,2.8359908603519863,0.0017305490668561678,0.006694038677025633,0.00175712979326658,7.549499999999999,43.956,12.06121775568288,0.14087934347272732,0.2830697836981907,0.08662924502317924,25.227646690413216,29.935542134154847,4.336099289736471,8.134714532884697,8.38030759260972,0.25393179959426926,4.293889180463185,10.579249258753597,2.174114355618082,0.05277866728417594,0.13031204543731958,0.0263197429678975,1.3283891696403392,0.017331944052563435,0.9392941706345236,-0.007910699855289957,0.8505663903044718,-0.04739881859132655,0.6906976806450418,-0.0020704809979581436,1.0321170257412515,0.006909165332903838,Train19.csv,Normal
3.566666666666667,0.32004200515277825,0.5384469547753825,0.08279321257720688,0.14686142264323288,0.303363380665737,0.05469667560463223,0.23255955791555744,0.30343928631604095,0.03710563213449883,3.2215118408203125,11.81640625,2.7977136164756184,0.4681371366321144,0.6419828221594949,0.09842915195397797,0.13847845574416703,0.46598331680656563,0.08373388161484317,3.938804952223263,28.6085583049407,6.842947598351376,4.06140350877193,26.105263157894736,6.384416382520691,0.044991140523620354,0.22439342970664902,0.04887836533281031,17.166666666666668,46.315789473684205,8.414356804349445,0.03325045358395998,0.08150262955867658,0.017558801088020177,27.77856259208685,33.48502045602614,3.225523845675505,5.0819417593716665,5.24949419866179,0.16231839398847428,4.947368011564638,13.25911489851753,2.0306157969345753,0.3404335272555842,1.0449172973532543,0.2455660716833583,0.31030901932023014,0.4542597974510301,0.06232793194816588,0.1308073241059127,0.22944839197565411,0.03361764887090052,0.2445403588686385,0.34069030329024647,0.044440873625303294,2.7484893798828125,12.63427734375,2.731233067862052,0.4917397376607976,0.6372942448772654,0.07871832309282702,0.12498139712082246,0.323592529324301,0.06250917031860893,1.4911890936440229,7.765832687223078,2.265687114701469,4.114035087719298,26.94736842105263,6.370758596662795,0.037432816787486695,0.2887097077285441,0.04968421597545501,18.114035087719298,51.368421052631575,10.108182905435495,0.0316828764710987,0.06017397752589566,0.013506313635416142,28.422725402842545,32.86675461766394,2.2837155815963537,5.134870569889956,5.257999078983117,0.11251772065280141,4.8983615231809985,10.475976179591731,1.5301910811937809,0.2936339240985153,1.2675811520674052,0.23026394342903803,1.1593807736669643,0.04679960315706888,0.8243395658137318,-0.22266385471415084,1.4400311290855883,0.14239078748226464,0.7772285549206531,-0.06431627802189507,0.8906601758103746,-0.03725101697420552,Train20.csv,Normal
6.038888888888889,0.2839711911792362,0.6731778844904283,0.11385207076514768,0.15274915776784087,0.35403826164533764,0.05789290981133755,0.21166132285016875,0.2830243471234387,0.035843569816153234,3.1650543212890625,5.84716796875,1.3048976482499521,0.411465084358028,0.6182178428881158,0.09420161653828416,0.20701071371001648,0.3460568398382074,0.07054417821445394,2.061233173399114,12.511203565149849,3.2827153266925424,2.6856403622250973,19.3738680465718,5.633167729601338,0.048205436298953803,0.12127674697858655,0.024707017999117332,24.119016817593796,36.09831824062096,10.44231284477097,0.03648370424907939,0.05287882980265006,0.009809985545912281,27.21637583340784,34.220720774474835,3.0785218920447215,5.53680713946318,5.779655855026816,0.11282767998912689,5.297948953169794,10.100002904352673,1.9072188769596738,0.3258265920277484,0.6064167108102838,0.10070959850867299,0.2553565922909285,0.41364144883687254,0.06126367117481075,0.14042069688783504,0.20120856592730785,0.03580751526353958,0.2180255092051086,0.31069663512988094,0.03477359311689591,3.314208984375,14.97802734375,2.346351292587592,0.41149333666307103,0.5495726185741465,0.07544511634598976,0.2310537892940597,0.4155104566232046,0.07391057338310787,1.8538158174579584,29.75534898585952,5.1772134481293035,5.335058214747736,24.341526520051747,8.733105603279993,0.050427740359421255,0.15556867128829424,0.026106910799184174,21.588615782664945,35.76714100905563,11.111704814457024,0.038469837987301435,0.06935288113507061,0.013283388056800688,26.998787486700657,31.267448468464906,2.731688571840278,5.550927599689553,5.758780337198747,0.12865076825587027,5.111922252075553,11.94263886181149,1.912373005403125,0.3374475783273885,0.7870466619076543,0.12343070686569509,0.9655620961252606,-0.01162098629964009,0.7704965148698381,-0.18062995109737046,0.8328474855186929,-0.06945361678499723,0.7795704957476327,-0.03429192430970769,0.9109347003201078,-0.027672288006442225,Train21.csv,Normal
1.8777777777777778,0.23604873391995468,0.449825406348436,0.07179347495112501,0.18192565049976284,0.33206649812480254,0.05782190062699059,0.2375299669973746,0.3792296899282346,0.048588309173415396,2.79693603515625,10.31494140625,2.0401879736064195,0.5937587783463539,0.7427750267288217,0.08226903974817638,0.07144769616977614,0.13596020913763787,0.027664698282645898,13.214136271190611,81.13529503215453,19.91915695672934,2.0,13.333333333333334,2.8378395538390353,0.02506518309961987,0.10344705264429102,0.020063933728387294,34.88333333333333,54.93333333333333,12.982627280759125,0.030550432421114163,0.05663867237455622,0.010109913185863368,34.03460038374655,40.11707874741754,2.82529995810988,4.575723286433026,4.7238637187772685,0.0585747769629529,6.603617449688774,14.668546212240841,3.3245993120351507,0.23160123521954853,0.6217132693516751,0.11165496841926636,0.2434007775434186,0.4500520831806563,0.07239930027771234,0.18208261145672056,0.42374224812482186,0.0665910482304296,0.23251901048197304,0.37028116303233394,0.048555326746616646,2.28118896484375,4.99267578125,1.309811289019998,0.5831479474303061,0.7442173584428111,0.0756055271311701,0.0744640431961875,0.12417577140362102,0.020518438755349564,7.400757009830493,59.604095384891636,12.376411661101974,2.216666666666667,21.333333333333332,3.634671007578724,0.022964986526101988,0.07994134209568905,0.016082300322842247,33.33333333333333,62.93333333333333,13.68600258171343,0.03324587724782169,0.05249348728063046,0.009578212632847444,33.42361157458788,39.150563593300376,2.55125518907628,4.58794108088304,4.673636435002242,0.07629790576082293,6.428302340248182,13.245890421210316,2.4151711414178947,0.19839806221023037,0.41000479672114887,0.09339886781927813,1.1673563313676847,0.03320317300931816,1.5163560836537155,0.21170847263052628,1.094901255743453,0.011784437734016856,1.2940369605807829,0.02350571054860197,1.0241668406743996,0.008948526895900644,Train22.csv,Normal
0.0,0.20254479507270126,0.22381390596948209,0.01597615081419841,0.12252840588905506,0.193950684194171,0.039227754449057864,0.19652026535142453,0.21682831447514236,0.012471680484625687,0.305938720703125,0.64697265625,0.17322422254841147,0.49234868099338736,0.5883320195494829,0.10155740328867979,0.12840222146208385,0.17940360186761017,0.017726952869281085,11.642776430181087,38.189829899818434,9.372236496497267,1.7104000000000004,18.176000000000002,4.571704557383384,0.001289443840710264,0.003954747174883436,0.0014013583198226247,9.873000000000001,54.468,16.951655228914962,0.13879292590995052,0.2760512626973226,0.07973351128983365,26.034891478053147,30.288073519746273,4.349982708418824,8.180999668121029,8.384629698807522,0.24569553428158958,3.2694092898123777,7.037559050284175,1.7028321857118882,0.0702160502447643,0.127791351769881,0.03043140355193967,0.19686965136384646,0.22573123152722052,0.023495012216150885,0.1262301192964767,0.1950578749615756,0.040260307316813244,0.1944870808994149,0.22071662550596344,0.01558499661050379,0.33111572265625,0.5615234375,0.18365776690936894,0.48170936456927266,0.5947893169850591,0.1040421872826167,0.1292141351443844,0.16761850292060626,0.01622806659298775,12.299652507446975,51.744835827840475,11.028838858488383,1.2752,30.6048,5.485819041856922,0.0015770178868731335,0.004633864068903573,0.001628823270241777,11.858625,52.656000000000006,17.68826756947596,0.15056033279931608,0.2790869385811593,0.08831072589595813,25.502695169603278,30.145245117801874,4.611215834432159,8.14991731788517,8.380727360330454,0.26218864362330807,4.32159979680057,9.792410854661837,2.17940215125406,0.05296207766125079,0.12729387769428133,0.026183821761908168,1.3257797280554477,0.017253972583513508,1.003908067541837,0.0004974740755996632,1.070309051037623,0.011785098947003914,0.8534446118041964,-0.000679116894020137,0.9823832391226041,-0.0038883110308210733,Train23.csv,Normal
2.0388888888888888,0.1994809742184586,0.41681142018863676,0.07454423333458451,0.1500656180102089,0.278186268362609,0.04762204857066904,0.21356011378754158,0.34733781438410943,0.05160057768379376,1.11083984375,2.5390625,0.5758045124546267,0.5881652340063597,0.7721363475174468,0.09439082197508107,0.09613395768512306,0.2537864580460728,0.06322459825436051,0.8204931893658649,12.485914144206728,2.516269089498032,2.390804597701149,26.482758620689655,4.896161971309225,0.01900661884568054,0.041481640067756044,0.009676859648134637,20.873563218390803,52.47509578544061,13.383619447135084,0.06783221176220382,0.22948078798426122,0.05837668938482651,30.072544093808254,35.81559821595763,3.508203186529759,4.558289027606234,4.744735440231773,0.11052115246623573,3.7611118768222083,7.640304276959353,1.0978522830255906,0.16125728470928677,0.27243214116664316,0.05876993660000505,0.2203733388422598,0.3923746360905094,0.07426787487910785,0.14961087207876236,0.25930866261828067,0.045643321300258916,0.2238317538653083,0.3295846687351562,0.05686571098170002,1.294708251953125,4.4189453125,0.9929471594904067,0.5776666883363819,0.7966082642999628,0.09503387880783429,0.08875701749151985,0.3169623945217886,0.06054407743992652,1.1772406791827315,14.009235383888665,2.8641334120591972,2.574712643678161,20.597701149425287,4.112308924137544,0.021342263437322304,0.048009690716019904,0.01065690270706182,22.559386973180075,54.927203065134094,11.987770420553872,0.06000737725400624,0.15912310840812174,0.045517636612726425,30.333945014347243,35.355976980675194,2.8497292936242515,4.552968465690818,4.731813816732739,0.09232534183112161,4.244146864853628,9.730328320040076,1.497010890291414,0.15651636488204557,0.34504326383247685,0.0678331632388622,1.0302902434548862,0.004740919827241202,0.7895593652549996,-0.0726111226658337,0.800683177663033,-0.06317593647571579,0.8640263785304505,-0.00652805064826386,1.0538652015071548,0.01775314564895325,Train24.csv,Normal
0.0,0.196713613750016,0.21971986876627278,0.017849214474570288,0.12934604021692353,0.1900486651518575,0.03664600741545021,0.19410340096973547,0.2174291636863401,0.010643220311712656,0.333404541015625,0.68359375,0.17510914794094995,0.4788047345968164,0.5848064584885045,0.09796775548714921,0.1302863478148261,0.1724218250870434,0.015423124031756377,13.72677732766053,90.27592005038662,15.428369001307324,1.044,15.3856,3.1652043219988184,0.0016612934143974754,0.005607406163530909,0.0016584266974938753,2.69625,39.263999999999996,6.748744841635368,0.15304204071612793,0.3014349127688056,0.07888508681267706,25.33208383545996,29.996170822490303,4.280719450082381,8.144573734174635,8.382540495796622,0.23824742342465943,3.3805794839498895,8.598158979169687,1.7526176143315326,0.07064840454221508,0.129273325455236,0.030160770574190296,0.19176413596622724,0.22613850439636818,0.02146602925728702,0.13604249961461848,0.23669514899692867,0.04412860554758487,0.1937149738081807,0.22055829574625868,0.01503275255612656,0.3482818603515625,0.5615234375,0.1731717106904766,0.47019492451047395,0.5959563997332643,0.10894486875636812,0.1301822729583484,0.17400278806634478,0.018930599622913883,11.600803902555668,41.774363389486346,8.475448550083446,1.2028,11.0464,3.0404049993380817,0.0019884085495471444,0.0060108633160794326,0.0018987548169596663,8.87475,46.932,14.418145110849037,0.16322887031409183,0.30232149101044603,0.0877879851587482,24.918583331002687,30.36519279181991,4.742649404328308,8.093440072408479,8.38026461763016,0.2786203843428462,4.2737649195324625,10.419108575836677,2.07458182212912,0.05425546187933197,0.13577621362825426,0.025717336310435754,1.3021436145396488,0.016392942662883103,0.9521058295017083,-0.006502888173018251,0.9909141457571776,-0.0015809629793013813,0.9328785127507788,-0.0004034571525485236,0.9858126712706777,-0.003129132059918577,Train25.csv,Normal
4.85,0.3995660945484793,0.5515975769880821,0.07551095350082872,0.1849795773598998,0.30944428996563905,0.04840578956217597,0.22295984936846613,0.29488577928940085,0.03294439201755352,7.294464111328125,13.2568359375,3.0174600669148663,0.40258812657323606,0.573932987926788,0.09713224241059638,0.12310945113973976,0.3342218237340193,0.07440066243819751,1.9059275771039974,5.103654169382317,1.4568700193330166,0.7149758454106279,3.0917874396135265,0.5760845652518138,0.09111715539930086,0.23909441421898364,0.05160278698645147,16.2512077294686,23.085346215780998,3.0267378641831857,0.036994320575706854,0.05981750144360476,0.011886921632710377,27.53012183596314,32.91685836954773,3.5579915185912396,5.387394114858778,5.563360144581483,0.1338630570846672,4.749229709189016,6.734100151235882,0.8990299525051685,0.8329576981097856,1.8911143607509062,0.38714963752835435,0.4206327330074535,0.5591530735805159,0.06785696875885719,0.19184494316106587,0.27981106104763526,0.04722205981528843,0.2244057961894212,0.31799589444255505,0.043699533556921084,8.082199096679688,14.3310546875,2.791164721515141,0.3907099978844255,0.5326591123494215,0.07063409823898445,0.1138879854420701,0.2800038830404246,0.061925924999583916,1.795592657020888,8.046991525197502,1.8874233191882475,0.9597423510466988,6.183574879227053,1.2298352659669005,0.10500019359765264,0.27411189083007514,0.057142909487549166,16.67632850241546,24.940418679549115,3.40032566066127,0.036487805587104044,0.05983984099724267,0.012517509685651237,27.19319350096613,31.50739686220742,2.412837395855376,5.396674869636843,5.558161094068611,0.08902869454600339,4.836107727376841,7.603076205020042,1.0680601562648826,0.9463596083568483,1.9508586055464914,0.3926521933348761,0.880170381189312,-0.1134019102470627,0.9693754095785816,-0.059744244795585155,1.1936328129140064,0.0542179406935947,0.872251154894078,-0.0350174766110915,0.9273257407269617,-0.023110115153154198,Train26.csv,Side II
0.0,0.19465377090255379,0.22076902361029188,0.0182140405045531,0.1333349219498927,0.19828292117937318,0.038867252301652555,0.19142993876595357,0.21215485825167718,0.010680403447512322,0.335693359375,0.54931640625,0.1477819825781647,0.4623114271531801,0.5920615923160234,0.09891998395219465,0.13093249587214312,0.16378200446114852,0.015356793749671988,11.686367207711228,25.456607265782985,6.237973106239228,0.6504000000000001,16.563200000000002,2.935524212129752,0.001850104607367461,0.004945437234440886,0.0016129142471158647,5.652374999999999,57.684000000000005,12.981961768522314,0.16607401050853907,0.28739310508774096,0.08061722872144982,24.646695943972666,30.184335349708167,4.283499636469134,8.097668685693835,8.381414223641226,0.2521384232076055,3.4070829656373,8.001867101698858,1.715430784295128,0.07164475609953885,0.12731798999693061,0.02875539383282155,0.19257032086086637,0.22186283540390933,0.02161466630958531,0.13459920782120305,0.20790253163432001,0.042489870394190214,0.19276437375518102,0.22224907490559875,0.01443902886939701,0.36163330078125,0.59814453125,0.16037705947062061,0.45968300863512856,0.5824741199826391,0.10920398233383305,0.1308462737039548,0.16855506333422945,0.017014512649648195,12.514543931056954,46.93898861791323,9.074288168715317,0.35520000000000007,9.8816,1.7214661658016983,0.0021710409468897714,0.006081245629711578,0.001926930765833675,7.3934999999999995,57.791999999999994,14.238611159449505,0.17052292912123285,0.3053632357979057,0.09076649994355393,24.495230058688055,29.913375908690202,4.7657863644424605,8.075589803512624,8.378931726163142,0.28399929001597884,4.446865257606646,7.811550585707457,2.008032174954772,0.05522323294760893,0.134940048345662,0.023733349494192924,1.2973661804650785,0.01642152315192992,0.9435152174192055,-0.007622058348731392,0.9716824890908268,-0.004773058873080938,0.8132275396098249,-0.0011358083952706915,0.9545815089993483,-0.010094216653921573,Train27.csv,Normal
5.3,0.3193009144529897,0.48361536809760974,0.06822098842656144,0.1630040278353564,0.23957138024596467,0.035961577404306895,0.2238322954360546,0.2971911385660478,0.03180194476153113,5.5187225341796875,10.55908203125,2.4273436074840817,0.3751809731467919,0.5156931499145604,0.06570534647527697,0.1943708028145164,0.3677948399556937,0.06865407621211658,4.813039642385812,52.3967695151211,8.984160798713514,0.5132743362831859,1.887905604719764,0.42539286975481666,0.05062529285147929,0.11890990325399914,0.029252934190236172,17.1740412979351,62.30088495575221,12.14186095549985,0.04468067182386994,0.07270207762838307,0.01293103805772681,27.442323039509933,34.45245271223125,2.8951835392095377,5.530820343802411,5.657653218165642,0.07351097659453745,6.005119763853239,14.550551755639704,2.0842756097887825,0.5249110450849871,1.0106127964809326,0.2383845343990796,0.3499876453039288,0.5817137762946001,0.08505759836502201,0.1909433559315325,0.3275331392100695,0.055003252123529765,0.22775418761575644,0.3036299684308789,0.03441127385266065,7.279205322265625,16.83349609375,3.474992061847558,0.34577413625568243,0.4905505862301173,0.06909021651010216,0.2124146558467257,0.3474348932201297,0.07215547362419267,7.250570239495378,38.888463061551676,9.919388766874125,0.7787610619469026,2.265486725663717,0.5871318137875978,0.06864820665213228,0.2736131874953092,0.04657265086263728,13.014749262536872,23.03244837758112,3.767228445887457,0.03695479094973602,0.06682415005373,0.011593915666393466,26.009287884778203,33.64229228351454,3.1566392845895566,5.477027611025357,5.636261141016106,0.11034248633705186,6.598044517270097,12.102631709233222,2.142499256891369,0.6248761033739696,1.34335471039029,0.24363016122011052,0.8400241926531465,-0.0999650582889825,0.7523052458981664,-0.3327419139093575,1.0586007510306785,0.02035994673556396,0.43459127064716657,-0.15470328424131008,0.9787938230310399,-0.00643882986483113,Train28.csv,Normal
2.1055555555555556,0.23380393417119136,0.4437749494028037,0.08788549451102275,0.18107095590810884,0.32328322870496196,0.06826158130277898,0.2572374888578712,0.3881848176440014,0.05963334608774335,2.7233123779296875,5.9326171875,1.4162732888792484,0.6423470519066928,0.7655673805107956,0.09899262843246528,0.059873021290003714,0.16809387623793517,0.024877365102485956,6.029801142784479,29.428097402956993,8.150023655018115,1.7249070631970258,23.79182156133829,4.178412202749973,0.031078199035693328,0.06942138313516069,0.0168661975167326,30.691449814126393,53.29368029739777,8.456143561063689,0.024068869060393343,0.06492558322924019,0.010722006484734165,32.35180774584856,37.22155567359159,3.2381277924503378,4.589081921089064,4.7220278679680305,0.09096201803980385,5.5199832549293655,12.792134029495479,2.4133004582902253,0.26861900273435857,0.4761189914092888,0.09824238772576063,0.22027653282873322,0.4737339626464757,0.07786098476256603,0.1896840631533876,0.3779281318885275,0.05743366630864734,0.25587744965947284,0.3805675520372207,0.04347088769181325,2.8076171875,5.4443359375,1.1595515142494155,0.6600472353302074,0.8426270275334447,0.08102299822154332,0.056988342380383514,0.12007827593163126,0.020303514285135823,4.336944338812725,25.34322392595066,5.6152823914968115,2.9888475836431225,24.74349442379182,5.087827464509708,0.03456293237149027,0.11592117953598158,0.018474064978452782,32.0,49.48698884758364,8.118904639168026,0.02154142351746751,0.042208551774064886,0.00843853632874049,32.77340326285767,37.997473378031216,2.9536450280659614,4.574471395537293,4.7155936917910015,0.11601258484747083,5.409297356898449,8.75498683760258,1.4786896148742987,0.28191967427911807,0.5264638978231059,0.09256726115067751,0.9528210560983691,-0.013300671544759501,0.9043715864917584,-0.05034490641381706,1.3998691564640162,0.04801560030630392,0.5988671165543601,-0.046499796400820886,1.0200155387551806,0.007617265606780721,Train29.csv,Normal
5.155555555555556,0.3205487946690069,0.5122695875984161,0.07946269544930648,0.15010239095929073,0.2664809592420736,0.05080247991525864,0.21335773464571928,0.34688598794732894,0.04209017948791112,3.908538818359375,10.65673828125,2.6563731990671746,0.39716313709035234,0.5447721947568859,0.06333359084740144,0.18836654000280634,0.32175881733828887,0.05828400873474777,4.829857251501305,19.5731100868225,6.124273495980849,1.8181818181818183,17.26060606060606,3.922106590875985,0.03754036085144011,0.07586731284117905,0.018376094187873598,20.86060606060606,61.67272727272727,14.943006508938247,0.04512546962892973,0.11859144527225915,0.02081299758471159,26.932043084552305,32.825164160186084,2.8384648974881834,5.407289714873081,5.600383277223704,0.10721260633511273,5.6638808225447885,12.372230094969396,2.1503382160870563,0.34650772973740795,0.6960779113337632,0.1593059346491341,0.3361212931195232,0.5374403692942705,0.06858592428823398,0.1586550877419161,0.32360500525236785,0.059357699505876015,0.21112368314398688,0.2841136016081507,0.04308995496054908,4.1286468505859375,16.05224609375,3.8852301751541414,0.3786680271306464,0.5594941143783061,0.08003258616601895,0.19475211240237117,0.4375726738996625,0.07105488962852473,3.9874511464852858,23.0042593406571,5.579450347349706,3.1090909090909093,28.509090909090908,7.400332556496372,0.05238508231820036,0.37348511298251236,0.07300551514492629,18.612121212121213,55.07878787878788,11.379847830226838,0.04544316700203392,0.10518525473634772,0.023730307952083706,25.983329355823457,33.00273829183947,2.8599224606177884,5.366326731208761,5.647109495939656,0.188479795974864,5.50253420022188,10.036471709956253,2.1758002940128858,0.4223600804871279,1.7391746925227611,0.4525806132354151,0.8204083314818857,-0.07585235074971997,0.4002346135360515,-1.043096781188998,0.7353265772641532,-0.11581385656137361,0.2031334315635706,-0.2976178001413333,1.2209411473541936,0.06277238633917825,Train30.csv,Side II
3.727777777777778,0.43260835605812814,0.6148508763879299,0.08457496599252282,0.21414106231070557,0.3247730275120437,0.05768354069547186,0.24645688970592766,0.35403844976770765,0.03506244531721559,4.3697357177734375,11.07177734375,2.7238224704408975,0.4016232471918167,0.5214807018242864,0.07158666578994319,0.09965702480481939,0.30753445871148194,0.05683906580605627,5.115429136935604,32.37865409000262,7.223534013123352,1.2578616352201257,4.0251572327044025,1.123439378852104,0.05353572835922587,0.17910974510769895,0.03879549637291059,16.142557651991613,23.07756813417191,3.1287592703589033,0.029929880569800803,0.0690851202490729,0.013180044294416245,26.45378650595193,32.08429695078871,2.541066440578821,5.078140934079856,5.271394625262832,0.11435042114459903,5.5795392317452865,11.99097056055765,2.136137529793732,0.41702128894701596,0.9247964941223764,0.21835133339260943,0.46747043230133045,0.6067162753003781,0.06822358517669569,0.22093198942654738,0.33067018324927994,0.05396654939774494,0.26119078978103016,0.3680965626064469,0.047513830148321744,4.75616455078125,14.94140625,3.0254292587217124,0.37356637313230423,0.4714065145352086,0.05234001616302079,0.10095177514136254,0.2930107558612081,0.056277688302808736,4.771238611073638,28.240944032272235,7.055300449507743,0.7966457023060797,4.0251572327044025,0.7692520679960079,0.06227110271665542,0.15275398390260753,0.0320632241450028,16.561844863731658,23.88259958071279,2.845610595177084,0.02731397179354262,0.052154830927447375,0.009623050918892501,25.47383191683845,28.971320949077345,1.9535591671690866,5.023940008242197,5.165198122109201,0.07665702253145473,5.577878370735892,11.012861017485442,2.1755904349062534,0.45276491480808234,0.955630643826691,0.194584495718517,0.9210547778480755,-0.035743625861066386,0.9677342382527859,-0.03083414970431464,1.0495671285445445,0.014523702850273823,1.1725373005613913,0.02635576120509142,0.961808625158018,-0.014058112838739256,Train31.csv,Normal
0.7944444444444444,0.15502802404273744,0.34569069724804363,0.06876353176206741,0.14888434118287644,0.3126150050399002,0.06047422029298907,0.23678312291562476,0.3792917354564949,0.0623876461775523,1.86614990234375,4.8828125,1.0152806560275445,0.5929982201123116,0.7691274770982948,0.09686498599943212,0.10292494627669935,0.20295660757965442,0.039439017737464034,1.9553832529495732,13.3554307985222,3.048630063754959,5.742574257425743,39.28712871287129,7.321378830628179,0.03255390597904442,0.07848851699009507,0.01885880998423174,41.98019801980198,63.366336633663366,17.662478333137233,0.0617587542010575,0.19304292468765955,0.03376402481292959,34.90636585313591,43.4859623057831,4.330772783684088,3.730221387062268,3.8694075859863735,0.07208057267601341,4.277356870681803,6.814422548261167,1.000835117601698,0.23314669667641122,0.5624406836282151,0.10304550182507198,0.1708261601363814,0.44246849841944447,0.07725946291312756,0.1265174378115029,0.3088007335183834,0.06154864199661851,0.23728746232595835,0.3883354549996592,0.0542879410507184,1.69219970703125,4.7119140625,0.9001120738443069,0.5670113886762922,0.7103129470082884,0.09816211842953285,0.10928064887510473,0.2277342033997158,0.044205037998362263,1.7817879574365771,14.442297937149394,3.393742564409967,9.06930693069307,46.89108910891089,11.880594044553712,0.030553230407824542,0.08913728694086279,0.018202463391835535,42.45544554455446,63.366336633663366,19.422583285853914,0.06039649662649381,0.14024112538050187,0.027682552201558117,34.30057639894275,45.27971804858647,4.721309572026423,3.727213137057655,3.839783013703387,0.07246822153975886,4.306472100987733,7.9668047054990305,1.1682247912477655,0.21127065642379875,0.4689494980033858,0.08862249524121835,1.1035450900724477,0.021876040252612472,1.1993630120589045,0.09349118562482928,0.8911994933507129,-0.024777595820061393,0.8805351699971786,-0.010648769950767717,0.9767115765417715,-0.009043719543164297,Train32.csv,Normal
6.311111111111111,0.223819396517621,0.3960299936063075,0.062193855063565784,0.14192351242071805,0.2227350795926135,0.038095194112335376,0.1928309800794155,0.2606404030210062,0.034317576554188996,2.732086181640625,6.01806640625,1.3472895105970417,0.41337056021510415,0.5508420917653032,0.06436308915180992,0.24697711504994552,0.38266621356481334,0.06637237932585335,1.66693690875758,14.430755177192626,3.8857680771861562,5.064356435643564,31.04950495049505,9.236937936826225,0.044198390557278665,0.11525243340306583,0.024256359545969886,21.198019801980198,34.53465346534654,10.963964108373798,0.045198921881424124,0.07903444171717888,0.013959912969556645,26.667270323320118,31.224832675917494,2.744012293267407,5.579648750786738,5.7290696639802245,0.10408133173713176,4.714365197813521,11.05053899350509,1.7203733136767845,0.31606497496780517,0.7342431274673012,0.1274640697571248,0.2212074472775586,0.35131639069282206,0.05016638713009409,0.143329996824038,0.22942617909030613,0.03863148961156777,0.19077102312408967,0.27092306970952235,0.03835801908749006,3.168487548828125,10.7421875,1.8582672735865156,0.4213628471636253,0.5535046165764197,0.06739960180397428,0.25873965641948077,0.47986597370556633,0.07353147186195821,1.5641668807771145,12.315473256990805,2.9186541954890357,4.826732673267326,28.99009900990099,8.705576097574909,0.0541182981956798,0.13437049527610573,0.03279897872779346,19.08910891089109,34.21782178217822,10.751946452361981,0.039034346632487574,0.06893617864833343,0.010955810818522463,26.61277031480587,33.738449245386384,2.7012091843595796,5.5716273017092695,5.812045509515736,0.1587895174298178,4.90327564577475,8.64811140135458,1.422730443071999,0.3535501761935682,0.8208905136375817,0.15419571319387043,0.8939748735997947,-0.03748520122576304,0.894447084446414,-0.08664738617028045,0.7974439400493183,-0.09719976014075299,0.8577212751097092,-0.019118061873039896,0.9620458026642515,-0.010282666688516129,Train33.csv,Normal
2.066666666666667,0.21509875906706466,0.4448424025423843,0.0770282580718222,0.1859454924509293,0.3221887507600659,0.05658446303453208,0.2464418888129003,0.3647888136314379,0.04506408599391442,2.814483642578125,6.8115234375,1.9609127648662894,0.6396504428925386,0.807152504081739,0.0813801918257565,0.06063647328213445,0.15822150719624742,0.031887056485672825,6.7768537813668335,41.76483407322347,10.081339652335728,2.1818181818181817,10.181818181818182,2.487064791355538,0.031242429569750273,0.0898016881731365,0.021408357178389726,31.09090909090909,53.333333333333336,8.482034165297096,0.031243256141676928,0.10258813365171765,0.018202960138141714,32.841512670701775,39.44955892270276,2.4690715115384934,4.603723040732495,4.77238802121591,0.07974549088007092,5.854022317415085,17.957675294177324,3.1078868869388256,0.26097221081864347,0.5749950740437352,0.14081376051966843,0.2263369137290567,0.37754592697496814,0.06636303521034873,0.1722942797762922,0.2651256522241229,0.05012661404881769,0.25214752868699886,0.36939064956231815,0.03809406340478775,2.6287078857421875,5.89599609375,1.3457096573590823,0.6339366567738748,0.7595858890457684,0.07921884675870747,0.06415763038128466,0.12555869103940687,0.028772152097490497,4.375597157039836,37.878238738468625,8.242754920097786,2.3636363636363638,28.12121212121212,4.878317312145634,0.03573090620214678,0.1236952858739758,0.021934571557078772,29.500000000000004,51.87878787878788,7.333192460455085,0.02970626105249312,0.08282447722502052,0.018994952744924576,32.42905419120716,39.225917328903385,2.8690071529294614,4.609313094435237,4.754608440382228,0.08310002030993927,5.309995783072676,13.09761313331049,2.29413661768247,0.2770412719393222,0.5088017291873738,0.10888615005762581,0.9419975877594302,-0.01606906112067874,1.1300965384531707,0.06619334485636141,1.2601398168960638,0.03266281615684055,0.7259911872360097,-0.0338935977008393,0.9875420860710065,-0.00460183593088026,Train34.csv,Normal
2.061111111111111,0.2094233110748879,0.38065725363538505,0.06866102765027907,0.16194398483138467,0.3383328539093264,0.06027209388208333,0.26530174382035404,0.3981589721302286,0.0452592531468174,2.58636474609375,5.77392578125,1.2861113651488856,0.6616016912811306,0.7852868100672747,0.06718960109056342,0.05468871695805624,0.08706880144973575,0.013624497826464974,3.9928587792493255,25.61504143108518,6.657540446306095,2.8181818181818183,15.515151515151516,3.7368686527390405,0.0320804719752984,0.08701208873089361,0.018066200002818042,32.92424242424242,57.696969696969695,9.111378470399195,0.02388377427191286,0.055301599759906755,0.00872803956135724,33.630032974731066,39.590569901763466,3.026221133036881,4.602907048945038,4.73186382400902,0.06942911639562774,5.084390169161843,9.20907067920298,1.807306071591946,0.2773777725088924,0.5139123766990007,0.09832600403986964,0.21544081396886805,0.4339181607133015,0.08144294730932776,0.16139378680763422,0.2900112571146548,0.050784637583205186,0.2557347274152774,0.3930250030337242,0.04267738749870677,2.9964447021484375,7.9833984375,1.6733792535918033,0.6411493309317637,0.8007578140121264,0.08832569229118406,0.061665751346323745,0.14046146228275258,0.028556620471215148,4.221850437095291,24.81805509971294,6.242402809940807,1.9242424242424243,16.484848484848484,2.955400031810535,0.03713104301933986,0.14596757093328028,0.026806494240257984,32.90909090909091,54.78787878787879,9.240586006962227,0.028277400806706317,0.07870903929024312,0.015001319927289158,33.50998066593319,40.05894327896139,3.225574748667128,4.621035544213397,4.745304084626862,0.079502990501821,5.318718165865111,11.245979006912727,1.8732093903392126,0.30799871731032086,0.6515907121400626,0.13292050706466685,0.9005809310849902,-0.030620944801428462,0.7887042683932985,-0.1376783354410619,0.6198767933555127,-0.05339266083301683,0.5961056115303858,-0.058955482202386666,1.0130627009574786,0.0051339690965044316,Train35.csv,Normal
1.1777777777777778,0.14310449066902947,0.2233452239608237,0.04105852538569098,0.11873192755778558,0.296185889639221,0.05517118754570842,0.2388927417061616,0.3799667388866996,0.05079053404010304,1.7810821533203125,4.13818359375,0.848813173724809,0.6724813223106975,0.8054611829199424,0.06504521917479629,0.07772617032663759,0.14345224120555164,0.02620647544591458,2.021681602423004,24.390021061122102,4.9300841859059545,5.5364238410596025,27.125827814569536,7.205249318105809,0.030035303067121686,0.11053796457363468,0.020685332788181517,44.34437086092715,63.57615894039735,11.244650887816734,0.03296058496539955,0.05479865796932543,0.011661213877024547,36.653119773061924,47.23927192065665,3.127531732392045,4.103201327000942,4.2011186787280685,0.07522138280437426,4.268950136129658,8.62169664199452,1.1012481836991435,0.2280817143549983,0.43291366785691743,0.09302618010273318,0.1405519823679594,0.23640908511263709,0.03988543882017867,0.12947754644774032,0.2958822236583246,0.05329556052805014,0.25996165875444227,0.41499614608291036,0.06779881302043395,1.739501953125,3.90625,0.9341918673350387,0.6892500760250304,0.8189506843865229,0.07062070551455327,0.07197229453609279,0.1733920026732692,0.03195714827800148,2.205514068448841,22.387396837293558,4.78975340114387,6.331125827814569,29.66887417218543,7.1708858808099984,0.02591086352930189,0.06133233988728902,0.012592416691015846,45.88079470198676,61.88079470198676,9.17092060994961,0.02893159069865623,0.049115499495535904,0.011180005095197525,36.92800212584871,44.83891379077251,2.7790898131028823,4.105008830228282,4.2123093802439335,0.07430902751351756,4.354403014573898,8.132528367550602,1.1597738437155165,0.20881078474189763,0.44157681503363455,0.08511587686340814,1.0922889521469483,0.019270929613100674,0.9803813337517763,-0.008663147176717123,0.8273290472833195,-0.02993976146771757,1.80227858540034,0.049205624686345664,0.9155910038142777,-0.03502940719621078,Train36.csv,Normal
4.1722222222222225,0.4007825170711413,0.5875598830407084,0.09567796211332678,0.16859201847214894,0.29242719473519696,0.056714639989334265,0.2625660874788187,0.395559557255235,0.04565812603721238,3.1444549560546875,9.1552734375,2.3293826882724957,0.40195837304911175,0.577744848708848,0.0842550658484997,0.1276655558119246,0.3332770213118317,0.06668200559217642,2.059977741201404,14.973182747603012,3.630885904809404,3.977528089887641,43.146067415730336,8.467239595168623,0.043417200837794316,0.10116119677128581,0.023558959513260678,20.322097378277157,54.41198501872659,12.338856810700486,0.03149795184119314,0.06295523075990433,0.009833308116027695,26.54298815014399,33.732331599842894,2.8962936860757504,5.1775035779808025,5.425017206487955,0.12577680512555933,4.760778104656659,8.39023585709388,1.4014597944726206,0.3381040793354505,0.8724976247738749,0.18851327908303014,0.3904514434969302,0.5579149292843374,0.07843274679492176,0.14441244996376396,0.2733938308800072,0.04691630507986896,0.2627828892203421,0.36148306557344145,0.05012228054825103,2.3250579833984375,5.810546875,1.1966120395829667,0.43384032489514535,0.6082810005506452,0.07765342898798186,0.10509476118854671,0.17523657029629158,0.027460500315964077,1.8752668639838022,24.36770932922622,4.5784967034405115,4.823970037453184,31.16104868913858,8.604990972061248,0.03273384500504453,0.09249387484399067,0.01891419732160325,25.99250936329588,54.651685393258425,15.624936701186153,0.030639760576867084,0.05631805744614012,0.009159855787044723,27.701094803986987,32.2362818502342,2.3307439145388615,5.230128387010817,5.387338371869941,0.0885125014963334,4.648892851397726,8.677752134487616,1.459845998656874,0.2634261522994495,0.5588010790005181,0.10897278907051719,1.283487137099523,0.07467792703600101,1.5613742635806396,0.3136965457733568,1.9018691066964777,0.1580404510155401,1.0937069708476084,0.008667321927295135,1.0942685670031802,0.03407649168179355,Train37.csv,Normal
0.0,0.19978378211661704,0.22505871081833476,0.017858509889841893,0.12100510129169514,0.1871657896930592,0.03797247284626845,0.1990925407877432,0.21693647458188534,0.009363419552736509,0.3192901611328125,0.5859375,0.16923116676159847,0.49260663804200217,0.5939672030850335,0.10264810985558327,0.12769999478713398,0.16667793773129844,0.013916172556513187,12.629076413283526,48.51573821547093,10.457920625658788,0.95,17.1648,3.1949395737634854,0.0014702294957146679,0.005559489072766582,0.001718052781097512,7.166625,59.711999999999996,16.153648058855776,0.14136418065811246,0.28426549224218983,0.08387116937328835,25.965456456653435,30.139972599676277,4.45858490119238,8.17731598805588,8.379768533649838,0.24846065833069617,3.4173992559279167,10.572000936833561,2.1575928960640027,0.07086170534687927,0.12705613871955193,0.029154900826548702,0.19508551345661784,0.223827445520137,0.024258688823833533,0.1251038736888516,0.19048834014415783,0.03998882081217231,0.19558324899220358,0.22315235138876893,0.015551230910178765,0.310516357421875,0.5859375,0.1821349171114485,0.48955087108975726,0.6002079699692168,0.097550698461127,0.1292960016562698,0.16393587796581627,0.015623045854287143,15.217747093920066,138.3330109945594,24.72790569937258,1.1932,17.881600000000002,3.6145154253371223,0.0015678363087707919,0.006023584030500002,0.001747275081136624,13.443000000000001,55.727999999999994,18.254561210831664,0.1463963535107568,0.28944293266658355,0.08376545865379537,25.775232563512024,30.183265895915586,4.350859905972753,8.162985923104603,8.378551509609878,0.24925973068578994,4.387750582755545,23.237414740705805,3.7906374235318996,0.051946869327958924,0.13523412897273823,0.026517099855121642,1.364118856429739,0.01891483601892035,0.9395271648153103,-0.008177990253186301,1.016726410245154,0.002742059765482169,0.9229535309315793,-0.0004640949577334203,0.9721451387792027,-0.006215876806883597,Train38.csv,Normal
2.3722222222222222,0.20805042208664984,0.45811830076777244,0.08655841025693378,0.12700741773671734,0.3281059415329005,0.0640340247471448,0.2360091096829898,0.3777903939900873,0.04398796923129219,0.8922576904296875,2.28271484375,0.3876015885567619,0.61129068339727,0.7393780502571878,0.07475856304703432,0.07194826225000604,0.13136490177111396,0.02533067025350704,1.1594825889001208,16.432784799365912,3.5508321161750893,6.297029702970297,37.5973597359736,8.895995372938755,0.011827128162744461,0.023033954051479504,0.0052634045829819814,41.650165016501646,61.254125412541256,15.821455859367598,0.03659797729087702,0.08346479537171868,0.018307378683276036,34.77277431148478,41.85916192801201,4.143449498806897,4.795766044316505,4.89414595683466,0.09504821308820299,3.735499759815635,7.2970615336120375,1.0234466324639966,0.13594185323241453,0.21030490113314151,0.03725049277127728,0.2202929188213918,0.5073781746336794,0.09420330742289909,0.11944551307823906,0.24201216105740717,0.040818001339785366,0.239566610618203,0.39031435753866933,0.052177338950293764,0.88653564453125,1.611328125,0.2913230130255281,0.5879598693311661,0.7346893467993084,0.08374658700767537,0.08104894995217042,0.1721373968516837,0.03453152892691619,0.7195198602304951,11.430878500915332,2.441738137117713,6.600660066006601,32.95049504950495,8.599157942729603,0.013072820563281656,0.0394960636939154,0.007128580133730945,36.79207920792079,61.67656765676568,15.406607998529994,0.03785738278829157,0.07154590947454513,0.018513940768616784,33.80113556805638,42.39630544777338,4.595369859464153,4.773479544753618,4.907477719312302,0.09160282702206789,3.675769250683447,4.813926858731456,0.42748661678812977,0.13064221293985476,0.2271303099125461,0.041458636904572306,1.0405660554328913,0.005299640292559776,0.9259217771868282,-0.016825408779404583,0.763139813954316,-0.04077249508056974,0.5831961799229081,-0.0164621096424359,0.9679131339275563,-0.01252396354858204,Train39.csv,Normal
4.016666666666667,0.2674221666031616,0.4513679110063126,0.06592287356779129,0.14741881798524187,0.2754982592823906,0.04564539669624215,0.2388113486801305,0.36222086504231615,0.04130284901760974,2.9247283935546875,9.63134765625,2.1624495286418686,0.4923322016321614,0.6861056780692592,0.12686535832658574,0.17735229890432702,0.5424612694960699,0.12277437931528831,1.4827577246851567,14.782339746774863,2.734750305731666,3.8988326848249026,23.15953307392996,5.9865706877960445,0.04882338988225425,0.25811038479671167,0.0597196588072704,19.976653696498055,45.32295719844358,10.897917881416646,0.025921402837637244,0.06473824069025073,0.010610183375495246,28.018466744991958,33.538626945026046,4.080714487384784,5.169491426864518,5.396613849550996,0.19099934637984828,4.8193215581714135,10.808531248756392,1.5489946250797826,0.3310387043233086,1.1767673286274818,0.23329454012434642,0.2708126271976114,0.4031765602897623,0.06347109295100875,0.14094319411355233,0.20343591053907717,0.03462287019218408,0.23284058960688042,0.2918610687461686,0.026790920073775065,2.5787353515625,5.77392578125,1.1880630739298847,0.52394881826968,0.7146961311810203,0.09742543943320277,0.14072442287779136,0.3761505901438865,0.07388241807247273,1.1695312698924978,9.990663214231132,2.1376473068192676,4.319066147859923,31.875486381322958,7.118708679450269,0.036573393560252104,0.10303600035560376,0.019816993711959344,21.377431906614788,48.809338521400775,11.981178495135431,0.02693797610787332,0.048527271839692264,0.009725018064758426,29.08471886632264,34.83715099636782,2.986112351929676,5.219629425892205,5.357347197190153,0.08964307131650014,5.036002339638042,10.679956312149542,1.6562865242081353,0.2768777579875422,0.4634341818960172,0.07475525144714898,1.1956132032194153,0.0541609463357664,2.539232909566186,0.7133331467314645,1.4421385537277158,0.16631067935218335,2.505050481393453,0.1550743844411079,1.2410729027935772,0.07035979629614758,Train40.csv,Normal
6.161111111111111,0.2344039916429882,0.4780055510652506,0.0844081079951326,0.12992177092526025,0.19049512618546482,0.03289739936415124,0.20819533310311356,0.3697437255863922,0.051139924896349914,5.6232452392578125,29.62646484375,6.060190629657962,0.46848529494475594,0.6010653457831858,0.09018379761663418,0.17412884964272962,0.34750818340833467,0.07974405467824533,5.873896228600661,51.681688563529306,12.110340401686805,2.49746192893401,24.527918781725887,5.969784863368292,0.06302593047319516,0.17380472166519642,0.04002485635079125,27.60913705583756,62.213197969543145,17.533673150344484,0.037579002514364676,0.06347553732856895,0.008902980381722023,30.085991054263367,38.35536333710593,4.2909460328351505,5.6343825906397855,5.768771871907222,0.09669485798955088,5.727163078556839,13.317364076005665,2.5112633332110534,0.47013434153503686,1.308024131578546,0.27328077484612906,0.2061217189200213,0.41686302958316335,0.06191951871718988,0.12386103808735793,0.2027710160689091,0.034203851496441236,0.17754497847204595,0.2292632906062432,0.0224312765996159,4.7115325927734375,15.8447265625,3.0898538985595105,0.4741527262977357,0.6072142633752008,0.06942781995569106,0.19593282861565256,0.3874547351401811,0.07427985192937886,3.890869873126925,21.315936216031744,5.98300207579071,3.6446700507614214,27.77664974619289,8.458108023187428,0.05450709030206498,0.13763829853177242,0.026686076882681094,20.96954314720812,63.512690355329944,14.136550948342803,0.03486818560423216,0.05699633045604629,0.009955817639537016,30.56680431839428,35.18199541702096,3.0000355495495095,5.648587927262829,5.7897177595032705,0.10919186507287455,6.032993710572259,11.956197266873337,2.2459968266248,0.4116960234271777,0.8320982194195173,0.13800116792585393,1.1419453034290739,0.058438318107859155,1.5719588138514249,0.4759259121590286,0.8969000788845854,-0.039946551731846414,1.26276423245897,0.036166423133424,1.6127471737665808,0.14048043498014898,Train41.csv,Normal
3.4444444444444446,0.3505896244313925,0.5476198107308986,0.08335514511868655,0.17918938954257901,0.30563263149732367,0.0500004055509887,0.21462177094177706,0.2755710577918587,0.03382398760829956,2.07061767578125,6.3232421875,1.3582576607459687,0.39718979103049973,0.6359874648837179,0.09968186206997764,0.15753192724383702,0.4637895947630701,0.09230570154602658,2.782280170965042,12.493052729860235,3.1594826597610526,1.4240362811791383,8.70748299319728,1.7450596581326816,0.029144828112793116,0.11902699842173835,0.026756436293894757,15.174603174603174,27.863945578231295,4.677449974438841,0.03938595198538776,0.06399491721803546,0.012066574933225811,26.82196409694071,32.635569106698576,3.320356071276628,5.026385103115192,5.227216198223569,0.17852900800925023,5.2283990235576265,10.165312000915364,1.7410806277795805,0.21999540163939246,0.691650110548335,0.1410330695388392,0.33406254251357675,0.4902083678696968,0.07618884387050309,0.16397063824455477,0.3254403132326239,0.054679892001209214,0.22967025468319105,0.30050628144337227,0.037939595858003584,2.109527587890625,9.85107421875,1.7711305420006767,0.43312998200690944,0.5851379497018234,0.092396951664337,0.14133860492941652,0.26805430948733183,0.049987175107660396,4.40248015961431,24.18367142944717,6.267473341493853,1.6417233560090703,11.900226757369614,2.699094789837807,0.025145406019532274,0.1660412015567442,0.028820127272109423,16.444444444444443,47.02040816326531,7.580113239998292,0.03721778867627176,0.08122282462330423,0.0121952355474444,28.001728548462587,31.82806819547486,2.9824893951625855,5.091474325133472,5.223538723629585,0.1393286079533171,5.957447275127026,12.04859651877692,2.4768857483901328,0.19886418741571407,0.8459509823319777,0.13815170138431057,1.1062595200876733,0.02113121422367839,0.8176006933925506,-0.1543008717836427,1.7302075609971905,0.19573528527573825,0.7168521824037087,-0.04701420313500586,0.9170226178009692,-0.02493522365151357,Train42.csv,Normal
4.855555555555555,0.30818980858647116,0.5906197812326393,0.09417054130131768,0.2021391361051808,0.35658767108404393,0.05946372531111014,0.22605708318298118,0.3240963157787799,0.047991009497048494,5.966949462890625,17.3828125,4.195251850559103,0.359047903709529,0.553336647281214,0.07909986760046088,0.2313124916467368,0.39629937212731464,0.07154414242978978,4.228311601343643,16.24917783495235,4.553874796713151,1.0305958132045088,12.573268921095009,2.1240027151587713,0.06356335951798564,0.20002613633798652,0.05021811986754155,12.006441223832528,21.642512077294686,3.2833818634870706,0.059147358909616934,0.09967905746065361,0.019602324058401194,25.028906891790097,31.641124325834145,2.7410312642416965,5.401584727524692,5.649271193377221,0.1105533379540552,5.96756602183706,10.677567477030717,1.9406861332273386,0.5630671967099491,1.629381462687211,0.4149441199603446,0.2778706368307594,0.41444071656012177,0.06070819736079102,0.1759300956742196,0.2603077098653924,0.037284295813547454,0.22802599558863934,0.3017890502597924,0.0343687992512943,5.28411865234375,13.80615234375,3.845288412207778,0.3557959480694783,0.5139934975139963,0.06367033176463978,0.25415281284991975,0.37230204662496136,0.07324089617057655,3.4170316135594163,32.20325256323117,5.642272829170201,0.5925925925925926,2.679549114331723,0.5398345079486496,0.07043369061539456,0.2339915308418781,0.06079954638064214,12.064412238325282,56.06441223832528,8.123583550807822,0.0658196850117071,0.11990550347360769,0.020779263393689552,25.05203217665556,32.85510502861099,2.8753202589867937,5.3931725165568505,5.540620294831173,0.09655399354622218,5.376999270846841,12.850005314771979,1.920802620405204,0.5620336035826944,1.5806611002973607,0.4331850727481965,1.0018390219353914,0.001033593127254706,1.0308227749451555,0.048720362389850225,1.0644566009116527,0.023997325502353284,0.8548434841358106,-0.03396539450389158,1.073916745573995,0.022307265518987485,Train43.csv,Side II
4.811111111111111,0.3205621921088616,0.4473638912730938,0.07047486583165516,0.1587106800529964,0.33259530095667617,0.055880522984178324,0.22955958302710205,0.3076360542980051,0.0435852758215432,4.2110443115234375,13.95263671875,3.802320601321284,0.4127444183507847,0.6829804084635201,0.10691910946421583,0.16708341267262256,0.2537758063350613,0.053439272383577936,4.373417017705019,22.418942347802304,6.595422955377832,4.688311688311689,41.97402597402598,11.025224455576135,0.03703684541064406,0.15140994156171556,0.034312049271836675,16.675324675324674,56.727272727272734,9.833699000188656,0.05627716208082273,0.10434616922344239,0.017564714119789313,27.386611638663915,36.72888640984466,4.112343945384669,5.398683303692057,5.4869908456023015,0.05862444159995277,5.239894149117606,9.381832442726392,1.8967872840879814,0.39120342431153404,1.3907173426111206,0.3019310927040017,0.32421538627821295,0.486124069871399,0.07283916345512628,0.16616235847475366,0.26382850040441413,0.051247409032063526,0.21478654395542715,0.30583801340336797,0.04580738378606236,3.856658935546875,15.6005859375,3.394162428933265,0.39641864240848035,0.6563728783068018,0.0971865361977653,0.17681825582992836,0.31930713463270494,0.06428101800659415,3.261592410016664,12.520179849054884,4.006535600596753,1.5389610389610389,28.467532467532468,4.896874616385618,0.04163081560875644,0.21792330338648622,0.04203493625596669,14.045454545454547,29.922077922077925,4.845352555777449,0.05867473433691753,0.11366001847341371,0.01975552946539862,26.58651240745626,35.42913593034283,3.8744154794804513,5.387331541815543,5.513548036389127,0.058379538663106315,5.367346477180047,10.309219921647038,1.7397423992853025,0.3746489378108614,1.4815287355937805,0.3218346962641656,1.0441866605927583,0.01655448650067265,0.9387042642240968,-0.09081139298265994,0.7947702322160958,-0.06553132829764363,0.6947854521019494,-0.06651336182477066,1.0058790595346518,0.001798040894637143,Train44.csv,Normal
6.533333333333333,0.1926243102214827,0.277572660312804,0.03754599434062651,0.15332823756021954,0.27656273911373663,0.04098674121389986,0.18705883803877565,0.24489543842891162,0.024093348775791057,4.1461944580078125,13.51318359375,3.0866589628983183,0.43996013881749996,0.5686090347652836,0.06889410555019503,0.257993903933553,0.4595096126697461,0.07619308117968132,3.7712728630293952,17.11424114454525,4.694293994768987,4.0047846889952154,31.38755980861244,8.146108310544918,0.05054992775796477,0.22804946991315972,0.04550490090939737,18.717703349282296,33.07177033492823,10.746373137503111,0.0454740103573367,0.06678289232938091,0.010148293242136518,27.242844078661257,33.92902160752298,3.1527606977067877,5.663046668272071,5.834098078947662,0.11505751528855604,5.871437538015091,10.586393254392997,1.994520046532199,0.37369258946384565,0.9872781766960104,0.22150433251009763,0.1842579280449585,0.2722018555877635,0.03266034471632716,0.15685719422206407,0.261007802967044,0.03892770914083349,0.17607575920321478,0.24037393249369934,0.02149218188867447,4.3354034423828125,14.892578125,3.421680763600638,0.43000143646439426,0.5320282904448247,0.0674360747951413,0.2771012239010647,0.4373261849295765,0.08163873279941518,3.4180168649234393,22.297730737027276,4.551230639692891,2.741626794258373,30.162679425837318,6.776023444159798,0.05413287517819431,0.2142338867488933,0.04475818775252374,15.827751196172247,33.22488038277512,10.187482685210277,0.04279860234911281,0.07761923671937122,0.012225259672945367,26.891278031375286,32.72793458076965,3.086641676792589,5.644138786497935,5.802369226611432,0.13418015670960567,6.028806260131933,9.722085175424903,1.5470295528162308,0.38986670990747985,1.0003139256422806,0.2513016077004818,0.9585137150951251,-0.0161741204436342,0.9869683410386707,-0.013035748946270242,1.0507251279568743,0.022183427740169626,1.064488313727751,0.013815583164266426,1.0188102963973453,0.004521505935212278,Train45.csv,Normal
4.805555555555555,0.33233192707756987,0.5067356218437238,0.06957256115713958,0.16657973983695,0.2909336145766222,0.052272960408702704,0.21458552223466698,0.27159590015756674,0.03472589490357835,4.7069549560546875,14.208984375,3.7993623159044647,0.3662616779527186,0.5392759226037275,0.06019466394720413,0.1744436949678228,0.31989233008926204,0.04828191368337098,4.987359439607422,26.169133916122544,7.170587244105413,2.0097560975609756,27.056910569105693,4.9615700746762,0.040270260229548036,0.12906486724191155,0.030167431559581223,19.707317073170728,63.68780487804878,14.437635617677572,0.05700275681009952,0.09591005543402911,0.014926265545267492,26.710793188209614,33.177234323919514,3.0221717908848866,5.4115463449367605,5.579491920566048,0.0646285269899303,5.568005848128907,12.09201467630719,2.0434477969335174,0.42093201894570037,1.1083548650705617,0.2819089090930321,0.32388349757198776,0.447728048247794,0.06340904243401736,0.16910933262782663,0.3003753359419008,0.0453473101424951,0.2278060830730033,0.31076494135350013,0.03827460919079847,4.3735504150390625,13.76953125,3.3697697623913676,0.35633427765214687,0.48924483473504116,0.05951064808055745,0.19500605286030026,0.35660720333947543,0.0668567034517886,3.380118230588572,19.058304292621873,3.9708526461326605,2.2439024390243905,46.62113821138212,8.03910595375257,0.041170486222141346,0.16070823252357616,0.03252442407517028,17.26829268292683,63.68780487804878,12.784813186435033,0.059029430027272456,0.0995088010405213,0.018542424480616132,26.118905649370255,33.91704736497279,3.357577636851864,5.39084382694101,5.5397005253236,0.0760059403128354,5.66691997763186,9.787609007041059,1.5600667187933839,0.40494746422250555,1.3737906534672266,0.3026177079105318,1.03947315416436,0.01598455472319482,0.806785853045707,-0.26543578839666493,0.897043935726934,-0.03671487325021339,0.803100528281132,-0.031643365281664615,0.8739592635536797,-0.039169041195933396,Train46.csv,Normal
7.294444444444444,0.15579912446743158,0.25368195341895566,0.03593538776733215,0.12164437093173489,0.22639852495312468,0.028543332372696708,0.18118665849144366,0.24248289146042337,0.025187554748096433,6.548309326171875,11.8896484375,2.366476219434646,0.5258707343323201,0.583490577479453,0.04191560433373676,0.19310467481329813,0.3622667728743536,0.07028659120743637,1.2898176470388067,6.14488398287175,1.0572214069426689,0.39442658092175775,0.9603429796355841,0.2242520356805491,0.06471597581483614,0.12267214643858658,0.024683491902363398,17.59485530546624,62.69667738478028,16.30001471529614,0.04682592587458757,0.2133161176342296,0.03966219379459152,32.05867067595844,35.27907328161828,1.9357738446052908,5.86985736047485,5.965632133588281,0.08084293959206473,5.084793480076691,9.047724586773574,1.1205195281599625,0.6939752215426158,1.1719955064484802,0.22428811123018935,0.15349756904995332,0.21037802309692205,0.03584867344713191,0.12711179456432642,0.2865279314645471,0.03722653950245744,0.18188862066822958,0.23359006058991208,0.028662266366367727,6.9438934326171875,17.71240234375,3.8559441323817554,0.5393341227233229,0.6363810102086231,0.05200815202667512,0.18479670401201068,0.3673189007366147,0.06863314222850879,2.431512922243538,13.617924710393904,3.6659477571141514,1.0589496248660235,15.914255091103966,2.803894575484942,0.06526112885321057,0.13271583033642742,0.030827609249456586,18.195069667738476,60.77599142550911,16.513418755440085,0.04713424881976946,0.16915369200499872,0.03426403082019123,32.283205173341415,35.93632506591282,2.073833272341082,5.868711426266037,5.979317897195402,0.06773821961189111,5.302054807958628,11.11022087089208,1.8131726550580687,0.678634825367151,1.170371451631101,0.2500299035090455,1.0226047862258774,0.015340396175464788,1.0013876396367394,0.0016240548173791503,0.9862459327892585,-0.005052127862261113,0.9243218778294758,-0.010043683897840841,1.0380702407028062,0.008892830870511292,Train47.csv,Normal
0.022222222222222223,0.1381924921811364,0.21437946973594885,0.04681789166831188,0.1854984167798041,0.4250645998876695,0.08597979312999711,0.14385803903175015,0.20698531775296908,0.03656446794206039,0.6053924560546875,1.52587890625,0.33769681607811286,0.32963993532187363,0.5727564345230428,0.1265738664503332,0.10172383735828969,0.149718052065011,0.02696639780017391,4.487815687300819,15.848377073461002,5.333581344869778,0.0272,0.1408,0.033062365311634916,0.009890573227218329,0.05271915745895036,0.012606704617520084,1.2326249999999999,4.608,1.2509756629826978,0.2471231370795474,0.5648025327659684,0.1199051762695981,18.018679799943563,29.397394856385688,6.016051068303677,7.590215178200248,8.37096380338449,0.5281708035517002,3.5609258032572235,7.22720990481187,1.374269982616031,0.1052729272353747,0.2806993232722291,0.050990496086492317,0.13505058036975337,0.21248148791863672,0.046594444531822904,0.1869290540137854,0.3390155132183278,0.06584988417453219,0.14392165996880052,0.20510628163949451,0.03590313115694258,0.7282257080078125,3.40576171875,0.5824670486198044,0.31479348985719335,0.5767009681689084,0.11878199128455141,0.10289443136329601,0.16240161170995188,0.029610510159469555,6.5144482567647835,40.41530584320347,9.720942696725771,0.048,0.2944,0.07297122720634484,0.014397377691964384,0.19104327618186798,0.033051470111823994,0.909375,4.26,0.9141819345048336,0.25164931977693683,0.6541226857057096,0.11104549108158707,17.384734764359674,29.682401472114126,5.674630626474526,7.512823305927419,8.372227520833844,0.5773202961026027,4.1813668671351305,8.427464834609918,1.5026572552890902,0.11192141047328782,0.8644103955422895,0.1402161573654958,0.940596851394249,-0.00664848323791313,0.3247292309243951,-0.5837110722700605,0.9219000326825963,-0.01268355964494089,0.27595400495963623,-0.1383241187229176,1.009161275263212,0.0018790361134745637,Train48.csv,Normal
0.0,0.19717371105230533,0.2228592922555849,0.01776967191375471,0.12829640068984927,0.18482244368890946,0.03623496772504367,0.19512246584459336,0.21163848750077424,0.011173911297513743,0.3162384033203125,0.5615234375,0.15817291580632342,0.47825073856413847,0.5866936217602026,0.09909104616196342,0.1295009275700394,0.16506285236984305,0.013988472894598427,12.860150349322868,46.3048473944792,10.18745630589096,0.41000000000000003,9.4336,1.6590093911729373,0.0016730286901568644,0.004897318767780454,0.0016234919587679482,7.015499999999999,51.36,15.055452924106932,0.153644378418559,0.27321071079330866,0.07938672502830516,25.33574530368547,29.929594425491434,4.282212295131653,8.135833321111818,8.379686124052483,0.24719554996120216,3.310195575280032,10.028687170442529,1.8879552711490388,0.07061842743483808,0.1288820301769113,0.029861781737223855,0.19194023350460204,0.2258986824642453,0.022127947524116873,0.13711700281781625,0.23081837465551444,0.0455632642424352,0.19346930264298193,0.2165385381346701,0.013383180995289406,0.351715087890625,0.62255859375,0.1790796213427839,0.46788137198137136,0.6104608234066159,0.1131026813845068,0.13214053588299207,0.17707010077287919,0.01875389625317416,11.79705457432765,33.14952028423986,8.112040136183222,1.0768,16.4736,3.4395873240840973,0.0020060767162987225,0.005459451900064609,0.0018939537213777705,11.4315,56.4,18.386701355871313,0.16458705517587863,0.29262945180302563,0.09155354532283203,24.82150863536075,30.423511972430568,4.879759027097612,8.094181496530464,8.377653965904166,0.2786756549021262,4.312964910801931,10.713670748933794,2.208633898623791,0.05431912326341322,0.134751305303108,0.02530247984947983,1.3000656470892942,0.01629930417142486,0.9564436420898628,-0.005869275126196699,0.9321892895366528,-0.01200724840303613,0.8970347134458284,-0.0005621331322841552,0.9773709952349479,-0.004900050633895869,Train49.csv,Normal
0.7055555555555556,0.20677971086251673,0.3846424924661619,0.05366135415906468,0.16226917874653535,0.30289350724872166,0.05951909264665162,0.2261550217887148,0.3392275102446048,0.05227660142616685,0.528717041015625,1.4892578125,0.2727431182831241,0.5474574898751715,0.6770380462185702,0.07077685398770756,0.10754324670679356,0.2277101739624082,0.04455171458341951,3.6550788212986722,17.997565358553732,3.767357030747688,4.577777777777778,15.644444444444446,4.479638433381333,0.006650660073124868,0.013356741745987284,0.003659715060963756,30.977777777777778,61.15555555555556,18.125434009277996,0.06345394907306177,0.14485613735767935,0.030566222694757866,32.23533392909802,39.934553046435255,3.766457394211538,3.666072109029847,3.7322499393052015,0.03360831537960576,3.754707660971113,6.177385792420229,1.3022308727574539,0.08626426254607589,0.13437368924588391,0.024721376841177912,0.20840348209524792,0.36525438157159984,0.06494238578269773,0.16463653926191762,0.32217264743664303,0.05683016990052181,0.24736379279374646,0.42212370711081854,0.06930903459714689,0.61492919921875,1.26953125,0.2891087559471395,0.5591505623534236,0.812953213679198,0.12127823404238053,0.1010924191056949,0.21277567179515294,0.0436683764658682,5.4492174728507425,24.374217927467733,5.382450846514661,6.5777777777777775,28.444444444444446,6.6399464522606575,0.007588529481132795,0.01634051429711194,0.004095419431832712,34.088888888888896,61.15555555555556,19.019677919148585,0.06240662744067586,0.27531399093309933,0.047198942427857396,32.266774631075954,39.20515730123968,4.913189643828769,3.648266129217304,3.7546725092494118,0.07585647873585068,4.825713018148468,7.274175826620044,1.3438132708772887,0.07481426241286197,0.14926094736752138,0.028125153480048817,1.153045670850586,0.011450000133213914,0.9002601867101839,-0.014887258121637464,1.0701889505086104,0.014934502167255254,0.8174002779672429,-0.0029837725511246554,0.8036210800923521,-0.08289619686621374,Train50.csv,Normal
0.48333333333333334,0.17549865263683262,0.215073581693859,0.01848989068316073,0.1350685108921335,0.198537540353231,0.031019566867291203,0.2030579017533483,0.2641350702142633,0.019698337942585114,0.3871917724609375,0.7080078125,0.1549870703852984,0.4028365328759874,0.5606213360994795,0.08045844752735133,0.20484473194116323,0.39716066167592734,0.06483896996621742,10.734830102430688,52.989893140256115,9.622027092525677,0.022000000000000002,0.26880000000000004,0.045731389657433334,0.002260982002917301,0.00463690449593605,0.001216119363587837,4.164000000000001,9.732000000000001,4.142266770742801,0.16116334705695506,0.29668982855243525,0.07398757259730451,22.475675544740476,28.996133041842697,3.3987413260840986,8.023958438975594,8.365381327071734,0.1871042484539202,3.6430804313431793,10.057850865611188,1.6993159346575804,0.07315745586764241,0.12799856646673813,0.028921720265806264,0.16976596988767587,0.21301789410010238,0.017296752603228174,0.13840536222842062,0.20319827734068954,0.03286784307237304,0.20046407423154028,0.26781403012177574,0.020247890781487615,0.4001617431640625,0.59814453125,0.12946556498733472,0.39766045001972455,0.5815302581088835,0.07944794602600591,0.20279191987625428,0.4376185854011902,0.06436095384238326,10.223950627684646,33.64327342138898,6.727562085075832,0.012400000000000001,0.0256,0.008148619514985345,0.0023760108650799196,0.005387216912923791,0.0014532300020574651,3.741,9.552,3.881047023678018,0.17126926696577333,0.2887463609682149,0.07635826017396666,22.126085730594333,29.904767715672016,3.40616812467311,7.988557502267089,8.364199626620263,0.2130318049563679,4.516063828494991,7.438285570987645,1.599003558712911,0.05794421657071863,0.1407219234873683,0.023835258411465436,1.2625497234190215,0.01521323929692378,0.9095851050432993,-0.012723357020630183,0.907549802539299,-0.040457923725262857,0.8607233958017998,-0.0007503124169877407,0.9862630016354907,-0.0036789599075124357,Train51.csv,Normal
0.48333333333333334,0.07881348116608365,0.18862405418889627,0.035235833788798486,0.3002948571518971,0.4309808001370825,0.07765470032040157,0.14122346055265422,0.19872695214281358,0.029593402662569993,1.256561279296875,3.0029296875,0.6984922154807465,0.17170023697215553,0.5056758271894065,0.08336053769171067,0.11171264642715957,0.17676074357921398,0.02783218083851426,2.2715560962937085,21.056587187398623,4.4436280016318355,0.0892,0.9728,0.1701571038775637,0.01735475124145841,0.04424660391226753,0.011318799404009098,1.036875,2.76,0.6616605885006299,0.41914319361682395,0.651365881903144,0.12067938160121562,10.681092030550957,26.234339977550388,3.9949003668083782,7.072622026634777,8.246622737161173,0.4033070723479501,4.1628630736221055,8.144214435876853,1.0814414432447896,0.16849185081934548,0.34898839175831353,0.07387169150038729,0.07798457926907254,0.14639752913101095,0.02961844147016335,0.2955417648919685,0.4152665645427027,0.06209678780252576,0.1402020997599872,0.22687674310159936,0.03096886791177918,1.3622283935546875,3.94287109375,0.7594945380759617,0.16799912396564975,0.3892126747511191,0.06711223945586736,0.11262373158946595,0.20035592466618052,0.029089002756251918,3.0404441875646424,40.04352276495938,7.2240176990463505,0.128,0.64,0.16329409052381536,0.01967469282464285,0.054527844510741726,0.012553533124745315,0.9131250000000001,2.424,0.5598948422471849,0.4080072803181305,0.5850093350267623,0.09821105056725098,10.477786685997124,20.679564413869947,3.2675053914495598,7.051896311503301,7.9472279495851765,0.37887069689912956,4.444537489814895,11.497441316366617,1.6319711881369587,0.1661273034627234,0.3371547557922512,0.06867767186415576,1.0142333396925287,0.0023645473566220876,1.0350985259073595,0.01183363596606235,0.882233669862706,-0.023595181086966538,0.8114497005672296,-0.010281240598474198,0.8759247358284558,-0.02814979095878578,Train52.csv,Normal
5.288888888888889,0.32823466127458134,0.4201242878833475,0.05566558895058083,0.166325894189384,0.26950654034694566,0.037047305199025125,0.20836970917343645,0.3182402754303333,0.03156775390650324,6.5338134765625,16.8701171875,3.2040288859376704,0.3896593442194781,0.5378502696010777,0.07589995014942191,0.1904934609382617,0.3522031287438594,0.08282021022136822,5.382778589851,29.80486207507802,7.142135847673751,0.4844903988183161,1.8906942392909898,0.4605536252857921,0.05554868638584226,0.13096727843487033,0.02894005518392856,14.186115214180209,20.60856720827179,4.285062655988766,0.03738812303695439,0.05691963219595328,0.011879749706666094,27.361812591205982,33.27863164024633,2.9561607486712513,5.513098660364815,5.631880732209986,0.0878040570916484,5.999862560301693,11.958679301760714,2.2811615726631342,0.5955390390902451,1.0601971859432424,0.20981876323056195,0.3725689199437339,0.5669048267080413,0.09940021533368033,0.1815878903251562,0.3118277204948795,0.0526111697729085,0.2153615755657138,0.2920980247102498,0.03309225031179703,6.95648193359375,14.5751953125,3.093586553123731,0.35851339807825156,0.4748542755649472,0.056306991923347136,0.1734324612122911,0.2967856506942153,0.07588303247955627,2.4519551940755147,10.792513323210667,2.229447296624103,0.7562776957163959,4.5376661742983755,0.8241345122203932,0.08032602516327296,0.22929870031950264,0.05422739614821818,14.658788774002954,23.066469719350074,4.064988320563842,0.04056881381970856,0.11072765188420411,0.02461411595354536,26.72649749132262,31.72983571541307,2.60169173541128,5.4745812713195,5.623850585557714,0.0879043833099155,5.226454169721713,9.455542900596576,1.3883244112667237,0.7687620864073981,1.8925096560475014,0.41995503715869054,0.7746727483644038,-0.173223047317153,0.5602070150581174,-0.832312470104259,1.186725593819279,0.05541747804964409,0.571164501504881,-0.09833142188463231,1.0894982075161834,0.02614225072008347,Train53.csv,Side II
3.888888888888889,0.39236001420337346,0.6099705435439018,0.08584454200518253,0.19139239042772688,0.32084845783838684,0.06626633091358002,0.2532874940835991,0.37474133918603375,0.05766105847793603,4.30908203125,15.3076171875,3.1762964480620814,0.4346354004927874,0.571881374683895,0.0830735162835232,0.09633355806744699,0.2726238487528977,0.04341916233645268,7.1620577142358295,21.665271505921076,7.108360721815523,3.919678714859437,27.50200803212851,7.739438277832137,0.0366743249287919,0.06894804783921124,0.01642554003143752,26.385542168674696,55.00401606425702,16.634456706395216,0.04059019336272664,0.12058856032741773,0.024046087942875313,27.237159836955147,33.12571240450304,3.0505387847039698,5.1412242038026825,5.389546241711768,0.11750566988053185,7.149947117879268,12.588256090104604,2.5755832011744473,0.31373492129359815,0.8137347302857322,0.15227088457052246,0.38107519067178763,0.5455872604346739,0.09286611562955391,0.18592455549460515,0.3121192976647767,0.07111386028565853,0.25770416866235635,0.3617074466801576,0.05394849892676344,3.8906097412109375,14.2822265625,2.8962632465501446,0.42562910168807055,0.6335597877303851,0.09245643928301829,0.10364638632668323,0.3192177988734574,0.05483987223459254,5.691180951396689,37.37586146211209,7.861290025937525,4.2008032128514055,27.50200803212851,7.372107034603002,0.03965674790375915,0.11537978788894689,0.02060530865690975,23.598393574297187,55.00401606425702,16.938820214643876,0.05193870417819944,0.2432421727307516,0.053386556796520795,26.760877440252692,35.40574033265524,3.421580319210932,5.136974758954514,5.378304270425195,0.11603227311625579,6.480550250838298,11.83370795256821,2.4156052278555986,0.32407010673882,1.208225141263625,0.21056686907567973,0.9681081772171614,-0.010335185445221828,0.6734959419576304,-0.3944904109778927,0.8540371146626841,-0.046593950120559724,0.5975747442697592,-0.046431740049735645,1.036034346512548,0.013033892505876166,Train54.csv,Normal
0.0,0.1974070034039136,0.22117730453494489,0.017802009080997584,0.1281113434897538,0.1940182736716606,0.04029893462960583,0.19566301928427227,0.21772638699237998,0.012236677052601112,0.313568115234375,0.634765625,0.15905595135932618,0.48569097807847583,0.5870172489662103,0.09903616351217656,0.13054669041769484,0.17902035115047518,0.016549253151149794,13.65357347774567,53.896759486262034,11.583195768243483,0.32360000000000005,7.3856,1.3304045099141841,0.0015569920173896044,0.005683901291293012,0.0016329570846102918,6.7665,52.056000000000004,13.832576685129926,0.14661030808007952,0.295960778449495,0.07979067285356904,25.671863967413785,30.112743584851724,4.304387133976848,8.156591755748533,8.384395681862781,0.24216249069098678,3.230179622226879,6.849959306973466,1.5212890773022136,0.07048101182416613,0.1286403919979132,0.029711539742136927,0.19317139755772691,0.23080703503456218,0.02189895377826211,0.12962809184404772,0.20254437780645151,0.04183525000807435,0.19300981700861408,0.21011493119299213,0.011827348803463101,0.345611572265625,0.57373046875,0.16777557254005632,0.4809289237523945,0.5818399649803199,0.1014775552858283,0.12877974184623212,0.17514332252489362,0.017050139918916143,13.720995848446211,99.91816899614797,16.923538041520963,0.8164000000000001,21.1584,3.736192521806123,0.00183830412761904,0.006094846104234194,0.0019339638826897073,11.2095,59.688,19.35278555531477,0.15447900621704097,0.3104080202336722,0.08570912801836732,25.383351882774953,30.07180854614507,4.531310172769514,8.121758269197763,8.381222214404438,0.27966499800310696,4.104112724878893,7.445910884557042,1.6997461616697804,0.05437064677604039,0.12760044274118798,0.02574435117712859,1.2963062738278635,0.01611036504812574,1.008150036365348,0.0010399492567252089,1.0221363141200783,0.0038770286255815634,0.9325748774475915,-0.00041094481294118215,1.0362251969431504,0.007611455799387851,Train55.csv,Normal
5.194444444444445,0.33069074315569236,0.45649810642395283,0.07260284760206707,0.15583965273534292,0.28427545590236464,0.049856641514051885,0.24719376216274114,0.3353112511293474,0.04354908366252519,3.7609100341796875,9.06982421875,1.8597837752481328,0.3917378587622766,0.6360251686666506,0.09028114321414278,0.1913186958595875,0.3516121268845554,0.06723348746027479,6.009086653645623,40.92357449992774,9.130968465704935,2.4060150375939853,18.478195488721806,4.476481339498918,0.03714263888066159,0.091414083719342,0.019190386807973792,17.82857142857143,57.74436090225564,9.535563041534552,0.04675281427636107,0.0795742999252038,0.013268211834175857,26.18932687697393,32.599835775150204,2.812169668986349,5.45142648423141,5.650980042411755,0.09609268802160859,6.162935873875497,12.184476519929571,2.239384838954952,0.3294710748323331,0.5374581886263904,0.10831128587785654,0.3267727419567754,0.500127145624233,0.06135149972406168,0.1468195155265539,0.20911591989052106,0.0322559610899591,0.24958364155987212,0.42143594328170936,0.052525120399110316,2.9876708984375,8.6669921875,1.7623921183785531,0.40958533639937467,0.5240140779126019,0.0686962258398974,0.17677989274009362,0.3112132257073631,0.04356194385667819,3.051116419375602,17.454454355993118,4.2966068220415154,2.700751879699248,36.37894736842105,6.409668201884626,0.03681753522583259,0.12369844992961972,0.025687755233729567,19.825563909774438,46.38796992481203,8.191059022219164,0.0481481685200977,0.09828835746524069,0.017797147384706453,26.521722714261962,29.74987346429576,1.9834274823532365,5.463946333677477,5.627067296787477,0.11939508644295738,5.601131870460371,10.342175227882093,1.9748834096056334,0.2899128814918416,0.80254525140236,0.13971477636162763,1.1364485496487198,0.03955819334049154,0.6696920666062742,-0.2650870627759696,1.1298110000163322,0.0403989011771923,0.7390075060143927,-0.03228436621027772,0.7956398965941267,-0.08612469215236196,Train56.csv,Normal
2.1,0.21363683854380855,0.36212701603830694,0.07336305259092489,0.1806214305018736,0.3130227212095964,0.059168670400578986,0.239353921347412,0.32669845090568167,0.0426786272471782,2.347564697265625,11.71875,2.08134231633817,0.6513278530259266,0.8108436009604787,0.07113027141899735,0.055705750345974914,0.09642173335264433,0.015854017030625327,4.088176091563607,30.27520862002404,7.576253412466386,1.8438661710037172,8.089219330855018,1.7146213002705812,0.027415399203983355,0.08896169240202229,0.016715638897816784,30.94423791821561,51.86617100371747,8.25501158968427,0.03277476071770086,0.1417682936225823,0.023191845336993398,32.819297413277226,36.63833754629566,2.44873471554402,4.617478294230665,4.741702387239575,0.07664327548097252,5.039898330849688,12.559574990857834,2.0455122684909237,0.2417859701926307,0.7091628866640322,0.13121827928035823,0.21254884018995218,0.4194433037827287,0.08072833145614391,0.1800670542101458,0.29371423311363304,0.0547073130589046,0.26958763488143195,0.3852437706361129,0.0524348757281146,2.40020751953125,6.43310546875,1.340940264499191,0.6617985288189671,0.8566214242406981,0.09262972559234293,0.056836613231195515,0.10719273520574035,0.022143049316357022,2.5883129351648915,18.75990573972393,3.9980467268852213,1.8438661710037172,7.137546468401487,1.6812840475958446,0.034172116977827044,0.11316728931057449,0.02230720114658921,31.598513011152413,55.19702602230483,7.1056131999832175,0.028504186413704512,0.08930365810686426,0.0161966270577478,32.64185345144831,38.64285988222782,2.6614123734301276,4.596787554094938,4.730351640226186,0.1085676658707207,4.762430255146433,8.913136177039867,1.4091476008893664,0.2656500827054018,0.520538443689311,0.11118264486258275,0.9101671146498274,-0.023864112512771096,1.362364094139682,0.18862444297472114,0.8995174184897874,-0.010771001853096027,0.7861078246008829,-0.0242055969085522,0.8480304548940741,-0.058545319730431256,Train57.csv,Normal
3.522222222222222,0.345402763372328,0.5634218522361703,0.08285675168351694,0.1652760785749673,0.328790360987105,0.04723877516063193,0.2256636895551445,0.2906658537440152,0.038326066567878195,2.140045166015625,8.09326171875,1.5305666441787324,0.4395595602173287,0.6788344286140074,0.09544217071296533,0.13409042377034783,0.2996650796760433,0.04744317918850007,3.4582294563000486,26.802680569453226,5.5523866541498315,1.188470066518847,15.609756097560975,2.6371756491830474,0.026554430174691966,0.08253588631445312,0.01874862263999738,17.427937915742792,49.38359201773836,7.988127925690035,0.03551625233723468,0.07403464749196392,0.014764567938118055,27.4569009202514,32.77475423182896,2.7013804936438457,5.0783604988628515,5.24707557012797,0.1485235884206834,5.032363845000603,10.263936908036305,1.6701891286705055,0.21808049681318525,0.4340991605762414,0.08929582804652994,0.3294207895941212,0.493822438537222,0.06302618036391773,0.15399799601252975,0.32263158297751837,0.057860669591699616,0.2279342977630281,0.31381328417488835,0.03836295862951071,2.19879150390625,8.447265625,2.275984833860348,0.4404189185513466,0.5490585580717838,0.08823269925339067,0.14667348412619427,0.3583618357730938,0.06758322196669858,2.0972016867481473,11.923350533375187,3.4192269653669918,2.2350332594235036,15.042128603104214,3.630258245948439,0.03315388066687703,0.17198145462209996,0.04034096810229147,15.36141906873614,30.368070953436806,5.476644792453052,0.037969380353021165,0.05838916291484441,0.012627477660394914,27.45586739436237,30.791621663734052,3.0087377585161845,5.08929476498137,5.213206756776038,0.16775427987938543,4.7452557682995575,8.442490313571334,1.3350296639869783,0.23692594409474232,0.8950450704190892,0.19639363070532617,0.9204584864100843,-0.01884544728155707,0.48500257075096737,-0.4609459098428478,0.8362081252133555,-0.058696756097050495,0.4799115463693464,-0.08944556830764684,0.9262382042940818,-0.02314743043087314,Train58.csv,Normal
1.9388888888888889,0.24043053752628052,0.39820829365814536,0.07838388476759255,0.18785683612215698,0.4775731154618016,0.07211710176123272,0.24100865551775488,0.3578019075848667,0.0540092182448486,2.693939208984375,8.11767578125,2.2376865889808815,0.5967310906406949,0.7856852992727686,0.08994906452906769,0.06972095354944587,0.1175513826081931,0.02487318949907374,9.429334600697388,66.08439757649795,13.996238974582427,1.5,5.67741935483871,1.355510586093464,0.021609622662091876,0.0841284873576082,0.01621062523125993,33.096774193548384,62.96774193548387,15.05632850650296,0.029338707485212646,0.07589617662357745,0.012830709883699179,34.10052697296308,39.31773839562191,3.2517266556123703,4.601588821220966,4.6945830679448814,0.06458401052652818,5.9523690196880885,13.605343644398543,2.6522938006850003,0.2372278547964442,0.5887225022343462,0.13947749918910757,0.27458978261976713,0.49233503708790677,0.10081654459222476,0.19654009544114728,0.4265957575451478,0.08257809795411121,0.24752424091266553,0.3368414734967179,0.05241683581711985,2.7740478515625,7.2998046875,1.6986425014612965,0.5746510368179228,0.7091825822100165,0.09918578237895517,0.06963071949035692,0.12553744680281578,0.024205017086707786,11.311260143078524,75.78093276396375,15.5994469355925,1.6774193548387097,11.35483870967742,2.3616780926094356,0.023606516047497632,0.0801166806939963,0.016094874444531615,29.70967741935484,57.806451612903224,12.138594377651,0.02657750806785475,0.05977581035966564,0.013283064944952024,33.1066744668976,38.31773087411873,3.2856590618559736,4.571759773580678,4.704151243324111,0.09779288402837848,6.6839389586869675,14.847117129985385,2.824212702551718,0.22681982130209705,0.44821863382658855,0.10158380865368513,1.0458867853290392,0.010408033494347158,1.3134717222591987,0.14050386840775764,0.9363849963943305,-0.00798606419462268,1.0500745360240316,0.004011806663611894,1.0622264022548475,0.020960434088148794,Train59.csv,Normal
3.577777777777778,0.38021856066122006,0.5626785790442996,0.08644231339970225,0.16303356730386798,0.3269878642446691,0.06004934914961898,0.28427103809669574,0.3706905153627801,0.053452692554398655,3.0673980712890625,7.763671875,2.3069194605282615,0.4450585598926522,0.6433914901237343,0.10539302584503149,0.09661618259938717,0.18904578567972502,0.039941754700438786,4.8257909697477555,23.30004382449045,6.916657836774351,2.7510917030567685,19.563318777292576,4.705721917810067,0.03497953932234011,0.10469391339889658,0.019732229619328,23.668122270742355,39.4061135371179,6.86476215744368,0.038782451372874685,0.09837333344890008,0.020603196083766855,27.472258257054975,31.74582879210604,2.450505241202512,5.042559715931109,5.2522934091371685,0.11947402563992546,5.683790469984127,11.941011219298488,2.471506236283637,0.2773423969304507,0.7156405984436232,0.1492104120268839,0.37177077892474386,0.5568652764188442,0.0905903120269635,0.17154677073355432,0.28825085819889423,0.06393282258718448,0.26924506286995387,0.3714065710479398,0.04786761529014537,4.338836669921875,19.37255859375,4.681766438196118,0.4385311717276895,0.681812919905309,0.10438330665569664,0.1170939325505763,0.3746650682793337,0.07120841978159637,5.5271399550112035,24.003988371149454,7.284272342166147,2.8296943231441047,19.563318777292576,4.095986070035999,0.04392542645895535,0.1707731720038063,0.03726287929270175,22.17467248908297,39.4061135371179,8.973096796749402,0.032613220740205826,0.07236847527663182,0.013134940122427231,27.140182625071752,32.37569923782648,2.746253511762105,5.037787690731902,5.264944222455659,0.14522799028228153,6.0515021616065265,12.092922117670675,2.4136326660818166,0.3676100157249593,1.532731293404381,0.3504095388836711,0.7544473336208202,-0.09026761879450862,0.46690545241442394,-0.8170906949607579,0.504572753588568,-0.1856192825996087,0.6130583133017216,-0.06607925860490971,0.9980720408871298,-0.0007160556851597,Train60.csv,Normal
2.8722222222222222,0.3281194415351759,0.5088665675566356,0.0695346385543592,0.14941832638871205,0.31730960376989964,0.07507150217025928,0.23324264965207206,0.3247164801137789,0.05235081134735326,2.0656585693359375,10.72998046875,2.551144928832595,0.48865470303306285,0.6145251079753772,0.07793992077862595,0.08187695243434964,0.16378959842700494,0.024921124299391494,4.030296495716044,31.22053568097001,8.785739272878217,8.686648501362397,40.108991825613074,12.580768319143868,0.021449625679931635,0.10031918598911743,0.01908193600707485,28.904632152588555,63.82561307901907,16.340750074615965,0.04853845950184239,0.1325115915884612,0.02788915598000748,29.37274252691974,35.51045858835316,2.4462661679126056,4.916964331977134,5.046138205232022,0.09769458057834628,4.813372874971159,11.546015927634567,2.5580371257865098,0.20183549499640618,0.5699347329209016,0.1177312196463113,0.32206113997604385,0.5780664148379051,0.09013878535866787,0.14902801177170663,0.36283901661807627,0.07619636452332472,0.21116692048663602,0.2789213664575807,0.04622959161591542,2.03704833984375,12.70751953125,2.8215687792354625,0.4939639789787229,0.6466238312693797,0.08285288693424198,0.0842478461919707,0.1693847546345282,0.026399270253112086,3.047339505172141,23.638831773640963,6.138270346644402,4.534059945504087,36.27247956403269,9.058892811351035,0.020851580775527546,0.15858709495814824,0.025990111953136268,27.803814713896458,63.82561307901907,16.099708622187503,0.04651398364995181,0.11407752420968087,0.023008519993434243,29.62265632689017,35.65972347665827,2.738891329507848,4.928649178215144,5.044719327983378,0.09816522501255513,4.884599029040203,10.059546800452017,1.9229469191753708,0.1941011518783991,0.8594463058712972,0.1619114850187458,1.0398469664054624,0.007734343118007081,0.6631417557609562,-0.28951157295039565,0.9669677640909102,-0.005595156207523266,0.6325810141298763,-0.05826790896903081,1.1641864625633704,0.045795113656198205,Train61.csv,Normal
4.972222222222222,0.35528476837698486,0.5308332009039818,0.08392983930664007,0.15907481075094032,0.3444779973780016,0.046757509690207255,0.2462446387866627,0.3237611773900434,0.0393254348866663,4.61883544921875,17.236328125,4.450522664184893,0.3844289914966648,0.533759722864789,0.08434290914320847,0.1621829212282182,0.2580059580822582,0.041966560797068564,2.4477545184674607,13.123760451946843,3.143496775104736,2.4716981132075473,17.71069182389937,4.331498182851925,0.06139755827510511,0.3866271932168117,0.07703063318524074,17.031446540880506,27.572327044025158,5.8427097505137855,0.05593464435993497,0.14005269429057216,0.023992102960903004,25.894216507580033,30.7828044575521,2.791504157891555,5.414761570527456,5.571739030019416,0.11932077583760023,5.020735672271497,9.963565753309846,1.745660693020377,0.464615832550171,1.7899372552618258,0.40291912239056416,0.3326459819533606,0.48283113580619647,0.06389277995213682,0.17035504595021872,0.3503142961731815,0.054860743549521196,0.2555650050324928,0.3304988320256722,0.03657462785109818,4.8213958740234375,18.68896484375,3.873013101863099,0.39306076738519524,0.5305049227800209,0.08408698781780302,0.17959151845984866,0.37344962411793264,0.06909897646492776,4.411065863166538,21.714790603346053,5.963678894546176,4.955974842767295,36.42767295597484,9.713005231652945,0.05197961626309498,0.1893245874101934,0.04255773261488742,17.09433962264151,45.08176100628931,7.9668531292896025,0.054442228845411236,0.10918443994749831,0.018614603205280373,25.922657198703376,31.430024451965014,2.8159277624083003,5.426750928666155,5.5596287514573115,0.0968565384209635,5.755613645577423,12.481147397097216,2.2044695815834188,0.4222054357305497,1.2613243218745893,0.2731754588802739,1.1004496676974047,0.04241039681962133,1.4190935850523476,0.5286129333872365,0.6908721839010596,-0.11544366603567446,2.0421393568760315,0.19730260580661832,0.9796136779850431,-0.006737654635628809,Train62.csv,Side I
4.022222222222222,0.3854605458453509,0.5558110539883947,0.08123227415988216,0.15666135916726387,0.2677996100303271,0.053060019893753335,0.2623098235983315,0.4026094865569368,0.04498992088788754,2.8133392333984375,10.44921875,2.1480776406855586,0.44617476594736094,0.5665489298463497,0.0684597544584856,0.10774559159396348,0.2249754444140502,0.051444459716809304,2.3771384619414673,22.321619516907653,4.525456458969259,4.535922330097088,34.29902912621359,7.496075197650953,0.03667178120238528,0.1029795222981894,0.020686276740576832,20.36504854368932,54.928155339805826,11.014534310017254,0.027188427991081496,0.0461343210374026,0.007636914011659457,27.316366408510113,31.101798579078178,2.0016927905924113,5.137448761677993,5.326497752135062,0.11265732403565072,4.814869951416924,10.417464765152275,1.7276904556864088,0.3028968558880309,0.7773026594487018,0.15216705898223096,0.3916698083809321,0.6230312645144868,0.08270955318295718,0.15623474033423923,0.3093485952860738,0.0536793752045225,0.27192760960036766,0.4179316509203453,0.06212558281848907,2.3342132568359375,5.078125,1.1432111827471154,0.4459034361222841,0.6238243206146296,0.07853376614469891,0.1002246241873595,0.18705411290721208,0.030540314003839233,2.132905546176664,24.092644070089328,4.866352943842345,3.036893203883495,24.108737864077668,5.23888533013554,0.032143686048572706,0.08271424200345588,0.01624213548354589,22.65631067961165,54.928155339805826,11.779487739996236,0.025574951053415475,0.04505771189022186,0.0073066758351682205,27.500466125472983,31.260240173551733,2.0123427779370453,5.152921808100368,5.385013192013037,0.10641317547536365,4.693636324491798,8.921306387406691,1.4682463832926669,0.26816845971427433,0.5407791860475477,0.10755863968526337,1.1295021609970706,0.03472839617375656,1.437375324469279,0.2365234734011541,1.202729198063235,0.03792133150683813,1.2450035031317015,0.020265280294733512,0.9633381073364388,-0.015322164363408497,Train63.csv,Normal
1.0055555555555555,0.1610262689844763,0.24210294005594474,0.03711942321690266,0.17886269752813855,0.34299963512812653,0.07189682106468605,0.21517694519689562,0.33408454693943584,0.041247068221172876,0.8007049560546875,3.40576171875,0.6911800910055101,0.6277844195386993,0.7154097946989671,0.05239442056580471,0.06897881473405307,0.1446075604439552,0.02378421747875505,7.221743204510231,39.92985251532671,9.889764625589198,3.40625,28.0,5.195306625936529,0.008126837360146476,0.03202434709767626,0.0056058575047889525,44.3125,64.0,16.239299361425665,0.04702612510779358,0.1427994242384859,0.028376874424525213,36.14894057335886,42.488469134584825,3.3815260996157255,3.9806370272268543,4.064130824951505,0.04809494534742024,4.823225145592721,12.594945865828535,2.6096018828235112,0.09615029617571362,0.16526494566294603,0.02770330158615656,0.15404431711908195,0.248812028612695,0.04518330729432339,0.16895558907075567,0.2904227154799447,0.05748491413574271,0.2297017584919125,0.3938825505746991,0.049907478530320314,0.7720947265625,1.77001953125,0.35581454550541936,0.618229768680111,0.736811638139459,0.059904393338720587,0.07127563272563107,0.1532283008052709,0.029431492406610534,5.442871803995858,26.205639435235753,5.592279180805719,2.875,23.0,4.574043615882997,0.008802878984173486,0.02287060469052175,0.005174831568996482,45.46875,64.0,17.442735549147674,0.04945072563536837,0.12569764805201564,0.02964728756005125,36.35003161446841,45.06927844116225,3.480867664757358,3.9842072347784514,4.083881854166562,0.06838082692226591,5.2082534829302425,8.234672387700181,1.4627224800059895,0.08606032664686883,0.15736496798390304,0.028244224149122723,1.117242971351991,0.010089969528844792,1.050201621936907,0.007899977679042991,0.9437392357694384,-0.008620740361315687,1.400240445356814,0.009153742407154507,0.8481831591772789,-0.059798003635263275,Train64.csv,Normal
4.816666666666666,0.2993895821419985,0.4182741017336995,0.055334813274230725,0.15703789222618425,0.30522042649662934,0.052035941969670964,0.22125041536987167,0.3133213571608137,0.03837769130641019,3.1757354736328125,9.50927734375,2.6720298263781097,0.42187640516174485,0.6386411233573401,0.10197338258869405,0.17282018286831002,0.36848386191028526,0.06147389627900667,2.9586307101223444,15.404739422588218,4.617999683994045,2.980519480519481,32.20779220779221,7.11965239040709,0.03036987756632865,0.101635698989193,0.021496461691064995,17.123376623376625,48.20779220779221,10.831120168690711,0.06056543286165901,0.11853375792965233,0.02318089974539273,27.017223303462742,34.2128316434873,3.232881713200488,5.403432600064466,5.5295761980188285,0.0817760451603242,5.156175843446415,11.345188992105681,1.9210149385865245,0.304472669303938,0.6550003824524091,0.15694473497394779,0.31099261048396487,0.4963277630274193,0.0762866231937987,0.14883876008721736,0.3057590515488433,0.0580029000029144,0.22165715455497037,0.3073828194853295,0.04059346871535239,3.3710479736328125,14.90478515625,3.3555809893934696,0.4332379335905452,0.6425719037415806,0.09193452428188313,0.14458238507621873,0.23642283383647644,0.036057681663706,3.215201576380703,21.33097107035583,5.438022512245469,2.38961038961039,34.493506493506494,6.663337561988176,0.03145418812621253,0.08499825703042431,0.02106451455617492,17.675324675324678,47.7922077922078,10.101450309929445,0.06650186091592813,0.15849026852993298,0.02921930670383034,27.046644811789044,33.08628821616388,2.6731855379656886,5.405282170768125,5.584399289627093,0.07763991343364668,5.051918348429016,10.150153935888191,1.8023776742034892,0.30717124124762757,0.8598911296054249,0.190564029564055,0.9912147604575753,-0.002698571943689554,0.7617247801954208,-0.2048907471530158,1.5585798307729022,0.13206102807380882,1.195738610934985,0.016637441958768692,1.019319676571735,0.005938537675484246,Train65.csv,Normal
4.838888888888889,0.36837018236186936,0.6481908573731907,0.09454085035670293,0.19347475815140577,0.32650739312442023,0.06248949503813966,0.22839635137227235,0.3155231088451821,0.03678346522013846,3.9379119873046875,8.43505859375,2.0134568792814567,0.34941109249426283,0.43776870658103273,0.0597232337465946,0.18073724509701983,0.3676796341992941,0.0724395417510877,5.547390041375259,30.46560549787435,6.354509671673569,0.7948303715670437,3.92891760904685,0.8744306536138345,0.039573011763430366,0.08400807225422728,0.01731958963585574,14.88852988691438,23.780290791599356,4.374373283630358,0.05443837789662408,0.10782140157542464,0.02435919689271962,25.657402397301553,29.98360360178955,2.47817608427892,5.383677518815684,5.532850807562202,0.12000483875331745,6.196002793161008,11.269337320078357,2.275026022282206,0.3407702632483024,0.5733145646994098,0.11033050226586862,0.4128109088905061,0.5903380391583536,0.0930368922045105,0.2241688665841892,0.3598673451383844,0.057946994521989814,0.24724984918881454,0.3429614677408164,0.041528717774234364,5.44281005859375,21.58203125,4.876324873634595,0.3042114720880861,0.4223069641891802,0.052071138919427946,0.1915928708816297,0.39971357117459844,0.07057959499822293,7.047992472039015,32.48542669011883,9.844154077344667,0.5621970920840065,1.654281098546042,0.44541194275387913,0.05138126467297728,0.13715804328516518,0.029978687715080523,13.770597738287563,21.91922455573506,3.446967511540523,0.04808490998489398,0.1008255188257636,0.0223746082458831,24.050039853318395,28.87586277530321,2.2613021854679065,5.305044261429192,5.491917714329901,0.12217075833504387,6.092832001130672,11.245500359223005,2.4877807270138037,0.4450454152543547,1.1735037674459405,0.2406624142129836,0.765697726124975,-0.10427515200605231,0.4885494023241566,-0.6001892027465308,0.9198577676484009,-0.03203393697530432,0.6124910331877157,-0.053149971030937895,0.9199957942903199,-0.027438358895634285,Train66.csv,Normal
3.511111111111111,0.3113096836909211,0.5423991543405707,0.07962653058847079,0.1594333559820289,0.36798690367425313,0.06572198276935282,0.22600186343839473,0.28120119021223944,0.03608257567597988,2.25830078125,9.619140625,1.835530215599963,0.4525377694428422,0.6540247567415823,0.09352232039131039,0.14782368922100414,0.3103053150874219,0.05610189346083258,2.9677377194313,18.954465408104966,4.432869659099821,1.0155902004454342,6.271714922048997,1.2156358202879776,0.028687026166309974,0.13048142254840892,0.027150549021420865,15.732739420935411,29.93318485523385,6.43498259107326,0.036653126443066744,0.07453163069832591,0.014809039537749102,27.797101057317985,32.11222031043165,2.990585968445561,5.086206885056384,5.2359904970491,0.17592750528264114,5.128780264245664,9.789585591168331,1.6071342550484833,0.2316675729442937,0.7968221908723283,0.14072875147613634,0.31609866707480383,0.5031987553947458,0.0705046935696666,0.1603815454474577,0.2536371090677836,0.04198776747330052,0.2147131727599954,0.30836048824458806,0.04121670987000272,2.1759033203125,6.7138671875,1.4246087936429468,0.43506275075515394,0.5635401070642048,0.08338028911027233,0.15572322990276788,0.46316813099422677,0.07637709298591804,2.542988024897366,9.016373794270004,2.4082648364055963,1.7015590200445434,13.11358574610245,2.3760485930705113,0.027363528741680746,0.11873935582193346,0.023389164741937248,15.144766146993318,29.07795100222717,5.071538951714093,0.040433917739069,0.06731807998426803,0.01346510706180406,27.825634830619798,33.25459172273388,3.029948907445903,5.094816038117978,5.254841978234246,0.14727736868618158,5.604432177801337,10.667822971290036,1.5825271682665503,0.21878639589935076,0.7445473848337828,0.14789978518835242,1.0588755801434433,0.012881177044942932,1.0702101787383291,0.05227480603854551,0.6699625765515528,-0.1528628159068049,1.098889416624383,0.011742066726475459,0.9119235440996911,-0.027159298032348622,Train67.csv,Normal
3.7111111111111112,0.43260846149314447,0.6099510759104101,0.06888037806492958,0.20872228872774334,0.36602634094849285,0.06170449299762751,0.23687846681949934,0.3537212726923294,0.04415653052014133,5.5454254150390625,16.54052734375,3.0174975621709574,0.39440482176731184,0.532371151577451,0.07584226985759551,0.10078022057307387,0.2632365579869541,0.05105533660290099,6.88087018273596,29.28008894398682,7.183267013676013,0.8168421052631578,7.814736842105263,1.320978400095174,0.06418099585220347,0.17570415247710533,0.041428580418910614,16.88421052631579,27.75578947368421,3.5067896154748457,0.031670514691948884,0.06698019522147414,0.012664980042878743,26.733481620358482,31.009762960872443,2.6460397012406176,5.090182276921883,5.299206671794138,0.10954801814207174,6.222552423543496,10.309843141333808,1.9871432766084276,0.4854041551958076,0.9711113882879763,0.21985388876299009,0.439842520580477,0.5931076914494805,0.07056090145861998,0.22007993779181198,0.3039991937660392,0.04977494591989026,0.23593635147504227,0.2920867603405899,0.03414170920234707,5.5049896240234375,13.720703125,2.802794061043516,0.38402929537660435,0.5387603188879103,0.0621408751820063,0.1039069086147173,0.33473242687593563,0.05582328260219149,7.198535369468157,39.17572727093701,9.234125648864824,0.8505263157894737,2.9642105263157896,0.617843627402952,0.05867847301549315,0.15962031185809317,0.029737206108236054,16.22736842105263,28.025263157894734,3.2843292826032373,0.030823820754013,0.06591257271435193,0.011045184965436914,26.325367696003504,31.001148568375665,2.467269165489733,5.0920025726382,5.264194206366556,0.08457845288676634,6.563880864938194,14.545112941240424,2.3175489143486945,0.4614814151235245,0.9028230525344499,0.1820557343277521,1.051839008541743,0.023922740072283122,1.0756386697107316,0.06828833575352633,0.7864088927903914,-0.07149586888898152,1.100763112983691,0.016083840619012163,1.2110143954106503,0.0616345123517395,Train68.csv,Normal
0.03888888888888889,0.19519392332942193,0.22022679800412776,0.019620876620404164,0.12384969839125375,0.18544206587421172,0.03758306444979243,0.19648083034441272,0.22007756093430716,0.01136029167969551,0.3116607666015625,0.5615234375,0.16360337794586202,0.4842528363528468,0.579941117209325,0.09743260555530313,0.13143871585925487,0.16543724704732551,0.01581063575985729,12.946995584128995,52.687358499717405,11.710433524566167,0.2212,3.4432,0.8156123589058715,0.0015356485594130802,0.005230622554357068,0.0016603386317024654,6.54375,53.052,13.428492094702964,0.14696846140306433,0.2883773909919412,0.08211638293735869,25.56326134011573,29.79462759046802,4.31324082223033,8.156298410690049,8.379707153070875,0.25541754336753547,3.4073608977965417,10.801153790587021,2.1913733386642145,0.07069907541392711,0.12616963340256127,0.02924646342155953,0.1959979872093516,0.22616708911503525,0.018985354454250716,0.12501033244652707,0.19748618241160648,0.038026154683341924,0.19308511811665585,0.2110252256084129,0.01277630312010351,0.3215789794921875,0.5859375,0.17986247041374315,0.4845912106089789,0.5904513568206374,0.09982971001590107,0.1315412835992799,0.17192656837942658,0.015861523516290894,10.25774669581271,26.992334393002842,7.458202704833675,0.4884,13.0944,2.29788546276789,0.0015824966232652281,0.0058058217176469576,0.001721023930147491,9.267,53.76,15.772578673127612,0.14639459859459353,0.3057558114767353,0.08218916426131105,25.57792261784072,30.140895248526018,4.360483826598735,8.161413507001257,8.38038753814341,0.2442757247372215,4.062906993300696,10.146647824902592,2.0411360404855836,0.053427187650852276,0.13558676624621802,0.0263376195526563,1.3232789746049891,0.01727188776307484,0.9305453324471129,-0.00941713284365675,0.9622552677254921,-0.006489321332101061,0.900927019086967,-0.0005751991632898896,1.0428969297717763,0.009052335325894278,Train69.csv,Normal
1.8277777777777777,0.2404158282460204,0.3554353967128019,0.05738549607215222,0.185889305535005,0.41268044363594275,0.06408537574770219,0.207486501610935,0.2733866034656483,0.033267149260978436,2.3685455322265625,10.04638671875,2.126027366351389,0.557411068926664,0.7773154559918639,0.09212166328203318,0.08310628088829777,0.18872802685730722,0.03847091605740092,5.824748659614399,40.16268626763476,9.17771520646278,3.7948717948717956,33.36752136752137,7.05691047057627,0.023837295785400142,0.05591755634139776,0.01529861643027552,35.12820512820513,63.45299145299146,15.889006128218565,0.03828785781661631,0.10987134072640589,0.02070496787371591,33.08796440611392,38.12471418602607,2.6084285738731294,4.54879958960743,4.63779578373158,0.08239439292849894,5.702752839253213,12.046588784769321,2.4556938702073743,0.2169958628814151,0.6612429956667318,0.12544046465010006,0.2666823740651754,0.4415320708683157,0.0953113997680313,0.2001144110708616,0.3215050809564167,0.06217429739989564,0.22091108030125056,0.3162192589683435,0.05408965526649774,2.4410247802734375,7.1044921875,1.597056575865706,0.5353054775193102,0.7525814593867172,0.11533249198666014,0.08653051444486443,0.18746680232298651,0.034760210126379615,8.546658711404147,77.7659649921574,15.509567986569309,1.7606837606837609,8.752136752136753,1.8180031656363298,0.024054859688000762,0.05134037153802016,0.012778306824566703,34.017094017094024,62.90598290598291,16.38256210132364,0.03949365819009993,0.10259339853134095,0.015368081724709354,32.47306633734012,39.07906621366726,3.8029147355044866,4.541971624494015,4.612488320155079,0.0496082343281532,6.595682970075122,16.807118289206247,3.434945058987856,0.210219320523922,0.34708900465726195,0.08348740199435867,1.0322355781018062,0.006776542357493087,1.9051107493727004,0.3141539910094699,1.0067277166515063,0.001261224534320704,1.0891536928367234,0.004577184803377599,0.8645476037513238,-0.042832655502695216,Train70.csv,Normal
2.0166666666666666,0.19323047941118227,0.32050661828726534,0.04874336748550407,0.15835376095171044,0.28314207644121925,0.05414839756287795,0.24970730804427724,0.36458077853226084,0.04823472497120112,2.38189697265625,6.33544921875,1.3310029249978652,0.6585584062468635,0.7669182816369763,0.049875518657865686,0.06003362555812089,0.14376952496287662,0.01963853433012073,3.799039480978729,25.998539558414404,6.865262425916225,4.124031007751938,26.294573643410853,5.973400164451398,0.03025696656244651,0.07486708011132436,0.015335546030821505,39.100775193798455,64.0,11.38685545419751,0.024385574881899474,0.040200321151085724,0.0076415030873054875,34.8326706435418,40.0409205178616,2.7355086912384796,4.607790362065261,4.723793647676166,0.05405754655650063,4.891825621321587,9.345139198066112,1.74973950596102,0.26256764382049025,0.45235617954919755,0.09233155535986518,0.2105950894374367,0.3801352019986298,0.059343920960514274,0.14836464353751289,0.25950706997763784,0.044389246003448804,0.24526211798031958,0.33698893899130566,0.04183872915445263,2.8430938720703125,10.791015625,1.8591000995232874,0.6445908324045375,0.788897031696692,0.07566686910425137,0.05992721483404979,0.12989889428714516,0.021055807388161943,4.14718787718905,35.556892195914486,7.66200893743467,3.3798449612403103,20.34108527131783,5.119097180182051,0.031625177006647194,0.0679200785975324,0.013969428008674997,34.3875968992248,61.519379844961236,12.219690425067654,0.02669949135231778,0.0664451900534541,0.012050108666082183,34.30444265595239,39.035982110475004,2.8227851345871215,4.616428576124262,4.699131521662135,0.0735225167452182,5.1726403112385455,11.318053958898872,1.8679986290894444,0.2917365854683229,0.5640790683289046,0.10594156348868097,0.9000161652642088,-0.029168941647832625,0.8019375370324839,-0.1117228887797071,1.1067801973609557,0.013870630675731466,1.1022819842814842,0.006947001513791962,1.0818775789545705,0.027591839540955176,Train71.csv,Normal
6.8,0.18636998746746214,0.26518541812212615,0.034286272190323624,0.12228345690324123,0.19839803470425393,0.02151227202095369,0.18254966486115093,0.22379551691503916,0.023444604503485324,6.752777099609375,12.39013671875,2.4160314586786673,0.5238255017971659,0.6202350295377917,0.046225817926386276,0.18096845662073482,0.26639379272390007,0.04174236501943866,2.2443447646134365,12.55076047268018,2.4196042441084225,0.6850574712643678,2.354022988505747,0.6906812290627857,0.057819955060618516,0.13234882932307512,0.025935570981259204,19.48965517241379,61.204597701149424,14.817921469309727,0.03514889844026786,0.05379450047329404,0.008177083604680963,31.57318564936692,34.01631094612528,1.5531854656011157,5.82772648753629,5.917805061623691,0.04875297360131163,5.274193616540046,8.447574314163424,1.0784108728497817,0.6904976607405457,1.3219181432514753,0.2606878296044554,0.17199734739122946,0.2501570675398453,0.03168932427078907,0.14132763293888728,0.24740474514957575,0.0354762342244735,0.1708827608222025,0.22734607368975768,0.029539465104967928,7.7426910400390625,13.02490234375,2.8277467255609827,0.48991919193992073,0.6206018501982054,0.08459161290269608,0.23736868271826841,0.4705854892939193,0.10787216018776824,1.9563880811526766,11.178038159155125,2.2110510153572016,0.3632183908045977,1.3241379310344827,0.3010353385723375,0.09862421102560473,0.2977897655739733,0.07751186811992905,16.836781609195402,60.763218390804596,14.546414385991078,0.031380658397150735,0.0630787907768732,0.01225517480308306,30.331145341712585,37.32098870535354,3.4834082154596953,5.741825171354538,5.9024699544559605,0.15997637483121555,4.894405283855523,8.261818393954083,1.2833873237373858,0.8729958348972832,1.660029844071798,0.3697656676254745,0.7909518377379635,-0.1824981741567374,0.7963219138354112,-0.3381117008203227,0.5660901116129086,-0.20419169657001923,0.4444371304149521,-0.16544093625089817,0.984382585977947,-0.003550556774718522,Train72.csv,Side II
3.4833333333333334,0.35674398339893615,0.5661847775473933,0.09770000100048926,0.17659127391771243,0.3090963009304224,0.05352718006597238,0.20807487549578402,0.2739935400658355,0.0351382133264266,2.2731781005859375,5.70068359375,1.3135849520656206,0.41786448082670397,0.5803963235158086,0.10633853967958604,0.13622500849407487,0.26985389047073177,0.05100351269249737,3.615727730465978,18.641431553872838,4.3512076292831585,1.273542600896861,10.044843049327355,1.766155894025111,0.029360342019251973,0.10292633816544658,0.020845069821977775,15.408071748878923,27.838565022421523,4.755190443288631,0.0377346202617747,0.0999280414301811,0.01806475135897238,27.14909243044502,31.994057148712443,3.151276204809947,5.041499492995564,5.250128062228136,0.18722809169681837,5.465207452383071,11.523107033323138,2.0100340776472425,0.22947933085085492,0.5812756542984231,0.10573031730778988,0.32040695946323655,0.49262081604168056,0.058275752610206094,0.14827138843348606,0.32250260666686564,0.05776542062124811,0.20857813538373268,0.2800417864259447,0.0382554627606704,2.3555755615234375,9.85107421875,2.1464500866525515,0.4454186036792439,0.6064908278921918,0.08276476161885417,0.14116888029719155,0.3958055935899475,0.06937257603721192,2.7844319767242425,18.129915653090766,3.678278388897771,2.8520179372197307,30.708520179372197,5.697121906123452,0.025099474598695087,0.12488745522082574,0.026236811090562934,14.304932735426009,23.246636771300448,3.3715174393369436,0.037839331733346235,0.07686458641310426,0.012248028902968078,28.34282280889328,32.35077409222576,2.909132749967962,5.1088253601273275,5.229287831765221,0.14120527601438754,5.349288513086665,10.754827378709798,1.4735487049807183,0.2322672682579767,1.025736447101808,0.20951546048846076,0.9879968520057588,-0.002787937407121771,0.5666910397637829,-0.4444607928033849,0.6817839215999434,-0.12595170311921572,0.8241527314276659,-0.021961117055379162,0.9784023398232714,-0.0060482463601092,Train73.csv,Normal
4.65,0.3461662130402675,0.5523499672801854,0.06905810418152583,0.2071698666215254,0.3115773565574402,0.05384523396007935,0.22696083539999845,0.30682976119754113,0.0406962178829986,6.4403533935546875,24.40185546875,5.555276333988665,0.343705202611725,0.4833365024453653,0.061489098303678706,0.21739748632766503,0.46871700402087957,0.08313255671951301,8.288684529813647,38.74258668041225,10.26908467661964,0.6924369747899161,3.8722689075630257,0.8026507880456571,0.052490597262990615,0.16411068251557479,0.03768996160865785,13.310924369747902,22.157983193277314,3.807772871631404,0.0528143901275218,0.09849765173535092,0.017323454972808128,24.6135896012216,31.497471181183027,2.8254771404835033,5.332436271139423,5.509546879386949,0.12313146248497686,6.768157834079361,13.221758008038845,2.5282901970951275,0.48051858756643795,1.403186194395933,0.28090485447421554,0.3587809884811745,0.5617140516429862,0.06948438932961497,0.2101334800002766,0.36318533598600766,0.05046533535017875,0.23879904492185236,0.333027884319981,0.03957968614590263,7.3795318603515625,23.583984375,5.223200941868867,0.3389259815626024,0.42649175413948265,0.05199028477980847,0.21107572010458053,0.3826188771811088,0.06737257026008893,11.126802729248427,51.878830501227235,13.203020253112097,0.6924369747899161,3.4420168067226893,0.7388538084190812,0.05368366531137532,0.2595134627250965,0.044879761000984834,12.618487394957985,21.942857142857143,2.5417721946340097,0.05238434649247671,0.11386866461441666,0.019470308330080892,24.30281923921237,30.100801394894283,2.341603383503722,5.3247957604323295,5.48270857533538,0.11901269036024446,7.534131085482531,16.548859515955517,2.888779300093301,0.5152976363087556,1.376579298854344,0.2804048202356443,0.9325068713220613,-0.03477904874231763,1.019328268661605,0.026606895541589015,1.2250232038969522,0.08609812683977075,0.6323782980655592,-0.09540278020952173,0.9213335420928247,-0.026198123122439854,Train74.csv,Normal
0.0,0.19634481357790085,0.2229061105726978,0.018772516199481594,0.13165455352313576,0.19786232710800802,0.03683726908435056,0.19559036441673283,0.21452834025578274,0.009896865134117225,0.3192901611328125,0.59814453125,0.16793292170811142,0.47779890115512624,0.5941234802089984,0.09881034348033689,0.13048663027076118,0.17535458695788342,0.0172123756110749,10.46555187019975,17.813372926221593,6.342352126130796,0.7864000000000001,10.4192,2.1151199682287527,0.0015805736220294879,0.005085631365874719,0.0015845280514075245,10.10925,55.944,16.117632252831058,0.1540460345691931,0.29167559557399664,0.0775718924531491,25.302025700772035,29.96831997787462,4.2457960941515624,8.140954611532054,8.379536550519187,0.23534099381174525,3.483930228980376,9.454734371084083,2.1022480810099644,0.07152493710646399,0.12855394945654353,0.028537325285629942,0.19096855371177107,0.22294225648885446,0.020554809175572366,0.13951276601294804,0.20476951621797804,0.04214467284127905,0.19472714881009912,0.21507469697900158,0.013823733832362612,0.3742218017578125,0.5615234375,0.15598660486046667,0.4648297587811665,0.5928558018963213,0.10922302598848649,0.1313542223665108,0.1758823058569859,0.018809131393545814,13.224126210533734,30.89877655199966,7.623657667706929,0.4496,4.9664,1.3050655768964257,0.0019318886672603707,0.005284454059155915,0.0017295015792289693,10.357125,48.708,16.606534443837916,0.16818662624698633,0.29249762153353104,0.08881657753958545,24.6948009884511,30.125944871678982,4.712613185862036,8.102727056275754,8.37988923952907,0.2534324219249112,4.55008698575394,7.842575073641391,2.0463783422123933,0.05582100474266967,0.1347985158395706,0.02326396522387689,1.2813265571779229,0.015703932363794318,0.9536748064486571,-0.0062445663830270615,0.9969995850717857,-0.0005277188991024695,0.9623757433726848,-0.00019882269328119588,0.9974596838756357,-0.0005463567232188438,Train75.csv,Normal
2.111111111111111,0.22191054696272033,0.4698086159033269,0.08018025404151653,0.18283142636173935,0.28618953431923627,0.05510198303418095,0.23979136567701215,0.30352142247312375,0.04277673960060183,2.362823486328125,6.0302734375,1.4209068845386392,0.6323269509620534,0.7590813422227616,0.08048578535676748,0.06297284908248173,0.11842693051600114,0.019788809475693687,3.6713241691095577,26.621766534511522,5.588045823755413,1.3185185185185184,4.266666666666667,1.1351474224883273,0.03196126250221321,0.10590072982130694,0.021588002983380143,32.77037037037037,51.67407407407408,9.07324863970535,0.030674378576797886,0.1203986580339412,0.020492525305355273,32.5374961216164,39.045428698446294,3.0000507390229627,4.615109384938844,4.728154857256242,0.09099419371207698,5.098976267858095,10.67514846226871,1.8236486938998748,0.24895478081683164,0.4815805334270642,0.10738979307572849,0.22193559565948864,0.5517255899368663,0.09920594888384476,0.18006209071629659,0.30638394411412584,0.05141916503330161,0.25131405752863484,0.3535390513673936,0.04487005241424013,2.7339935302734375,9.65576171875,1.8652869121657136,0.6341914150074419,0.7767131694398262,0.0933281267400571,0.06677908345412223,0.14833922584229706,0.023917468201679053,3.4719869667291454,30.62952197114477,6.4263935227917415,2.4592592592592593,16.11851851851852,3.4603297574332896,0.03659669564843619,0.09180700793973473,0.022391996513059443,32.57777777777778,51.67407407407408,8.730427060170038,0.028995576220102286,0.053842757026755624,0.013461438846916645,32.11287365440212,39.37965266987254,3.0795874530574197,4.593483614597926,4.760673805691634,0.09100278289315375,4.99447382964882,9.174676031020887,1.4890853723596498,0.28954408176568824,0.5862731099606469,0.14030315480506425,0.8598165033760912,-0.0405893009488566,0.8214269500403371,-0.10469257653358266,0.7983520814888945,-0.029912295326295912,1.1535146503991194,0.014093721881572208,0.8585230413462438,-0.05001762889426986,Train76.csv,Normal
1.6611111111111112,0.16221070864840753,0.26230725677987976,0.04333378331167081,0.16373406297920287,0.31646026805953326,0.05385903114524939,0.22882579472359654,0.35341117344255985,0.04237059821096569,1.462554931640625,5.2978515625,1.1407633882828079,0.6654702427359692,0.756116231356935,0.06319585544723458,0.06940544034164542,0.11812334245746418,0.0236199231403652,8.133656206899053,56.09373320780758,12.231886664465065,2.3207547169811322,18.11320754716981,3.4851564404970894,0.012597815881706538,0.04030248331723495,0.006638483633068368,34.924528301886795,46.490566037735846,7.075220121313608,0.039605068800270204,0.12219308921585742,0.02058137988895576,34.588564611229856,39.46087521052267,2.5210205668842574,4.450488093682122,4.547761502005037,0.054717831048334414,5.629361625897818,13.329910910643534,2.8647108899297717,0.1360159757468703,0.2858478572388148,0.04736531251452706,0.1545530020145884,0.2504447265612308,0.032756402896032266,0.16215810320211488,0.3286033065476604,0.05990560971188484,0.23133342056348027,0.41200785703778525,0.05119449556727957,1.2340545654296875,4.79736328125,0.9675244732634718,0.6619058080502244,0.7953774025008041,0.06485453029321507,0.07546802929026045,0.16976993460709017,0.02963116687853206,4.096348508476304,19.577210299435126,4.905349583705537,3.0754716981132075,21.132075471698112,4.9105563377020545,0.011087860773293115,0.022636294872284007,0.005103722555786241,35.339622641509436,60.37735849056604,11.889113280473932,0.04317721320989817,0.11609889793090358,0.01989470280443799,34.460631801771044,38.67111887405822,2.4921246625962072,4.4631717379081675,4.5474515306542225,0.05311380088702476,5.347354952822283,10.30671956521387,1.7741220095746357,0.1184535456954075,0.27477523005978033,0.05173514515904475,1.148264273560529,0.017562430051462796,1.0402970316368343,0.011072627179034455,0.6957848103968471,-0.05164659214962598,1.7804363198212791,0.01766618844495094,0.8577777499820124,-0.05859668359522541,Train77.csv,Normal
0.0,0.1995119534173263,0.2249597251749173,0.017759462971611982,0.11898802793868606,0.18876817810435623,0.03508692482722146,0.19668761169022364,0.215834516100067,0.01192412331700369,0.287628173828125,0.57373046875,0.16770617065802415,0.505368958802062,0.5900598935071856,0.0884239796955835,0.12834268860560788,0.17560334052842225,0.016281552563102722,12.520431225267618,72.94839448358259,13.465810656175904,1.9324000000000001,25.881600000000002,5.410111289058664,0.0012042279456464212,0.004949359321766141,0.0014201451172462796,12.4815,59.303999999999995,17.87173141444331,0.12984876743729878,0.26388626096026435,0.07064101908665252,26.482398070627433,30.270923459918446,3.8881709296157534,8.203317827310595,8.385373982833084,0.22783940394077232,3.2047999839557546,9.567691291995734,1.86320602769793,0.06975853620863981,0.12767679392351902,0.0303431558164267,0.1979706552283655,0.22508338116616514,0.020281160194860134,0.12419725892129278,0.20281313453593253,0.041353077630541,0.19594637490617375,0.21757823908097298,0.013922925534566626,0.3253936767578125,0.5615234375,0.17780540888676138,0.4902321602224896,0.5981422534114526,0.10773618592132396,0.12831273542228847,0.17423114593215966,0.015941374470723597,14.386374059510311,69.172187840757,15.779663982493402,1.2692,14.912,3.447386465135582,0.0014935683696806021,0.005951791084240461,0.0016641808825801137,11.565375,59.16,17.328547879420682,0.14475038774314256,0.2979610381213193,0.0909734870429751,25.85524352688741,30.33179848656442,4.718229201405793,8.172114811860421,8.382387129730652,0.25216013785313246,4.251891518552337,8.124278827192715,2.1136294611121627,0.05284514433070081,0.12727116581497727,0.02549812811232768,1.3200557169839597,0.016913391877939,1.003187109214858,0.00040562810854175013,1.0078757077619243,0.001372194596262588,0.8315746336084847,-0.0010024317624743196,0.9919857611668471,-0.0017437229809059984,Train78.csv,Normal
3.5,0.35038248528097465,0.5239825382003507,0.08432983937336709,0.19484165706893325,0.3143031674082794,0.044160127486832235,0.22019705831400924,0.3306592547910298,0.04038686917116615,2.536773681640625,9.38720703125,1.9403479296830517,0.4100640193910771,0.6157616562436333,0.09214163606723517,0.14612118999602008,0.3314063820540438,0.059183298677796765,3.933372681812147,12.026766052010835,3.107627101039105,1.125,4.857142857142857,1.047196207956839,0.027497976901701603,0.10151254130520683,0.02270021807872829,14.919642857142856,37.14285714285714,5.7785380429019675,0.03907819903951063,0.11332923117870321,0.019483775967490916,26.82678622837347,31.866001374712457,2.776715909363219,5.074226365126556,5.259609628235335,0.15996956551074598,5.891733977974059,9.406895888393745,1.679060470133676,0.2420210589298869,0.9859583850951881,0.1910694165681814,0.33828936230475426,0.47180154865973095,0.07222822992844051,0.1784584076172954,0.29953227502334245,0.049284661376765196,0.22411123139492742,0.29349413492515036,0.03278419324083862,2.466583251953125,6.89697265625,1.5766573442520861,0.4205098935598205,0.5882141475490572,0.09769651730710403,0.14823340756925424,0.2725313721908667,0.05841359449962939,5.501460604703153,40.21214001192475,8.268938079396122,0.8125,2.2857142857142856,0.49543515710732433,0.03086607221667236,0.13589699207969624,0.027588612830773563,13.946428571428571,23.142857142857142,3.1301997556392593,0.03596989868581464,0.08407709982723018,0.014020841897415757,27.46980039733585,32.44311767259319,3.401574732569713,5.0877800802292095,5.311374256805188,0.16088821206892495,6.2212336341673815,13.504585748615058,2.7986983426316634,0.22825155309992196,0.6612111528375635,0.13873591445192476,1.060326006910503,0.013769505829964945,1.4911399775591259,0.3247472322576246,1.2160302066285196,0.05887500986317712,0.7469815115458457,-0.034384450774489414,1.1266298515598199,0.03716511986587945,Train79.csv,Normal
3.7333333333333334,0.37439339183342835,0.5853367146347631,0.09261657457336539,0.13669982193671393,0.3118033614423173,0.04998327475516467,0.2565026981706513,0.3436656758210006,0.04838793400615864,1.227569580078125,4.3701171875,0.8014100647170069,0.489279781745236,0.6567116870776694,0.09920884610901642,0.07932253681381665,0.13318897247760683,0.02320583342395476,1.0101303344716783,16.318067553446383,3.321179575185383,5.372384937238493,24.903765690376567,7.009156266190188,0.017166677702054482,0.04848251256152353,0.009761625728873182,21.782426778242677,58.91213389121339,9.684835929842741,0.0259256767379056,0.05926254063505133,0.010681056780388533,29.32586309881866,36.000317096777295,2.9459769127331414,5.119582044297337,5.2790229751625475,0.12043922652135407,3.885183535284664,10.872962158391953,1.4161504361363555,0.16822006291262093,0.32023119476071893,0.05582270325091797,0.3873755542452283,0.5606254619233267,0.08676184228085648,0.15976841083855303,0.2647354475053087,0.048076611881030046,0.24477912646422845,0.3310063228437432,0.04545903756320337,1.1997222900390625,2.9296875,0.48691782736632944,0.47416096358977544,0.7054851943452078,0.09575166899104548,0.08425697188344122,0.1475865057798282,0.02513038756229672,0.37862328510477367,2.665385822426077,0.6306561400891372,2.2761506276150625,11.782426778242677,2.933409512998379,0.018612840276992185,0.08034670203912118,0.013230105030860388,21.029288702928866,55.96652719665271,9.146343983809231,0.02582665437367649,0.0595738177777077,0.010658961220122557,28.75919841688593,35.310139351024965,2.6453111212124343,5.113301395197301,5.274504477147602,0.13016951713867614,4.004907949158123,7.005767886030319,0.8549156652213347,0.16438393261852613,0.3183713571364765,0.05454292454760694,1.0233364003990624,0.0038361302940947972,1.0058417209234165,0.0018598376242424108,0.9024468115930149,-0.014397533302221377,0.6034163285818607,-0.03186418947759766,1.038245045684485,0.012659352977257399,Train80.csv,Normal
1.7333333333333334,0.22925884295512605,0.3820492130707397,0.05456732782703949,0.17830350235096862,0.4371305637672973,0.06545871429747326,0.23113449607195935,0.363083781772458,0.04991391515751835,2.8472900390625,9.36279296875,2.3064001637963782,0.5922370963659174,0.7802114268030852,0.07389683749964933,0.07343729328466318,0.15404418716794224,0.025753949982455608,12.224717801423031,83.96940562932858,21.729928811117002,2.558558558558558,17.873873873873872,3.6945285806615726,0.02662266237968059,0.08541634033743328,0.01958187931571103,37.38738738738739,63.42342342342342,15.689948974523388,0.03623757893079957,0.11582214222461208,0.02151883230701174,33.77622845470803,41.18544002709779,2.972142437937487,4.493931141998704,4.601523719316552,0.08223370139333808,6.383622961314196,17.440051584616242,3.458893658835467,0.2390637733707883,0.4302651424015291,0.10512876376877951,0.22883655024361782,0.4367013356473119,0.08044132982831716,0.18493604837829924,0.39868171400670477,0.07178189561725952,0.2347897435123729,0.36136087560100494,0.054605489074056345,2.60772705078125,7.2998046875,1.611367860939899,0.583541957123606,0.7823235948674478,0.0864304560765284,0.078171705284913,0.16559673418073637,0.029874431549472388,8.510949389598167,43.35919581072386,11.506468735833346,1.4774774774774775,5.7657657657657655,1.3047832065031835,0.026808105903740387,0.0568049946202825,0.014631808324917865,37.63963963963964,62.27027027027027,15.410104125118195,0.039729910047619846,0.0956686779929018,0.01677693286659508,33.447317068695725,42.89096746691561,3.5695717860455214,4.4723183582411234,4.57586980374477,0.09701127605351634,6.316437550180991,13.570185158203287,2.5687077706751063,0.2251909496887117,0.4129832615866393,0.08644179400195875,1.0616047076476596,0.013872823682076596,1.0418464412011472,0.017281880814889794,0.930236861251006,-0.011552547012794123,1.5036765588084116,0.02861134571715078,1.0047678243080955,0.0017229061714530425,Train81.csv,Normal
6.4222222222222225,0.20199309878465882,0.3256299559678782,0.04602297695810998,0.14049014729931572,0.22487723538861132,0.03081645453652469,0.1851646235824595,0.24076850253065038,0.02691156580830017,3.1070709228515625,7.75146484375,1.6236727788863048,0.43376902218462976,0.5769958091095589,0.0612040491607586,0.25452494303534545,0.4195043269558551,0.06529025305367955,1.6512739865395947,7.961286599289501,2.140664864956782,3.951338199513382,31.92214111922141,7.802197030893847,0.047213628423262245,0.20029098255124136,0.03694680557802827,20.058394160583944,33.47931873479319,11.039529786480736,0.04582199111702767,0.07397955308957811,0.01212017437585353,26.862633012853742,32.84490792692727,2.402612170501498,5.619142333402261,5.849828698241916,0.13921455887224518,5.203093093254786,9.280252090148847,1.568044066656723,0.3316443262082903,0.9100986757200485,0.15883109817066432,0.19528765430869605,0.32868353537251754,0.048746941343784427,0.15397841421181424,0.2369039348473073,0.0402168665682062,0.17904153795987576,0.2802478745618592,0.03314084783104482,3.885650634765625,15.07568359375,2.908505217033197,0.4219717127519492,0.5384871606947765,0.058337535051784836,0.2728359057730134,0.4353961833752538,0.07227349161542893,2.632475259442811,21.484144184647644,4.568568691632175,6.082725060827251,30.520681265206814,10.228071495758076,0.051742720947680475,0.1684362279982906,0.03431238844912499,17.201946472019465,32.07785888077859,10.46963019623485,0.04287071936977792,0.06846412020444892,0.00944394162592083,26.787631398670023,33.48916061419334,2.7637190555548643,5.611343350574605,5.799670134202627,0.12317713298602624,5.736339944155254,10.592626290631372,1.838767617561714,0.37208934794848963,0.9500292861339468,0.20609027885955583,0.8913029280346362,-0.040445021740199316,0.957969073212089,-0.039930610413898227,0.9635002372788318,-0.01589185641939872,1.189120557628217,0.031854754552950754,0.8591269498401799,-0.0394793720312088,Train82.csv,Normal
5.116666666666666,0.33436594897224997,0.5023498821983924,0.07452541807116515,0.1524999658134632,0.27855061517112956,0.04232591806040762,0.23722091905077491,0.3279580937139588,0.033214183382159965,5.14678955078125,20.068359375,4.698492859389616,0.40679045875522457,0.5824639798898588,0.07250557014695122,0.17128795450883846,0.2900125953125597,0.057396902433698514,5.1350812317445715,24.875483500360954,6.584802238516647,2.381679389312977,20.909923664122136,4.78864301416776,0.05486071378886804,0.3387741710108432,0.06616825492779876,16.58625954198473,27.358778625954198,6.022005757860666,0.0465126250789724,0.07955161455644548,0.015544451924320322,26.760731921496834,33.321426388256754,2.5468480698289224,5.469932101895477,5.583686190419945,0.08314675555953537,6.070326352008422,10.1807308418768,1.9245543308436641,0.43825411004794257,1.5434365492912618,0.35633828479515417,0.31857090441483826,0.4616211236055375,0.059692462153741285,0.15390923968296027,0.30079294964004716,0.04773221275986507,0.2427762507309216,0.36613632311038263,0.04403243059976093,3.6746978759765625,10.36376953125,2.3362765456364887,0.39694492260146075,0.5220886770301608,0.06904770707564792,0.19516848776060625,0.44619069445551424,0.0639993089240881,3.3250432044937703,15.570048716607097,3.9635076545941117,1.3801526717557253,10.357251908396947,2.0778799826521244,0.04488771887735822,0.1811695779669852,0.03516723663962724,17.72824427480916,27.945038167938932,6.533286636555285,0.049605230692951405,0.08726059431664551,0.01739320172512181,25.9284008689148,31.323684340850708,2.296909904623991,5.453089226782153,5.624377466581793,0.10569136259053724,5.547259976297587,10.812388020109504,1.707974158553961,0.3574067335821497,1.1881567117912828,0.22452750613978828,1.2262055178123963,0.08084737646579288,1.2990176570776897,0.35527983749997905,0.6499745473546619,-0.15617809914295455,1.8699285660567686,0.15760459304385796,0.8957267337809567,-0.038178229396423846,Train83.csv,Side I
3.9,0.386720658770611,0.608336720680157,0.10807273334166112,0.1632411811420239,0.35301639478342506,0.06893663363869991,0.24522579800277616,0.3975317753289825,0.05910622512122911,2.6782989501953125,8.0078125,1.8072999817459845,0.4742812390449808,0.6518478861750114,0.09431233636008417,0.08166043344684276,0.17126426158556057,0.027203110211226837,1.6025769908319814,14.555860213279402,3.315638668599251,3.9278557114228456,32.57715430861723,7.362593449190512,0.04179593985400511,0.14702497822640267,0.026562102541663433,25.93186372745491,54.38076152304609,14.55052467101218,0.02532075217192878,0.06316512217595728,0.009477405690322094,28.57070888138947,35.74487979851022,2.615264543687056,5.10146612002629,5.295003377951026,0.12069433848320313,4.555194234156289,7.541703985580117,1.1628407518519457,0.3098821073082406,0.8967153546670676,0.1591569902017842,0.39144592612168283,0.551979406709643,0.08384742022105271,0.16959783811541962,0.32335466715910294,0.06391386083892678,0.2593243319445264,0.3817080943260317,0.0599401323077765,2.8118133544921875,9.48486328125,1.8128895540707917,0.4624565789347908,0.6265027402844441,0.09322844828841459,0.08589330942311749,0.24153114699415534,0.03685651926724466,2.7162955966367326,17.011711746682145,4.90610121638311,3.31062124248497,38.73346693386773,7.717099473418325,0.04390691867521195,0.1458207424701406,0.02832261012562927,26.220440881763523,54.38076152304609,13.81226991066784,0.029444457551687113,0.06333805218164078,0.011424709429209354,28.127508684231536,34.8928173302757,2.9313236435291974,5.111161551468209,5.307757300599338,0.11492898469635097,4.900927152166309,11.726165256818215,1.8278075953491268,0.307872829661388,0.9152081800449543,0.16443491821291406,1.0065263201125483,0.002009277646852603,0.9797938580960103,-0.018492825377886657,0.709077330223698,-0.07026688540859477,1.008258322702275,0.0012042357562620787,1.041454923793102,0.015823681002950785,Train84.csv,Normal
2.0444444444444443,0.21626541531981547,0.4591384435505843,0.09368900585558368,0.18885841675093606,0.32219033394743685,0.05661738300881046,0.24379754150791721,0.33957276758257565,0.04100141919847914,2.8591156005859375,7.04345703125,1.6680940986737873,0.6582134528329157,0.7828149040970657,0.08981737846668658,0.056740053000767024,0.1897681820091687,0.026646152013280803,4.254620439886259,30.31616151371746,6.412952352308556,1.8237547892720305,12.260536398467432,2.618806878967336,0.03519149655084798,0.11424057581479391,0.025147795923962834,30.160919540229884,53.946360153256705,9.42627163661017,0.024680269323637583,0.08749524918509329,0.017190501613602444,33.263330795058124,38.32327185821644,2.7399599043508656,4.570016123829907,4.696048554388008,0.07507093993534332,5.3265836794723,12.48462924484258,2.095761170106121,0.29170310090816925,0.5087835124879111,0.13798504494560843,0.2228640422226974,0.35174506343312884,0.06215397678271333,0.16888457157789016,0.35093292201750476,0.05716934979707658,0.2493116932820328,0.3433213745788497,0.04686217193771946,2.9766082763671875,6.201171875,1.3276132459308687,0.6430637023895396,0.7592838069069351,0.07102003004474773,0.06050565761673714,0.1252584177405906,0.022545014802043677,3.7575994328143616,27.409269713789985,5.543902129689111,1.578544061302682,10.78927203065134,2.086937693265069,0.03491838897403386,0.09961186759249703,0.01857210689673337,29.195402298850574,51.00383141762452,6.06244085975939,0.028086812451742386,0.09338050406611689,0.016841671055423554,32.777514364247594,37.323372858184776,2.5880996447525786,4.600330178029514,4.704615278399318,0.06739633813921608,5.391989319524507,10.001814138398224,1.7749310020909992,0.305815247664615,0.6623572614137136,0.11859569735380744,0.9538540088564307,-0.014112146756445731,0.7681406113580451,-0.15357374892580256,1.5150133932488594,0.0645097642685781,1.1468570706382546,0.01462870822229688,0.989081344003257,-0.003748606996274051,Train85.csv,Normal
0.0,0.19826734057060505,0.225165940951002,0.018800553983053032,0.1273075177741405,0.1949592777717294,0.03811851458468754,0.19503962376986494,0.21566534787060046,0.011309084962087478,0.3093719482421875,0.6103515625,0.1610394228884157,0.48395275158292356,0.5854491315791188,0.10276444539136302,0.12938411983700154,0.180150225037835,0.017178371888841207,11.705476261152,32.236296845449154,7.84311904568882,0.8644000000000001,22.886400000000002,3.989461938657894,0.001583358983909754,0.004976986665646509,0.001626880509045236,3.4335,24.852,5.380217723289644,0.14767410217725455,0.27238641471198305,0.07927885977131437,25.608236477572078,30.131319262842528,4.420393225580868,8.140144999826848,8.380970182022056,0.258780638170542,3.185039570846133,6.443662733278813,1.533203471654494,0.07059423696313433,0.12788611681990605,0.03019595095541641,0.18949479659582497,0.22787932661296406,0.021325937190141798,0.13374808286325587,0.19766618763203755,0.04046526259768314,0.19371525177802246,0.22689659536596096,0.01555068876128932,0.363922119140625,0.7080078125,0.18521523954402894,0.4717782258634245,0.5987822063193876,0.10269917801166098,0.1318149706550102,0.18667074290701927,0.016806644458446894,15.755957251389413,102.6698612278507,22.36937696581707,1.0668,19.072,3.743232207598134,0.0019045325916171307,0.00603088105893409,0.0018813825704840667,9.260625000000001,57.744,15.767899895337203,0.1618888769306086,0.29770525154235966,0.08709936575284656,24.96631477350398,30.104542747930385,4.543036307959664,8.103623294230921,8.381699951085931,0.2695933766989037,4.313238876975267,13.00066593470435,2.209522017867831,0.05431960542666273,0.13522735224867916,0.026071317203146448,1.2996087712536004,0.016274631536471594,0.945711897390517,-0.007341235428773102,0.9650694118815312,-0.006520517869184256,0.8252502066880332,-0.001053894393287581,0.9505005862791981,-0.011231247495360502,Train86.csv,Normal
1.4722222222222223,0.1842502192101375,0.2757096623133425,0.04944127310361164,0.14556244649296707,0.44310811244060677,0.07224719620072853,0.20146205863973024,0.3046188198841577,0.04775763935754186,0.5611419677734375,2.08740234375,0.3325783818215715,0.5467477652849149,0.8867384014982103,0.10292136759662944,0.10378841907253082,0.19628495532429593,0.03801252346495212,3.445119328211247,22.004309524685848,5.355617442495424,3.5106382978723403,24.51063829787234,5.832387989535664,0.006582555358241132,0.02593004636444692,0.004392266815253222,34.829787234042556,64.0,21.67531718990367,0.06662763303518489,0.13281282295305274,0.030881997922871624,32.968403070800576,39.82385229448886,3.781167769530282,4.37851838985042,4.447612535054526,0.07944057297066076,3.7447302293243894,8.516018212129419,1.4702856382663805,0.09296187900758637,0.15427060446849936,0.029458810778289848,0.17594346715656017,0.26678627769606805,0.043722125422988714,0.1448435681364994,0.2524316406894025,0.056545780182647526,0.21686764388181853,0.38708350888088366,0.05629876258000651,0.50201416015625,0.96435546875,0.19802945566410382,0.5499019599621899,0.7985124124907382,0.09205272450574627,0.11466961640568137,0.17803141663856717,0.03846286608059398,2.855349248575934,15.836736556193621,3.9842019890462796,4.404255319148936,30.638297872340424,7.0878532787723065,0.005850625765798352,0.010485138666528572,0.0022502943770830214,36.36170212765957,64.0,20.632188172203175,0.0640074337295066,0.1407067232137304,0.02610743421101754,33.08012369720527,39.95284113127373,3.457473751212341,4.380873103212689,4.42636688375739,0.040327930034884635,3.832133487709452,5.892162973258838,1.0052869471041161,0.07500235127872021,0.15644595256774493,0.024778056569247503,1.2394528462537524,0.017959527728866165,0.9860952038091314,-0.0021753480992455776,1.1025298676371067,0.018253538685728765,2.4730282274849142,0.015444907697918347,0.7869589174126723,-0.08246468899672599,Train87.csv,Normal
2.061111111111111,0.26146421705391387,0.4504665626396952,0.08024427702638265,0.16414424780136028,0.31500215781176255,0.04854046048991162,0.23695271926819467,0.37842423849317025,0.05643496704596614,2.6477813720703125,11.6943359375,2.561769115518792,0.5811253145394961,0.7849521710924783,0.09169686817838342,0.068598620897984,0.17059953162808317,0.030687335484886676,6.941240213120315,30.411216650997517,8.280738259438383,1.7878787878787876,9.212121212121213,2.083429749835042,0.023507204672155356,0.12608631996466757,0.021574558951358114,29.136363636363637,63.03030303030303,13.275554908429317,0.02948190242988039,0.07066321849004673,0.014644416372170427,32.78659146290989,39.62398103381802,2.4831329615980544,4.652790973428228,4.782586564262457,0.078085211881138,5.9205924618097585,10.47411569317741,2.4594202523126696,0.22840174096209281,0.7031160777903424,0.14960916656812753,0.27530884830905533,0.4695650925311555,0.09009794689484432,0.15993817354759599,0.28498631042281675,0.054955975533478786,0.2422776029745129,0.366322205333242,0.04951137129343777,2.4593353271484375,5.8349609375,1.5381857956910552,0.5693475502064291,0.7622504616448362,0.09459558117325736,0.0636773291292881,0.11904319148281221,0.023859414313057423,6.682116546193699,23.111329540310262,7.214512537139587,2.0303030303030303,15.515151515151516,2.8695225699782054,0.02092578881131097,0.05328202913058556,0.01053713616270458,30.166666666666664,61.09090909090909,13.004617037004788,0.029454374281191173,0.06384195537488488,0.014840798034350856,32.70903496747737,37.87492051582321,2.986350914898764,4.650500258095792,4.7508782277717,0.07687003406489941,6.423737033687342,10.258674154750727,2.264889330581892,0.20940024339578645,0.40946706362725455,0.09373421835767949,1.0907424755932553,0.01900149756630637,1.7171492863056077,0.2936490141630878,1.4330893524441963,0.051556340145270954,2.366394817458167,0.07280429083408202,1.0330365780471387,0.01210203315992825,Train88.csv,Normal
7.238888888888889,0.1659886364996451,0.22453740760179955,0.03160052033509837,0.11942215705162933,0.16928317992757733,0.020858301227098898,0.18455885458531407,0.2518000395171135,0.026385238380304557,7.0522308349609375,17.78564453125,3.1627730025668495,0.5238373539585958,0.632580538181658,0.055839772830616356,0.20106900331565467,0.320363004349864,0.05586245474614182,1.2081959607447406,6.352466380513455,1.2358186776867395,0.40172786177105835,1.6587473002159827,0.38999088010459315,0.09129354531160433,0.2886343898278842,0.06887223109672876,16.937365010799137,61.097192224622034,15.114039981834424,0.03413926105285383,0.07168571153624131,0.013356079413196406,32.23209287360252,36.87174870078963,2.4770267883091988,5.852927312059121,5.948638862171967,0.08460697910914936,4.812106797980816,8.87698487921176,1.0404388068001613,0.7846500339083924,1.413614808127386,0.3094421129813614,0.162813152837083,0.21840866135286655,0.023741457792465222,0.12435102707507475,0.17250103779806647,0.021040822544642294,0.17896846330234448,0.22593084661756285,0.022115541546908094,6.9660186767578125,15.02685546875,2.598308985621855,0.5303451226551903,0.647809036166525,0.06575097431175939,0.20920198792968722,0.3400094325184165,0.07507610949847193,1.52966670796101,12.757174564860728,2.353893823146065,0.6565874730021598,5.114470842332613,1.0092842758711176,0.08493666237468277,0.20708344136939102,0.047880770262533796,17.295896328293736,53.494600431965445,12.92485648491475,0.03322485858740166,0.07397837961859202,0.01142608757555952,31.806141928760496,37.993370074811274,2.693562323110394,5.844452234796217,5.958027258323396,0.07444882267319702,4.6989489512634925,9.875703453453744,1.15469445834807,0.779209367464055,1.3785049729923404,0.24940210896227996,1.0069822895675162,0.005440666444337383,1.025469501233182,0.03510983513504562,0.9422179879974172,-0.0196464281685525,1.3938071848014981,0.08155094845849317,1.1145004861989447,0.02586919289955064,Train89.csv,Normal
0.0,0.19963436449392302,0.22085212794966735,0.017513574031651123,0.12333645176997238,0.19750180352991292,0.03912707599621919,0.19683414613586175,0.21783183440942427,0.012755764029574793,0.30517578125,0.5615234375,0.16622978309809963,0.48903917538152947,0.5874488969737588,0.10066310266116632,0.12856200716360833,0.17300191951838229,0.014723102096935434,14.374891560755568,95.35300071847057,16.844039121856827,1.838,19.264,4.350906756068211,0.0013528152684930208,0.005078057415595128,0.0014539969398818797,7.867125,52.032,14.373054433013706,0.14313372662867657,0.29934423506008584,0.08306715881614514,25.845364549923428,30.06655311745738,4.3371793563813394,8.17741033999366,8.378464582081651,0.23246584322336067,3.4046416810943785,7.622547999072271,1.9893837678641326,0.0705297388405157,0.1261723497694785,0.029086603900585192,0.19534628886248823,0.22215005592521517,0.01931786733904046,0.12278596679679982,0.19444419001946717,0.034989970325938875,0.19396151227527814,0.22043857634370392,0.014109871824367622,0.3246307373046875,0.57373046875,0.17522669777377467,0.4927282592267487,0.5937323230621424,0.09694821769275185,0.1277008744572024,0.16681964084125467,0.014833261747929115,11.46765144992398,68.78778597247856,12.054038943999473,1.2840000000000003,16.947200000000002,3.8281850738959844,0.0015070254257283484,0.006088452511676406,0.0017238088017725315,11.224875,55.908,17.774749582887942,0.14369150180609058,0.2817556983472294,0.0788937991075539,25.877821971096587,30.266918582229895,4.251080703785972,8.176672974338754,8.38188743042279,0.24655077519789273,4.106402136575377,7.809659751227752,1.9050546181566206,0.053683543637810555,0.1274173757763315,0.025315685718328464,1.313805549100049,0.01684619520270514,0.990228750282322,-0.0012450260068530006,1.0370596508234364,0.006182278677127617,0.8340471690974488,-0.0010103950960812782,0.9881747425260541,-0.0026067419342796494,Train90.csv,Normal
0.9888888888888889,0.16446928858833693,0.26247742216901027,0.03881572120157308,0.13604108651322894,0.25912102204134985,0.05349431847432853,0.2287669884547974,0.29468613868108023,0.044907479224546513,1.9054412841796875,4.72412109375,0.9843485360098323,0.6101335367905423,0.7160096367729851,0.05967172480079468,0.08050423933522823,0.14414464780332228,0.02432299975510645,3.05737695368055,35.7655102689198,7.347546715518345,8.825396825396826,39.61904761904762,10.326979735432536,0.026505626787369778,0.061004744652017225,0.0151662770856976,49.84126984126984,64.0,13.873124840660275,0.04773604153952117,0.20262005209340925,0.033642123807353035,36.26345543884274,41.93878264553669,2.9629619343254867,3.9698207532897953,4.05872820357826,0.05761713230381866,4.43624892868632,10.327475155161094,1.4281151406602073,0.23508108408801232,0.517880261602796,0.10442318564621277,0.16583043518025836,0.2735846705985803,0.042720528665451035,0.13775471077902038,0.2556713668722319,0.03572068327098281,0.2213713612081636,0.2820538012899878,0.04144881790542274,1.7673492431640625,3.99169921875,0.9245956650695758,0.6409752706661996,0.8086031164598672,0.05850307588962878,0.07395531359363433,0.12108084271606101,0.020705698856325543,2.0971342250695115,25.939640589525805,4.919283650977479,5.587301587301587,25.396825396825395,6.43497623330536,0.024549529088398456,0.07045967375558776,0.014991946693979255,45.42857142857143,64.0,13.333295540384835,0.04585230836400019,0.08458468709838678,0.015706200150972627,35.87245647235162,41.23916900527925,2.2021617488781673,3.961296288123785,4.0490349751811765,0.06799471847751366,4.488649623942302,8.749282247243096,1.2249518362136471,0.21146631673454522,0.4247516292015385,0.09321671928904729,1.1116715257845973,0.023614767353467098,1.2192543236551423,0.09312863240125746,1.1904826839606992,0.023063805087261274,0.865810761455144,-0.009454929103570535,1.0447869742883478,0.01263233739109243,Train91.csv,Normal
0.0,0.19638763981035556,0.22233792263134342,0.017983327263978877,0.12768466252234895,0.18153651708874188,0.03685152127077778,0.19426044238863702,0.21300531975731665,0.012186519934369835,0.308990478515625,0.54931640625,0.1775912636160463,0.4787075805085598,0.5891887209546637,0.10382830828039387,0.13040296608297683,0.16559133800589632,0.015015538479282402,11.332594791885235,57.281872625542256,10.80316911231993,0.7340000000000001,10.086400000000001,2.1081506967007844,0.0016109779603010544,0.004829021717988458,0.0016183872542489925,6.028499999999999,40.38,10.647023985602736,0.15250895014753865,0.28101472538892547,0.08328938899336152,25.344261520187157,29.996672937320533,4.498021568171781,8.138193702378679,8.382324959108491,0.2558485003788416,3.4844104420258266,9.073900096505914,2.000605935179963,0.07122913935948375,0.12623292137052247,0.028395764429839557,0.19447518561061067,0.21766329624210892,0.019367368593324295,0.1306014550902343,0.20205246228185197,0.04166945870650768,0.19617276465201028,0.21592711322524186,0.013282060790533191,0.3429412841796875,0.68359375,0.18815663156433488,0.4782500207649897,0.5912200022068174,0.1090624341825483,0.13207210481818044,0.17510132301426098,0.018591765084840808,13.035274506138805,64.21153246872439,13.726281797058304,1.8732,32.4608,6.162193570474722,0.001819705201241075,0.005503637108507283,0.0018425734828438171,13.389,58.284000000000006,19.401439302278582,0.15417229087099157,0.2904438844006723,0.08837968154911878,25.290877291272665,30.2705159226693,4.764534296413373,8.138066176083395,8.378641677452428,0.25990841594572667,4.474913278354707,11.98154043201835,2.6162976354844165,0.05380894394493021,0.13582350675849317,0.025135830479068456,1.3237416089905112,0.017420195414553537,0.9293893483812563,-0.009590585387970696,0.9456886687642058,-0.009509985008364669,0.8774235556156876,-0.0006746153905188247,0.9864686078058851,-0.0029217934679252044,Train92.csv,Normal
6.088888888888889,0.24827356827756847,0.3526718876378485,0.05401183128349872,0.13931206967447654,0.21490218432299585,0.03380966539970934,0.21104637447492514,0.2906241649817452,0.0338155338079807,4.970550537109375,11.9140625,2.809536215867305,0.47893107057030265,0.6334189449220743,0.0808702539278139,0.18114243002343566,0.32328939337961377,0.062452578976258125,2.525174142314602,15.781989556435889,3.573181234071758,1.6071887034659817,23.496790757381255,4.11577857533729,0.054638262991786465,0.17475672604283526,0.04322482308619813,19.024390243902435,42.557124518613605,10.016010819845999,0.028873896587555986,0.05020306956209975,0.007905460206227968,29.43436092298915,35.17523487276839,2.9114452362516157,5.65739015894674,5.797988559987938,0.08892563725146622,5.557929966382611,12.899997362304774,1.8971348279236468,0.4983796902907274,1.207658524463598,0.2992066736017205,0.24138640460845837,0.3469714715907633,0.049548693208544166,0.1500871362025884,0.24971657597722416,0.040113792636475236,0.18704465038821594,0.27591226903408655,0.036760591821508766,6.607818603515625,16.12548828125,4.112281232955853,0.4291562297625907,0.589753889347653,0.08805748864123775,0.23684785346685305,0.4411286431317711,0.10418376794496802,5.428818846228071,26.891464988141657,8.07334905653475,2.505776636713735,34.34146341463414,8.229718397351265,0.08910954576907308,0.41677739068467395,0.09042335747756551,18.56739409499358,45.02182284980744,12.2500851807093,0.02936102279850389,0.06235441733231644,0.010455651189980687,27.93989853744761,35.46729235506487,3.4778986671940575,5.595175642066772,5.789610614203992,0.1561534770621935,5.697889676204021,11.56910735176507,2.410046478276141,0.6847350547676497,2.1310506607198025,0.4914834347068792,0.7278431067502434,-0.18635536447692236,0.5666962996970669,-0.9233921362562045,0.7328687394941482,-0.11783924975215732,0.41930471644933404,-0.2420206646418387,1.0533209159050487,0.014711895947658649,Train93.csv,Side II
2.0388888888888888,0.21797434600238705,0.36980854283914955,0.07403543463247324,0.1630041809252536,0.30021979447256053,0.05510338643817534,0.23414225067583372,0.3256188816105158,0.04852255123425626,2.278900146484375,5.6884765625,1.224901371006373,0.6441025153342343,0.8135537593161658,0.08312953310741612,0.05952730359130162,0.14088234938647615,0.0208721390493393,3.7000095816831733,15.854010733633963,4.776107819416492,2.7432950191570877,13.731800766283524,3.3974284286465215,0.02804392773222646,0.12835703287847056,0.02234453251591573,32.95019157088123,63.26436781609195,11.186983651580954,0.02564677762077163,0.06742936369759106,0.01182323873447362,33.57637120976017,39.91600941353958,2.9146174754262555,4.594813270024117,4.709690650802694,0.07664867944801154,5.103718356577509,9.173286342792471,1.6542261801606193,0.246590985120177,0.5454141177833551,0.1109320998689244,0.22444329307360417,0.4917123839122332,0.07922694868290961,0.1740765935550323,0.34912473571641506,0.06685040296972797,0.24288003264090255,0.3466438046061448,0.04864324805005077,2.562713623046875,12.19482421875,1.9853178432826675,0.6456487822450421,0.830932765538755,0.08543925380208547,0.05761934862950798,0.13448356014669027,0.022349356700260906,2.7727551963026427,34.786421013918265,6.140711313036364,2.835249042145594,24.03065134099617,4.377431105593529,0.03370916944633,0.07944109079298332,0.01737970219026948,32.81226053639847,57.37931034482758,9.211212461996404,0.02360256595445414,0.06567269735868438,0.013218174225972504,33.25851399713175,39.23543140260213,3.461362281130331,4.581329965203528,4.70452858545712,0.09222149867462895,4.752396409026001,10.22544412399751,1.5884057779891791,0.28198426202459514,0.6195769231828525,0.12376159973684375,0.8744849179710035,-0.03539327690441815,0.8803008900027883,-0.07416280539949738,1.0475804491286953,0.006398789239785874,1.61575111798511,0.04891594208548723,0.939347181009438,-0.021024922995629025,Train94.csv,Normal
2.011111111111111,0.21323100352997681,0.3929215277432235,0.06931995808850454,0.16399587560530846,0.35919864040813093,0.06539474950461814,0.25169076822393155,0.3530078766519976,0.04642394616430475,2.3303985595703125,4.4921875,1.1379389005830312,0.6437623679449569,0.7666438825349863,0.07489817895399077,0.058893152531807436,0.11971473212818566,0.019819974211724264,2.1614738462933185,21.333365368299297,3.8396352273694183,3.2062256809338523,23.90661478599222,5.495463961327751,0.029833030144306022,0.0686447105533448,0.016824997685059854,36.731517509727624,55.284046692607006,10.502780936233515,0.028591869303374574,0.06767679368957856,0.012966909423123752,34.1442912901786,41.135570350627596,3.0768652070955764,4.597599667826598,4.729364467119208,0.08582260246075335,4.620918186094282,9.313050476322282,1.392012284049427,0.2681306806171648,0.45641154473252604,0.11748516446513015,0.22055578981275467,0.4011697194216711,0.07764145370145928,0.15933118679627895,0.29045114781016373,0.045597921408915595,0.2720951840453014,0.3660557180842035,0.04327996535420567,2.812957763671875,6.73828125,1.3512256507809144,0.6459077941133968,0.8067682936910032,0.08588804403973231,0.061845272753609654,0.15451463164924764,0.02485560046118459,3.546641953298321,29.93297913503421,6.546243133987275,2.1945525291828796,8.964980544747082,2.368572972889375,0.035851425542846274,0.07529414831453571,0.01873888764395636,32.715953307392994,53.78988326848249,7.964432129143269,0.023022605139262284,0.0463425354285593,0.009471434792301496,33.76695291353055,40.57970007003297,3.0565890517800436,4.593538912239374,4.717943328782672,0.07096495422737058,5.32954524386287,11.06258693579668,1.8501581408563033,0.2999582891605568,0.6826989230009015,0.13460530536028656,0.893893215865593,-0.031827608543392005,0.6685400089072403,-0.22628737826837547,0.7747792560199869,-0.03479989952106198,0.9116871785958645,-0.00664943776119091,0.9643555837213827,-0.013047841432205887,Train95.csv,Normal
3.7,0.3793282873369389,0.630258432365301,0.09846833464017214,0.15951981260367187,0.3776057716042476,0.07044714173385182,0.24691422437740898,0.3292262616193402,0.03977290909632093,2.4471282958984375,14.58740234375,2.440940782759354,0.47215213780454157,0.6365126003618973,0.09074561436374334,0.08694529801295163,0.19509709867271355,0.03451052280119938,1.0890083841460947,13.03126469743065,2.6563211825341675,4.414376321353065,28.955602536997887,7.089546161916574,0.031663041383051996,0.11714418780061515,0.021389693558342734,24.448202959830866,53.58139534883721,11.853157124917368,0.026344887121162675,0.0545408964764753,0.01119638931453874,28.84775259265369,34.6441962102047,2.444435719960711,5.089312571603093,5.289672791766533,0.1158304578050036,4.417461931287878,8.11999430946076,1.3616675888294845,0.2749328898520805,0.9681445352394673,0.15511288277109314,0.39178282100715145,0.6125365612897727,0.09450626151356749,0.16633309863995965,0.3561767491073842,0.06869836643939947,0.23593746478390573,0.3468879160725072,0.04197673329205882,2.6988983154296875,8.2763671875,1.8340337281878756,0.4582560306936817,0.6421264331665708,0.08321742903090018,0.0856847992404237,0.1653866923105561,0.03078515049902932,2.6528617425097947,20.179663924674887,4.5784908261770045,4.532769556025371,28.684989429175477,7.664850557709826,0.03275504732592279,0.09715319243141184,0.01693817240789761,27.306553911205075,55.20507399577167,14.576001652108433,0.026718756514995928,0.07932357817723418,0.01324666602334832,28.52787059725181,35.655816858193354,2.4960233033781143,5.090504714102952,5.312605060898271,0.12119917044788747,4.962725010349976,9.877736233654604,1.8995187653492518,0.2789124653562453,0.6683752150584286,0.12384129896377788,0.9857318084194849,-0.003979575504164834,1.4485045405316663,0.29976932018103875,1.1796420544328103,0.029710406362157438,1.2057677536180686,0.019990995369203318,0.9490854117888594,-0.017661654453166975,Train96.csv,Normal
4.833333333333333,0.3016625540612255,0.49166382962601396,0.06301322958509752,0.19089537912111712,0.30760160141298587,0.04057751408489842,0.2286983279174824,0.32538518128698435,0.03809705234944522,5.1425933837890625,11.279296875,3.351841944900994,0.3420443606104862,0.5265200016444056,0.0619568167091624,0.2425261841337911,0.46307953509968225,0.0824377431587844,5.085607765425698,16.147440638488707,5.173646714794423,0.5566343042071198,2.0711974110032365,0.49513505498783894,0.047001025905395566,0.1696322404081926,0.031692693477210085,12.699029126213592,53.02265372168285,7.652653578734405,0.06738694203788452,0.10281463208387287,0.01905282092946766,24.543299839637093,32.132014679750355,2.7378109429337196,5.380854001048867,5.55200111712819,0.128145287226632,5.960666675142595,11.085527217055345,2.1131253407601105,0.46183055752808666,0.9055584867179045,0.2440345953752979,0.309958644411347,0.43996875404444097,0.061879649018730644,0.18077306101509324,0.32273859846735803,0.046773728232676816,0.23054673732867145,0.3318812871127827,0.037706726875379036,4.9015045166015625,13.0615234375,3.1760970359469756,0.3477756184228221,0.4422262398552514,0.05138984208870906,0.22880483210098967,0.4054030678231155,0.07928306922544733,4.745886166551389,20.1920008637075,4.6373081380110825,0.4724919093851133,1.656957928802589,0.4245777089978829,0.04165711238575307,0.09546607962413341,0.026256940614564,12.614886731391586,21.954692556634306,3.803397283783789,0.06643282931527802,0.09913627368801718,0.01815428262153225,24.879792339109564,28.64142036217581,2.095708279520531,5.388401934848272,5.550954224410379,0.09822755086528064,6.1993470338488486,9.509817813621025,1.6299691897923658,0.4164325518048252,1.0766597687251287,0.23990841296291632,1.109016464773201,0.04539800572326147,0.8410813816783491,-0.1711012820072242,1.142269436795339,0.05767646727656672,1.7768849344099953,0.0741661607840592,0.9804264143280328,-0.006496105825798348,Train97.csv,Normal
2.1,0.21820996114153365,0.3898607723698028,0.07453609555013872,0.1667216511583734,0.32024030450068114,0.04972837049585273,0.26646441883475597,0.38834613764564657,0.04635382767782285,2.001953125,4.40673828125,1.1025845135628238,0.6544458928771539,0.8234516623096326,0.08681946266534654,0.05631728189105864,0.1350169183879895,0.023530695653654295,3.4888169797885644,19.14703307717202,5.188861581127437,3.0631970260223045,17.605947955390334,4.180422606438188,0.02419818357137134,0.07719565904722331,0.013418463378298594,33.78438661710037,53.76951672862453,9.931482630063012,0.025253082957780212,0.051949718158683385,0.011725220094482592,33.31608381815519,40.13404466558597,3.2389232962636854,4.618427349551519,4.763862025110385,0.0823886969119272,4.96308733339993,9.510777524969075,1.6606680187667335,0.22103992911820575,0.5527042744666398,0.09843586032278699,0.21771956731467956,0.45433372698803315,0.0933198677918553,0.18029537606333113,0.4232653871484499,0.0687880642368181,0.26369524802378674,0.3840607774504973,0.0486045257981576,2.6210784912109375,9.80224609375,1.7216437925528454,0.6489775712424933,0.8908827455554852,0.10561838321946064,0.06114826535767237,0.11373159260419376,0.02289016212069198,3.972382663677025,32.60720688532097,8.130517895901306,1.8736059479553901,9.516728624535315,2.104391324352058,0.03428660527790438,0.09028834747139909,0.017285380197126447,31.345724907063193,56.62453531598513,8.272363668465061,0.029473127895540886,0.07263215129137794,0.01494018905673277,32.687109056041585,37.86468080971058,3.0702424291481676,4.602011503750115,4.750940954957795,0.1099603154665475,5.014988813390445,10.298575403026122,1.7618560544695379,0.268970634438188,0.5642087994999833,0.11253317371476572,0.8217994828993248,-0.04793070531998228,0.9796094530550596,-0.011504525033343427,1.187154018591109,0.02128532578379573,0.8549902656783761,-0.013092688424175783,1.011158023509817,0.004285360195149246,Train98.csv,Normal
2.6166666666666667,0.2874348012594645,0.42917001368483854,0.06680850105903814,0.18016015235037364,0.3019593069932198,0.05837621863029973,0.25113086346061353,0.3780215173602324,0.05800925716590477,2.387237548828125,7.11669921875,2.0416965386894064,0.5810110352582596,0.7068579996192917,0.06574988817075822,0.07408389088174983,0.1588915074529191,0.027487257534180024,4.809764182589525,31.79065598870499,7.448280560511888,3.9402985074626864,26.36417910447761,7.133826248489656,0.023485793336498986,0.05878131888860198,0.012464136559439343,32.25074626865672,55.02089552238806,11.169937057741821,0.026398705972964932,0.0640510201683984,0.013288629392521128,30.63871975374091,35.874389110012764,2.2000113077042287,4.772334689849227,4.9290530237639,0.0866079377850679,5.346599076001935,12.016757133339672,2.2861484850977485,0.22596269474318575,0.5537949621103324,0.12505769334006434,0.290998021659783,0.4355123144881554,0.07880724371361028,0.18808824031677063,0.3130909350043578,0.06025108139477786,0.26044970947425883,0.35412874415602524,0.05406260976860813,2.5585174560546875,7.7392578125,2.0294094443995143,0.5811791967636266,0.664790406699392,0.06677536388113434,0.06961218118554532,0.12694102026182694,0.020351076036632443,6.1713894680132855,52.076041053559955,10.460727749621919,3.0686567164179106,24.83582089552239,5.915053233578747,0.026965775978670843,0.08269738114063714,0.01991307812645052,30.507462686567166,52.72835820895522,9.422938317766501,0.028326026796986776,0.09452494205718587,0.016746139405490107,30.318356181190154,35.83497447335241,2.3845647070453153,4.767365818069694,4.920074601200388,0.08915294531198861,5.901260050968954,12.347187389050262,2.14111735934706,0.22779642460646687,0.6259434374348164,0.14873790109715265,0.991950133289409,-0.0018337298632811194,0.8847364284145344,-0.07214847532448398,1.251695518702276,0.03195048719109217,0.710800237770974,-0.02391606225203516,1.0674691691398286,0.02389277320420713,Train99.csv,Normal
4.838888888888889,0.29321790100370987,0.47231232118114563,0.07508646439243352,0.2012902709196021,0.3512873325769488,0.04873234643393041,0.21775573213905655,0.3201694313791498,0.04242356303850278,5.8559417724609375,13.5986328125,3.603615894285925,0.3514214410397592,0.5269764240043884,0.07275539993050555,0.24623003961567547,0.48850095965432166,0.08073473203235157,5.280447830265405,19.377750025815928,5.379391065021526,0.6268174474959612,3.308562197092084,0.6278159360715706,0.06489777665357938,0.2208114833632924,0.05116051366526877,12.691437802907917,51.48949919224556,7.371707067220734,0.06300478783005456,0.14222825654146976,0.022958091190536645,24.970063211073196,34.736450225342075,3.3946295679745906,5.379587235603356,5.549539606961789,0.12877832032260214,6.035776647680089,10.86235703029916,1.81586564550845,0.546128016052186,1.6026605424045275,0.36011119212232207,0.2838789562305364,0.4791826509997452,0.06849569857114957,0.19043443907010454,0.35426985441497433,0.04826740878910996,0.22513028605832852,0.3289620412533224,0.03666634304806506,5.3905487060546875,14.1357421875,2.975307142580646,0.3606516498149216,0.513614909074143,0.06951160041504317,0.24359437580469878,0.40228125610301435,0.0690876315700349,5.8462443217426845,30.662539075930646,6.757332068056537,0.8659127625201939,9.925686591276254,1.7542016453681866,0.05306732248100976,0.18257002938690892,0.037535817247878196,11.276252019386106,20.88529886914378,3.182570545203615,0.06826549396113958,0.1263898805432707,0.022122104995090743,25.063177700212638,32.585087355910936,3.170424575952832,5.402711556165752,5.53093470940032,0.08576461567368168,6.172432734521463,11.319774896543198,1.9721020259195086,0.49949333341065116,1.6203989033482744,0.33080235286915605,1.0933639719067698,0.04663468264153481,0.9890530893990691,-0.017738360943746923,1.2143269193603732,0.08621970355130731,1.2094618316891377,0.03824145397638348,0.9732716552525482,-0.008792609874172574,Train100.csv,Side I
1.488888888888889,0.2013020281436531,0.36212074205514583,0.06659643881971045,0.1837314436448101,0.3717436107490203,0.07237972863399897,0.24288343617917,0.357647744231,0.04419983640625075,2.156829833984375,6.2255859375,1.480808482972279,0.6192552970168986,0.7977941201740416,0.10329932441647058,0.06611103589022012,0.16101014323232818,0.02894996177708293,7.881417038528887,29.55201738100127,8.623993760067036,2.1894736842105265,21.557894736842105,3.7281589256721945,0.021511255838179658,0.0915942415369507,0.016808438851145985,40.084210526315786,64.0,14.418455394239658,0.03833493850074801,0.09615849281546485,0.022861198734811135,34.5367919726297,40.40348945202358,3.227098214051589,4.34461052437809,4.4352259474413955,0.06651931952719152,5.65110635026973,11.187695193931479,2.281185889907314,0.19823813956287106,0.4913748587086779,0.08853387564586385,0.1815988927207054,0.34988853909561196,0.06464906947271319,0.17813889262739815,0.3762122239654116,0.06870729114177646,0.2578014515392779,0.35716282937886845,0.05555792184046179,2.1026611328125,8.0322265625,1.7529074792331767,0.6467804931140249,0.7983847463534111,0.11773199513641902,0.06432736964048277,0.19760827993343477,0.033562248223879154,7.539449456139813,88.9260372056441,15.91481811190307,2.168421052631579,10.105263157894736,2.5248241210241282,0.022448120880346967,0.09043541944365285,0.017430233374449978,37.85263157894737,64.0,11.781576302269785,0.03428473835184942,0.1067591938196678,0.019710267198619066,34.947744779510955,40.3296176610206,3.384951098419699,4.325000116840984,4.480117815950621,0.08083519228824892,5.592198638587134,16.296965755162308,2.5756283401769604,0.18868713117096086,0.5596625366905823,0.09413348261293963,1.0506182233097723,0.009551008391910198,0.8779841880007015,-0.06828767798190438,0.8147945140343849,-0.03659813670110659,1.0128137967138646,0.0011588220932978455,1.0013576828574717,0.00048491485213153496,Train101.csv,Normal
4.411111111111111,0.3170918895933441,0.6178923040709898,0.10776584314421582,0.12594556289681866,0.28837731890705925,0.0583392614595779,0.19599533346042344,0.3001766286065761,0.04747295017302804,1.7055511474609375,4.8095703125,0.8269432244262271,0.47718503867174705,0.7814450029640116,0.12483532965147999,0.10945425762314248,0.2012143833531247,0.03667747506319487,1.7901447689987802,35.22621407812418,6.686726778722058,4.687943262411347,31.319148936170212,9.405204641707526,0.032117317005704436,0.08888248253639923,0.021287655577429652,33.90780141843972,61.50354609929078,16.8825418794342,0.03682614463159971,0.07155999181228856,0.01293255472699739,30.004075206249034,39.24635660323429,4.120347800435455,5.137819264591627,5.482364141882382,0.2356944741034119,4.309401804591557,10.465002983642117,1.8644817696264548,0.2275062085728955,0.38199374164952093,0.07719725842397956,0.3290353174287186,0.5426370982365045,0.09914149045823409,0.12425027351865502,0.23196886661040436,0.0500427870514961,0.1972414875805019,0.3030241734556164,0.048678884467253214,1.824188232421875,6.25,1.0716100466594713,0.447021117584682,0.6983162417113029,0.11179321739422775,0.12300774379421085,0.20483493099123126,0.03152061612306879,2.141668871264637,36.57287825453497,7.293850893186011,6.418439716312055,35.63120567375886,11.635250550783514,0.030006448067956406,0.07854972099167042,0.016624361051734093,32.59574468085106,61.50354609929078,16.47479719781458,0.041948482308892227,0.12405127989818968,0.022188044272440584,29.0393202586013,37.00973359010491,3.8403090520790197,5.169708998059,5.4212998845044975,0.19080696235602357,4.517561633124985,11.90298132987257,2.0201748034900358,0.22049256187398442,0.37791772079250663,0.07347966556675964,1.0318089898701912,0.00701364669891108,1.0107854689578495,0.004076020857014306,0.9823245546894239,-0.0036205476381065693,1.1315442026112392,0.010332761544728813,0.9906029086486057,-0.002847544849040262,Train102.csv,Normal
6.472222222222222,0.2033425046897815,0.2879567831189638,0.03526014606190455,0.13396967559369788,0.24176567388520195,0.03489781125459018,0.18431165508237024,0.2320913327166772,0.025004207068744688,6.1855316162109375,13.65966796875,2.802717219401566,0.5026738037793101,0.5879182291493398,0.06679546295644846,0.19453827379428779,0.36739696449288645,0.07272668787221633,4.014284648958694,23.901781160235366,5.725718060053247,0.4057971014492753,1.7004830917874396,0.397429252197162,0.06626706376102992,0.20632588232317137,0.05084436212646184,25.3719806763285,63.227053140096615,15.629147492673937,0.030648186033868097,0.050281043694932394,0.007752234661409086,30.37703120472726,34.997722925181264,2.9139963266083795,5.715596138997477,5.847630985116523,0.12514222314752693,5.948649430182792,10.74330882037229,1.9914073466416644,0.6134948824009985,1.4699256027137917,0.3333648611605565,0.19364216343851376,0.31934547163801097,0.038493003651742894,0.14928548450373635,0.2771054434086403,0.05043228969557958,0.16742426131208388,0.2266234636366156,0.03206724116539869,6.7569732666015625,12.451171875,2.699011918228026,0.4525298191631361,0.5719675373764235,0.07833297109144441,0.26402821440500873,0.5251646861917066,0.09694224664261884,2.8555412538435943,19.53118862157906,3.9965946114256385,0.4685990338164251,1.5458937198067633,0.36965203741644953,0.0833023736730405,0.23768301172661932,0.05273421915269897,16.009661835748794,41.73913043478261,11.953026376313588,0.025519739813646906,0.04097878402278998,0.006923814482515798,28.68197089631602,33.52054645298271,3.1809483334490514,5.637538534421594,5.857875341227631,0.16314523317076646,5.361332219221575,10.82221229471896,1.7547398585063019,0.6976041859352211,1.526677237447883,0.2970800328778325,0.8794311930612984,-0.08410930353422263,0.9628266968912246,-0.05675163473409128,0.6995842893731572,-0.1577677216988202,0.868071638592386,-0.03135712940344795,1.02412754605455,0.00546786908006161,Train103.csv,Side II
5.272222222222222,0.3643604996179231,0.5467627461939851,0.07657270098444541,0.18329856065504804,0.27512778986353054,0.04293001806291377,0.2174413375847548,0.30151108585590586,0.03513418345090157,6.970977783203125,18.8720703125,3.830475107105441,0.38308500558497943,0.5486554895624137,0.0703372589470807,0.17255903049144722,0.36951279886548666,0.06995593403059847,4.5373077773978165,24.235329872103843,6.346358710054081,0.6518518518518519,1.517037037037037,0.449589967132223,0.06546209156269858,0.14530726377810116,0.0348284844265858,14.868148148148148,23.514074074074074,4.081681248052031,0.03202357118935505,0.0722904092768957,0.011654402364704526,27.052129343395627,33.949618160076575,2.7432370321970914,5.4885633622231,5.629302460671251,0.09551442412594444,5.688361797596917,13.179738949263868,2.13310655540775,0.6699612947231613,1.4115163737207799,0.2929693775070583,0.37271960206851745,0.5778021902517179,0.09840076794113015,0.18200989618078708,0.334892484736117,0.054808092853664,0.21091140007136425,0.2810059878876966,0.03025769344986226,7.8296661376953125,15.966796875,3.3417108394474035,0.38867522228833284,0.4868746457453983,0.05562430341542802,0.1512822468347339,0.2759527507193557,0.07089727871512934,2.8085343021495692,13.708040181917141,2.8763296394180267,0.8177777777777777,3.602962962962963,0.7165226192683539,0.09475700264801547,0.4511937280025667,0.08485831414370597,15.010370370370369,21.61777777777778,4.359705757680536,0.03191714549893834,0.07999488372750621,0.016156773838584066,27.678847939582706,32.37870378908626,2.04198195084233,5.490113766642712,5.622891177709446,0.090501301717043,5.391913697114029,9.114179587754672,1.4628373059719375,0.8526915582341862,2.199110824619935,0.452655511763734,0.7857018020969536,-0.18273026351102484,0.6418577714576389,-0.7875944508991553,1.3390437187641513,0.09356004814613095,0.3220507166607241,-0.3058864642244655,1.0729703201322305,0.020505097968209263,Train104.csv,Side II
0.1388888888888889,0.09052790636887806,0.18820314486161774,0.038963125878014995,0.27459533364166994,0.4808596638991381,0.08486760393429917,0.1369688125281355,0.1989228798015069,0.030981918708273867,0.9990692138671875,2.63671875,0.5596054273758615,0.20365643188945837,0.41090582757164323,0.08365557681370944,0.10531346589340526,0.1566981662688857,0.02700994472247543,2.3727988826606943,12.274955078177,3.252852137195851,0.10200000000000001,1.1520000000000001,0.19933930871757327,0.015038726760157961,0.04477768769703922,0.011673214376551989,0.865125,2.76,0.6440948954734853,0.36862110182397867,0.6048434928010974,0.11053203387897337,12.101467181468538,21.68506723888907,4.088840756941378,7.158944137890122,8.021352728738291,0.4267691841873678,3.999361424397807,7.669600365868338,1.118278906639084,0.14442055138131665,0.3123588481648849,0.07010499357373266,0.08908785500593927,0.19375321990432473,0.03564601387654329,0.27456717286284393,0.5198954039976931,0.07271205252765428,0.14327423421297703,0.20992869750555498,0.030473595184724703,1.007843017578125,2.08740234375,0.4665491721807258,0.19886992239901868,0.40153904455747436,0.07391289991136066,0.11036115571977029,0.20647770878908875,0.029767715054755357,2.0982941828762733,12.390697225511374,2.807247245268992,0.2072,3.3792,0.5982154795723695,0.01716721187960827,0.1153201555748584,0.019896692480110986,0.9217500000000001,4.656000000000001,0.9747850724646947,0.3654112404277321,0.6632657071195229,0.09552169607429112,11.88654764755747,21.182567676938568,3.61543141329907,7.139228704357201,7.914179787237609,0.4262925021553269,4.093901168374936,6.6415336551827675,1.0182940819050914,0.14017583711063164,0.42167116468402743,0.07339669794836955,1.030281347541043,0.004244714270685013,0.7407640682714977,-0.10931231651914253,0.7589108113846696,-0.04977954252020306,0.3882902089885079,-0.07054246787781918,0.9475735390997204,-0.011005817704048071,Train105.csv,Normal
4.811111111111111,0.33169276655539215,0.5542971047872872,0.07454685962821059,0.17998245143664207,0.316243543839506,0.05996906236527819,0.23618193050768588,0.3253401281664273,0.04125350045778638,5.7041168212890625,13.916015625,3.3134814204945746,0.3600832126983811,0.46110116620378416,0.06463448043917586,0.20126062159214975,0.38208689672581303,0.07166210106392111,4.791843337109208,17.555057162761152,4.219786292753977,0.9285714285714286,5.6103896103896105,1.340606393305267,0.05986376269835886,0.2419225925321326,0.050821932080357984,14.467532467532468,61.50649350649351,9.569833696795072,0.06294209579792133,0.11147977510471946,0.02189511619509019,25.231021927708248,30.260680917515938,2.5457274797229723,5.397773028086198,5.576362346147993,0.11569850139591951,6.003237923669254,11.525014614182366,1.729637387153577,0.5298765475213448,1.5602028841203757,0.34223525303751534,0.3426681060373291,0.4825195731255145,0.06740655713615418,0.18768081768509778,0.2788546661702606,0.046515878807029745,0.24335233026321676,0.3259150848769263,0.03494960754417934,5.99517822265625,15.283203125,3.9518021921329796,0.3460505866120437,0.43450212297395974,0.05814564808861058,0.20588363960889522,0.40245668744943003,0.07791475230135606,5.5399477421145065,38.56344194277555,7.472945194263439,1.0454545454545454,7.688311688311689,1.4743406037574929,0.056055148952103825,0.15621933051325115,0.0414760960031995,12.629870129870131,20.98701298701299,2.8959510180370733,0.06119126643172369,0.125774028743079,0.02320020418778194,24.80996143162609,28.535724308070495,2.3918038060958122,5.389159254793356,5.547627945048335,0.1241641052172227,5.996067318646027,12.565482312830651,1.9293798313342867,0.5369923192109798,1.3833810047137567,0.33797786717497164,0.9867488371400932,-0.007115771689634953,1.1278186397502166,0.17682187940661898,0.949386375457948,-0.020369790723617,1.5486085504828304,0.08570326201888145,0.998235866532683,-0.0005749567104989528,Train106.csv,Side I
3.6555555555555554,0.4073360097931217,0.5857400652424671,0.0825747310328653,0.2568569957379575,0.4182054286220012,0.06543132916888245,0.26249644062981536,0.34459226594225395,0.04200481301095249,5.8963775634765625,17.24853515625,4.349485620373765,0.4401484540986158,0.6965749810601519,0.10389890687611007,0.08946457176795207,0.21900466135355248,0.04611110822794056,9.873137393127092,29.407699531098665,8.245977516783126,0.8205128205128205,2.4615384615384617,0.5296387481993049,0.04461240913334652,0.12001723166297573,0.026147360435933815,20.059829059829063,29.53846153846154,4.597806030452617,0.03073763927811584,0.06886512315185554,0.013318585714315677,26.856112573696358,30.716349057037366,2.0077560903806795,5.099003306515932,5.276767374446093,0.10871451904425632,6.984333169872223,11.625692259270753,2.3595946003544963,0.42744379204786204,1.138377693085958,0.23873878849419355,0.42460753045980293,0.573082795041713,0.08397480270400809,0.25105651822195646,0.4184614706556732,0.06537131004785912,0.2591783280569524,0.37433850662491264,0.051983215473534884,5.617523193359375,17.1875,3.9804006341182308,0.42904360415424814,0.6648426670945294,0.0980219701246095,0.08288504469814349,0.13039328506768788,0.026223788700421833,8.499191226584161,31.99095015274723,8.486174443782122,0.8547008547008548,3.2820512820512824,0.6219967657661626,0.05094359961734574,0.130109781181217,0.027748951391581685,18.64957264957265,29.53846153846154,4.656323655958883,0.030219810954148,0.05030961251861465,0.00862800224318218,26.412880461691927,29.583969988806455,1.9253917287617406,5.053155632021611,5.254467920780309,0.11635649494898107,6.7346636840137215,11.082628037545401,2.355835466135037,0.4148616237698779,0.971043317962947,0.20012290503131863,1.0303285879598127,0.01258216827798414,1.1723243143279338,0.16733437512301097,1.679570075715907,0.0886113762858646,0.9224305017728464,-0.010092549518241262,0.9205365168777547,-0.029746240682658687,Train107.csv,Normal
4.194444444444445,0.410082924772229,0.5740136226833885,0.07221881804727448,0.17590188380753125,0.257797213602558,0.04848529671306619,0.2605725069602075,0.35263227668618047,0.04829218865432314,5.7270050048828125,18.9697265625,4.351787496875104,0.3899305694883526,0.5646225809149138,0.07300575240738937,0.119788413668067,0.20367718104616953,0.03458222978737413,8.911950327770969,35.01128202639638,8.74250497520611,2.4804469273743015,27.649906890130353,6.030369088044493,0.045542051036658565,0.17718916499084728,0.03935184267407289,22.197392923649907,55.299813780260706,13.425124361522954,0.0389081603479669,0.09133419967139843,0.019857800415391497,26.264611005782797,33.52687936334251,3.201005815309324,5.227968240090841,5.4538821756567675,0.10257533121287339,7.231751306915012,12.316561124278216,2.775301835459399,0.43315489872904156,1.2266566853898941,0.29002410066580697,0.3783218025850951,0.5579367213804937,0.07359881760451371,0.1619519523496116,0.2778642583338203,0.05039162081139141,0.24617104864736647,0.31795578766007376,0.05472152030895546,5.661773681640625,21.240234375,5.222450628116744,0.40409021144080376,0.5709317632536206,0.07750370817051289,0.11849557810535041,0.21976109337856237,0.043672371180677044,8.093802840643715,34.568098568342045,10.302481521572114,2.286778398510242,26.934823091247672,5.3756475032267,0.05031350753507161,0.22481853134851262,0.04959108758916337,22.67411545623836,63.88081936685288,15.293799894765295,0.049643793674459535,0.1682289398685193,0.03784329090055882,26.583690959918034,34.50211155275588,3.581097550322852,5.227370330339725,5.454652208307904,0.1033854826782835,6.842996113634687,13.96047159083271,2.9621295190060475,0.43714306401171565,1.4775771232589079,0.3689144600521955,0.9908767481360656,-0.003988165282674094,0.8301811561986213,-0.25092043786901375,0.926811825460395,-0.01608391233239284,0.7881430553784128,-0.04762936635766535,1.1090607224741527,0.034676489026106705,Train108.csv,Normal
6.194444444444445,0.2320848124322362,0.4690682053328131,0.0789405549855889,0.14154163650063317,0.2240363477868591,0.04154185566620804,0.2047891880804324,0.2812242807880184,0.03844068336467526,2.8533935546875,6.16455078125,1.2886442604124209,0.43283061399975714,0.6467526180821911,0.08754942113565498,0.22758837954698083,0.4003678099291196,0.07101327056165532,1.9450008794295774,20.062651894198453,4.783630622895082,7.656998738965952,29.2156368221942,10.744152175676271,0.05403370110237059,0.12589712192557204,0.0322140766008634,21.185372005044137,35.51071878940731,11.405656382588731,0.03918022464826021,0.05945534922300506,0.010095707932497193,27.465002806887917,33.21187899471938,2.967042956389807,5.552375659573176,5.771055221939259,0.1418332056109094,4.830995114770667,11.931432525556286,2.0545667479839014,0.33268862990554454,0.7846576284072633,0.1356247688608335,0.2260726797490146,0.359160242097716,0.06173703209004001,0.13126938287388307,0.24000173083874587,0.038231045580871995,0.19899639057630197,0.26630247457267464,0.037287311324202634,2.696990966796875,4.6875,0.8259160517115235,0.4350953496162339,0.5720395105073021,0.07229153193358762,0.2365624989722908,0.43355226073546604,0.06676065580896227,0.8000119455347623,3.6628072810710233,1.3570624659815615,5.851197982345524,26.310214375788146,9.838791616292358,0.05101339288446205,0.10130296133834528,0.029849396293049068,20.923076923076923,35.51071878940731,11.527695416209943,0.038716808617724474,0.05853295492285101,0.010275841538890563,27.403192079204523,32.4097659237893,2.711441058731877,5.564505515294497,5.8068891587333376,0.1603672006293953,4.608663195795495,8.447935384188028,1.2372707104998737,0.328210641159003,0.6349866159598027,0.11932543653500619,1.0136436396976187,0.004477988746541539,1.235707347918697,0.14967101244746062,0.923459165745065,-0.033184450806346466,1.2427782862369203,0.024594160587226757,1.0560332951590288,0.01492180621534378,Train109.csv,Normal
4.95,0.31149821025476154,0.6338665485457475,0.11967771624887594,0.16705132234779252,0.3398227819467023,0.061711706900926165,0.21513724457635935,0.33156391962791815,0.05342374382279503,2.74505615234375,11.53564453125,2.287248709007253,0.4362148949405102,0.6491777092434354,0.1084164879156599,0.15782595972247998,0.35766491557201646,0.06166198293106011,3.1095601907483243,23.32784758197588,5.879543023437041,5.661927330173775,36.60031595576619,10.529337665577001,0.031432334627763826,0.09712519290627562,0.018603986497252985,27.97472353870458,62.88783570300158,14.770938490000379,0.04342120167848819,0.06877415339961811,0.011115655595263852,28.51591857654605,34.72600558293526,3.194609989419302,5.348075790550639,5.518281720451955,0.09903431008766292,5.058659228990891,11.174550366679693,2.0713794383400224,0.2782725342229062,0.8968481933761216,0.15291140346877763,0.3076157650804956,0.5551720739621769,0.10142848658026103,0.16380277692819986,0.33244547303184807,0.055812787470093585,0.2036605831096296,0.3060948499258568,0.03826161701258175,2.6912689208984375,8.19091796875,1.555771000782172,0.42883349984860264,0.6130458237894116,0.10615281622860653,0.16759242959200027,0.33546433499541584,0.05277157417667929,2.7765658140861134,22.70064303024551,5.2339740235425625,3.3428120063191153,31.342812006319114,6.763139268056101,0.0320151413082655,0.0646600202673927,0.012662821602963437,28.347551342812004,62.88783570300158,15.987871286737501,0.04405512787071483,0.08548134719591975,0.013114741194687229,28.462902937415652,34.317745147262734,3.4438442682568757,5.351249977985763,5.551446352513915,0.12907878860249095,5.245789306695324,11.540806762395825,2.220319381496722,0.2735728141676115,0.5673441914793339,0.08314248276192208,1.0171790426340983,0.004699720055294732,1.5807832445712227,0.32950400189678775,1.0661786580404302,0.022200580576600626,1.5020903334477362,0.03246517263888292,1.0832064591254118,0.025469069702061364,Train110.csv,Normal
5.277777777777778,0.3207659664970407,0.4467852639762547,0.05666959501381809,0.167789406224064,0.2676120379771531,0.04204236582480236,0.21888716876259656,0.28851945945608154,0.029170678877064354,5.8361053466796875,11.3037109375,2.0252209819843934,0.3781138941865838,0.5174956244239105,0.07464817439792627,0.20213109247258274,0.35451192695155437,0.07757927497618622,4.028478103485519,27.102881659102483,5.196914507967747,0.5807407407407408,1.8962962962962961,0.4715488299633247,0.05593896456957462,0.12232664895499121,0.029036734181242547,14.666666666666664,40.39111111111111,5.921488709120025,0.040346539091557145,0.08097000544281319,0.014277523646649156,27.06428574275784,33.61557431806621,3.026431881516094,5.516633353422135,5.629071940008448,0.0921263486504699,5.619465034824495,10.546954066447046,1.6042110198026922,0.5706767067676032,0.9709557755183437,0.20115365865412735,0.35589082265020344,0.5202028926517422,0.08545162701671502,0.19414959069273519,0.2795871146512103,0.04714888160010742,0.2202620936480118,0.30076601077475035,0.03360202521272956,8.171844482421875,18.66455078125,3.8259233467768703,0.35363806126480096,0.5004256615112086,0.05784633055674126,0.20204269078228249,0.3339874918364492,0.07549044676283276,6.077734633824848,43.8651904687366,8.592938457277743,0.5451851851851852,1.8962962962962961,0.47584853096023066,0.07507195335795733,0.2465677947359449,0.05040567074299357,14.275555555555556,40.58074074074074,6.164281910146879,0.0392210231317331,0.1069844033323049,0.019683856642989002,26.000289617248605,31.119044709569373,2.4723585227027756,5.477492224820339,5.592182818728109,0.07918055054005052,6.365750735484822,13.489713172010026,2.1790884602433005,0.73933486882908,1.860998867089656,0.36212424235218477,0.7718785222446396,-0.16865816206147677,0.5217390467921373,-0.8900430915713123,1.061452702736853,0.020524435115105155,0.496117705030683,-0.12424114578095369,0.9592821268387183,-0.012246551318668808,Train111.csv,Side II
0.016666666666666666,0.19495962079332546,0.21694990862894578,0.017222457097760976,0.13162654085598108,0.19269072324633413,0.03633134559014516,0.193498799319587,0.21547889785319327,0.012855584860836754,0.312042236328125,0.537109375,0.16922643733417314,0.4698522175516383,0.5880444462386418,0.09947813804492313,0.12937790062246707,0.16577082800394008,0.013199519513341626,10.11075731917316,18.694337770122036,6.488750805602447,1.3884,23.5776,4.383060903067627,0.00191002153181796,0.005315754239347664,0.0018288761798947693,7.412999999999999,57.791999999999994,14.857132226644548,0.16118957880274803,0.28536523997007446,0.08246443335460486,24.931356925414157,30.100852848835576,4.368764109336085,8.1010161417011,8.380093581570343,0.27399969395313545,3.483999170987442,7.659266075435584,1.9846632264783308,0.07170898249286245,0.12723720750791023,0.028173232976978296,0.19453405355949063,0.2247542996961066,0.01927458246780164,0.13072324991913092,0.20712886516897774,0.03865505864572168,0.1958097311853976,0.21698199967237805,0.011937171538872356,0.339508056640625,0.59814453125,0.17510914794094995,0.47086258758439425,0.5910505484789206,0.10571448860389429,0.13138855270955518,0.17562573687858882,0.016814981115714688,13.685923819415937,84.67892740313648,15.895152788013728,0.6668,15.872,2.8216440881160048,0.0020679114290719732,0.006901305891996657,0.0020035277010743177,9.277875,52.296,17.012441652636902,0.15980393374552157,0.2947674893591409,0.08560937676083329,25.000081696854878,30.101619071573108,4.59586509878426,8.0989649979491,8.379896137304094,0.2777771742079184,4.436252802748209,10.472174272215318,2.3548672607937355,0.05445818635379601,0.1357806583475056,0.024849456829950996,1.316771379608983,0.017250796139066438,0.937079022294847,-0.008543450839595373,0.9438868699218704,-0.009854908874648738,0.7702532755806389,-0.0015855516526489932,0.9930726843031819,-0.0015031018191847823,Train112.csv,Normal
6.361111111111111,0.2054176151247974,0.29711424883371335,0.038909820196777994,0.1745180969733774,0.3158093910827068,0.051843550400813544,0.19031218594129679,0.26490139959548875,0.035231662357856276,3.887176513671875,8.1787109375,1.9292611834133924,0.3903035859243218,0.5204167365733581,0.07512306038636977,0.3013030528684696,0.48680198905184546,0.07699458025578901,5.22113597554503,19.465718915902748,6.172043112580248,0.7125307125307125,6.604422604422604,1.1648472184680392,0.03942138847236346,0.1295633554316378,0.02299829331418558,10.643734643734645,32.07862407862408,6.8202068843399015,0.04919381729871479,0.08420612682816642,0.01291116315734764,25.019076462908217,30.873400213670994,2.9994185838254905,5.614796151064061,5.780688748051766,0.11535277928789948,5.82427084849295,9.993662218590156,1.8575794534664913,0.353683396368227,0.6784025850277415,0.116397621372899,0.21660972059996586,0.292826424368052,0.03462278811297601,0.17564533195546128,0.33842985324793695,0.06514033802735064,0.19735853590704389,0.2428936795941351,0.02319147044813598,3.6479949951171875,8.09326171875,1.5344944435416266,0.4067062467313162,0.5476725094587759,0.07797923208756329,0.2792116691579114,0.4523321921746633,0.07497826085504847,4.3174382552797,19.04619165371522,5.049777974830026,1.312039312039312,22.958230958230956,3.9944996562697375,0.03816387596162174,0.12521080230372175,0.022890679407254262,12.624078624078624,30.97788697788698,7.9645681689212,0.041150256790558476,0.07278523644677513,0.008754737639861001,25.756472002357565,33.23916268008883,3.092462075765631,5.623010985276377,5.785683121403679,0.10708956409938367,6.102769694018704,10.707631863894006,1.7436819095077567,0.3305648399340627,0.5924457983181708,0.10611923785514403,1.0699365224953723,0.023118556434164272,1.1450880161670418,0.08595678670957074,1.0762046044860485,0.03446979687718216,1.0347617938154916,0.004352553127916048,1.0906063877311307,0.022007720001353648,Train113.csv,Normal
5.294444444444444,0.3203070110645843,0.5742309531299651,0.09452094048135402,0.15688336002021808,0.2935242357473247,0.04394381386886238,0.2033444536856448,0.2773525507155413,0.030227069442294623,5.0411224365234375,12.21923828125,2.72567161645274,0.40799088852434134,0.5047322269925016,0.05769111542756572,0.17144887569840084,0.3917288816698871,0.06103776755549012,4.966389727501888,19.176565740263026,5.77525240174562,0.9689807976366323,6.806499261447563,1.4051607913684843,0.04438297381427614,0.1667061667139135,0.0314848533359948,15.663220088626293,62.77104874446086,10.272590603225481,0.03530409379396651,0.06177332599949868,0.010577335297191267,28.521831305458264,35.23577425184252,2.422204305953597,5.530132191999233,5.647712044017879,0.08681313690074413,5.849190398737657,9.317611960078812,1.592082140125361,0.4569049471622395,0.9659975543030686,0.20570489032507774,0.2895037725379165,0.3987985013370858,0.057125909440956614,0.1495481533926364,0.23920913651429185,0.03071650804288354,0.20826082854922656,0.27753208211541575,0.029671458533585535,5.2181243896484375,10.72998046875,2.2333821719665266,0.42205441461868154,0.5586233114696971,0.07448582501858844,0.19239154241496004,0.3696540417932678,0.05997973155969538,3.914187439325926,12.758912478541315,3.337893585168042,0.4431314623338257,1.8906942392909898,0.43220401613888565,0.041942760656192915,0.10339322448023888,0.022584811874185692,16.52584933530281,63.71639586410635,15.080424504505944,0.034688123150455843,0.05637844789304968,0.01044859969679874,28.74644989607885,35.17671280579683,3.0516060662290654,5.556163110132619,5.679879900144412,0.08107197986879207,6.344774606280886,9.469495343961787,1.6368760301348009,0.46402791807091565,0.7873913565125422,0.17444994150647314,0.984649691072602,-0.007122970908676141,1.22683281329727,0.17860619779052633,1.059717563778857,0.022074839876619345,1.6123509634175728,0.06331294223367462,0.9993531111867893,-0.0001795313998744219,Train114.csv,Normal
3.6555555555555554,0.4073360097931217,0.5857400652424671,0.0825747310328653,0.2568569957379575,0.4182054286220012,0.06543132916888245,0.26249644062981536,0.34459226594225395,0.04200481301095249,5.8963775634765625,17.24853515625,4.349485620373765,0.4401484540986158,0.6965749810601519,0.10389890687611007,0.08946457176795207,0.21900466135355248,0.04611110822794056,9.873137393127092,29.407699531098665,8.245977516783126,0.8205128205128205,2.4615384615384617,0.5296387481993049,0.04461240913334652,0.12001723166297573,0.026147360435933815,20.059829059829063,29.53846153846154,4.597806030452617,0.03073763927811584,0.06886512315185554,0.013318585714315677,26.856112573696358,30.716349057037366,2.0077560903806795,5.099003306515932,5.276767374446093,0.10871451904425632,6.984333169872223,11.625692259270753,2.3595946003544963,0.42744379204786204,1.138377693085958,0.23873878849419355,0.42460753045980293,0.573082795041713,0.08397480270400809,0.25105651822195646,0.4184614706556732,0.06537131004785912,0.2591783280569524,0.37433850662491264,0.051983215473534884,5.617523193359375,17.1875,3.9804006341182308,0.42904360415424814,0.6648426670945294,0.0980219701246095,0.08288504469814349,0.13039328506768788,0.026223788700421833,8.499191226584161,31.99095015274723,8.486174443782122,0.8547008547008548,3.2820512820512824,0.6219967657661626,0.05094359961734574,0.130109781181217,0.027748951391581685,18.64957264957265,29.53846153846154,4.656323655958883,0.030219810954148,0.05030961251861465,0.00862800224318218,26.412880461691927,29.583969988806455,1.9253917287617406,5.053155632021611,5.254467920780309,0.11635649494898107,6.7346636840137215,11.082628037545401,2.355835466135037,0.4148616237698779,0.971043317962947,0.20012290503131863,1.0303285879598127,0.01258216827798414,1.1723243143279338,0.16733437512301097,1.679570075715907,0.0886113762858646,0.9224305017728464,-0.010092549518241262,0.9205365168777547,-0.029746240682658687,Train115.csv,Normal
1.6444444444444444,0.19472626454834308,0.35271658161725084,0.053188002541404815,0.190687830605631,0.43218930622619234,0.0855266275087936,0.22415963209549708,0.3095317326416397,0.041697047854268525,2.47344970703125,8.26416015625,1.8729658566754335,0.6166167282383874,0.7661973297718745,0.07960606209087148,0.06816978334656114,0.12757543712235722,0.02873340976885434,8.797684942388516,34.061889865956815,9.004723618247331,1.8285714285714287,24.380952380952383,4.173124247658409,0.020996761021323668,0.06921087113145072,0.013338420625996964,38.53333333333333,64.0,14.754800133655724,0.03919601740119087,0.06761509879533592,0.01691436466176303,33.701359908613405,38.140394595224144,2.056294275502126,4.440916472730287,4.530337439928455,0.0865072750105701,6.293216111013632,14.420832115558706,2.491064709233524,0.20700241677984002,0.49548387962105545,0.10700379313638134,0.20577564067386456,0.3256868606744782,0.048060202201566794,0.19520238020719088,0.4111083172582899,0.08175736798348493,0.23565820129510656,0.3656036045763394,0.05742833383975826,3.0364990234375,7.89794921875,2.355953078192522,0.6095743593030265,0.7704814094935306,0.08218260449340922,0.067203951564931,0.12511025824962255,0.023919258308855353,14.50527048421151,100.40614047774798,22.485541962799168,1.8666666666666667,12.190476190476192,2.442555444100639,0.021312327947383934,0.058262896862377754,0.014113173817692726,39.58095238095238,64.0,14.608667014051543,0.03618052407781963,0.0795566785022608,0.014960824542740107,33.770968108500156,40.22941807343811,2.017141994281006,4.43904716308408,4.540196569823496,0.07023293204940251,6.838920494994171,17.143867129747093,3.2265524908354126,0.22243944901743237,0.4941470782797178,0.11292448288188768,0.9306011895085041,-0.015437032237592352,1.0027052681223698,0.0013368013413376234,1.0197040425583013,0.0024651788727346746,1.1879064322363964,0.010947974269072965,0.8466320570162109,-0.0560718719346997,Train116.csv,Normal
5.75,0.27544719386549793,0.39792616367373224,0.05668520570875779,0.152537436691015,0.2533602222203281,0.04069185701516693,0.21500563362450073,0.3295303356300307,0.04524805987579637,5.4531097412109375,21.77734375,5.000909516171519,0.41647992311017795,0.590123131595254,0.08876377148897611,0.19391907249545248,0.38078068909680657,0.07212981638402793,7.456463976294793,38.664112202724525,10.01312437704439,2.032608695652174,24.869565217391305,5.524723175198092,0.0437113195560913,0.14992310070287612,0.030501077390476795,22.88586956521739,62.608695652173914,14.951582815414572,0.03377064871399263,0.06714966236771107,0.01082339107613888,28.964551623851392,36.15202338201229,3.9881881125355747,5.58109737336622,5.7714538450563,0.11290957577744573,6.610738979812007,11.385189645667936,2.338841405923808,0.4162470792395157,1.2480739357750235,0.25446526323359586,0.30676877005990844,0.445952557351177,0.07456486833267642,0.16358520224740597,0.3004623983397931,0.044990170140959,0.21645819375875852,0.3281867960947192,0.04719060575360224,5.35888671875,23.681640625,4.736579809678818,0.377247940323892,0.5771642117152185,0.07313032948753377,0.21608814379939018,0.37466137634356844,0.068949668604937,5.789691215961793,37.47481677639268,9.432195736668291,1.0760869565217392,19.130434782608695,3.2586767989708996,0.05650661671112417,0.1812320737686187,0.040729343618945486,19.967391304347824,60.869565217391305,13.592185950155026,0.032008950730473856,0.05979228862981192,0.01004565518675174,27.169259916027464,34.35063445002859,3.385365555557649,5.518382746285733,5.680867876620567,0.10618444757884872,5.955245410570239,11.539510916599065,2.2620481918034336,0.46383406972876684,1.2768207260860993,0.2605565799878384,0.897405140130212,-0.047586990489251135,0.9774856479838947,-0.028746790311075854,1.0163329131938428,0.006119312753238126,0.8272437475225336,-0.03130897306574257,1.004093822625423,0.001343539535311522,Train117.csv,Normal
0.5,0.17907435542899416,0.21370906617971816,0.022661794299927752,0.12651687586793608,0.19148687587722132,0.034934624053059256,0.202325599563639,0.25155408752289676,0.019778685257506257,0.3482818603515625,0.732421875,0.15827959987946674,0.4240142231623156,0.5724442795740285,0.09281671559210398,0.20248313655694983,0.44204545208581913,0.07729710241870187,8.904402629494985,28.685106859535097,6.797545943592739,0.11120000000000002,3.0464,0.5274997630331221,0.002316474428873494,0.005440630385758866,0.0015448998879114349,4.384875,9.540000000000001,4.126650062020646,0.14665140787126008,0.27005311918356667,0.07730289210330774,23.339949204509942,29.371197657102886,3.923009292034815,8.033014236096722,8.377244682555709,0.23045221232583976,3.534484026675042,10.295854302926573,1.8198571225058342,0.07306365722664418,0.12981728643299698,0.028475993857036707,0.17333727800262097,0.21748964074660512,0.02135004921519658,0.1363566497027085,0.19037367816510783,0.03860551978418143,0.1991510961204236,0.23758920511935278,0.01804125376784195,0.3833770751953125,0.62255859375,0.15691672696198675,0.40935255902144907,0.5753968389109274,0.09231975818664338,0.20034756586652647,0.4171185614673373,0.07330003470307189,10.301376620822463,58.16627348357222,10.154348269043336,0.0284,0.33280000000000004,0.06136448484261887,0.0026637512138186813,0.006124497097994249,0.0016090514023991307,5.317875000000001,29.028,5.866529807678045,0.16515820754167168,0.2906500638077656,0.08518197759247938,22.632011242720402,29.571536339499666,3.9826713393939275,7.980343619502847,8.366695372235544,0.23530251086728096,4.325373007863106,10.813004520692523,1.910524679192509,0.0570547900379717,0.13280285070933026,0.02523031298746484,1.2805875877806316,0.016008867188672476,0.9775188165170738,-0.0029855642763332857,1.0597597226818065,0.024926890618481856,0.8883389787549535,-0.0006838667122353826,1.0587774235691867,0.013964882403543988,Train118.csv,Normal
5.05,0.22424786420581333,0.3549088338629185,0.04742762238263802,0.15334905439349944,0.2413770825245418,0.04295091890941016,0.21215512648782991,0.2833120686613012,0.02976671954437066,3.3641815185546875,12.3779296875,2.3447508649329234,0.40119592691697037,0.5233666635552396,0.08364103870303076,0.2562064706554483,0.4369904721871552,0.0837245966802007,2.7052154741310983,14.700461933261689,3.574681674732378,1.2260061919504646,6.142414860681115,1.5993461651343024,0.04783145267588109,0.14006829763345913,0.042752053908181716,13.541795665634677,47.75232198142415,10.414689499150917,0.06100603797790472,0.09755977824785858,0.016043407185749255,26.868908386306806,34.49405927877912,3.7462847035804216,5.449804427750493,5.596769254477143,0.1388319287050373,5.597734146781448,10.540937155031177,1.8764628294525145,0.3566977125354719,0.9296265189422718,0.23375510919721346,0.22048131985053696,0.3479401074577719,0.054580904123317876,0.16100592580610024,0.28705046334157175,0.05189133001306947,0.20413325232152674,0.2676456903648393,0.03369470543148618,3.9600372314453125,10.986328125,2.708484246250578,0.4198383493850545,0.6235968160217032,0.08591867117710959,0.23561102032388215,0.39558421980902625,0.06924850683721996,4.3952638661874355,24.20728670017767,5.601905236821738,0.7678018575851393,3.9628482972136228,0.9197495790775055,0.037258166974120294,0.09887756394945138,0.025931541019299825,15.634674922600622,60.235294117647065,15.54497642386499,0.06071322682790749,0.1044122704310921,0.014928249580066456,27.942527519210252,37.74456320862127,4.010307144239153,5.473498997968462,5.599666660646561,0.09165116465665753,6.335809086033811,13.199951665104221,2.2419355637485374,0.3406434514917133,0.6925995222595642,0.20194681348468785,1.0471292195001138,0.016054261043758566,1.3422280664693405,0.23702699668270755,1.1046711400506501,0.04140625237812895,1.4165832027221286,0.041190733684007746,1.0585340164325916,0.01566637829646189,Train119.csv,Normal
1.95,0.20838131535534377,0.29843195891406793,0.045377964601155965,0.1300578446843002,0.30463023897814867,0.06278459600592738,0.2519242752418658,0.4327191176523731,0.06720265846184847,0.7656097412109375,1.953125,0.37969845580112693,0.5693207660529253,0.8193749403400807,0.10766462590339505,0.10724104101832446,0.18958024092666556,0.04466573692551163,2.674471644735099,17.06378396498277,4.838210729902892,4.674698795180722,40.09638554216867,8.229275316963406,0.009829841706983207,0.024316628586852747,0.00611199204329591,24.81927710843373,53.46184738955823,14.6727005187819,0.06202439827279694,0.16253515905442037,0.037711250292206795,30.694789798100103,35.87168355977443,3.286083931124903,4.61750767850719,4.7063713882744,0.0918622825998891,3.942576726800175,8.469001194169662,1.1863473058229757,0.11051751675414806,0.1869996069429724,0.03258976428579072,0.2146980059141678,0.5015713870470915,0.06771416414067398,0.14010989200845325,0.31230580896780097,0.067807583036205,0.24765006886722113,0.39336331888632897,0.05153161048730531,0.76446533203125,2.55126953125,0.47375775685036947,0.5814978712843262,0.7895085640277805,0.09777576346387014,0.10062153406258492,0.1785051836056227,0.040642963307752654,2.789595718364922,29.433807201890616,6.987427406665654,4.995983935742972,21.076305220883533,6.466995834888535,0.008370526340643687,0.01913293724965752,0.004314285552040676,34.618473895582326,52.94779116465863,9.787009341261403,0.05722205367519666,0.10035988402771079,0.025261344312487416,31.084440617812675,38.55199827252297,3.1394314507305245,4.629468432930205,4.72445027979679,0.09164704340851261,4.195109343864429,9.25478456983401,1.419151885134857,0.09998295782057641,0.16543418941204563,0.03129070921038086,1.105363534524682,0.01053455893357165,1.1303564666845105,0.021565417530926778,1.0620433313772446,0.011075057321042858,1.2709301765131666,0.005183691337195227,1.1000494854919793,0.039355798766044114,Train120.csv,Normal
3.6333333333333333,0.2953134766882485,0.4617116579451373,0.06401147153330311,0.14050534092353806,0.27553380817387046,0.034940168352235054,0.2250512741818702,0.30509804245258615,0.03766925201279654,3.2176971435546875,16.552734375,3.358738998954282,0.5043671826168148,0.6233087345811679,0.08492020489605409,0.1259351849348732,0.30162650041952943,0.06295914183779634,3.0367982368043753,21.89389972585474,5.1901025216097505,3.9741935483870963,22.572043010752687,7.01190834198291,0.035711295562279546,0.19467715609730904,0.033162834430773384,26.184946236559142,45.41935483870968,13.41525164729753,0.03559089616510412,0.09628640857664154,0.017095917617582546,28.92868705986154,34.2235450731381,2.777586808889923,5.13196130890555,5.268875993026787,0.0974380888924913,5.00691381604522,11.38391529484073,1.883812920776064,0.32393433663338145,1.4708924595923207,0.2706336875378264,0.29619039523410273,0.4946878485724321,0.06417026878066712,0.13482272911282855,0.2542540334909868,0.039560374037152075,0.23608134826692612,0.33982303105021516,0.03211597379023389,2.437591552734375,6.28662109375,1.4615289614724825,0.5231784221868824,0.6698091443867042,0.07493622165083691,0.10653710564901725,0.2295365188637593,0.04508397064086294,1.5349617698200397,14.992518521635773,3.101920039307313,6.408602150537634,28.903225806451612,8.126036883418978,0.031179931284070758,0.07199965622910967,0.014301703596316832,22.236559139784944,45.69462365591398,11.264755075124006,0.034231439451210766,0.07895785338286934,0.014950990558371713,29.48071917817056,33.907812997179796,2.457211193802199,5.149891414218175,5.26550711788545,0.07081475893122798,4.807462673953971,11.199239653566206,1.7266683271865764,0.2619108471452024,0.583492109851724,0.0957866383389244,1.2368114529329972,0.06202348948817904,2.5208437821811467,0.8874003497405968,1.3140675854045314,0.07208998155577012,2.7038622625358903,0.12267749986819937,0.8978144907126313,-0.034724988597629014,Train121.csv,Side I
4.338888888888889,0.3658208792049048,0.5173406479661313,0.07294404563936749,0.21326164904609307,0.29921263079630395,0.05927866976512342,0.2202180147193476,0.2934444587856779,0.039930395493122176,5.73272705078125,17.9443359375,4.224136355598173,0.3853210738839733,0.5610645685473916,0.09297773444714982,0.17797593419552696,0.4344684143825088,0.09279993311388698,8.48738592246566,52.22738552155052,10.392096840435288,0.7495495495495496,2.3063063063063063,0.5736864502236367,0.05123580072862101,0.17267511082420584,0.04018084773408962,15.646846846846847,39.43783783783784,5.49720014914411,0.03356064471374304,0.08223222722626919,0.014579390923757225,26.17589206455319,32.68940161915023,3.6326636004270236,5.24212706881214,5.443552106201595,0.11153894425962226,6.615632961321477,15.156599517851548,2.4629802989426013,0.4471397117663808,1.1214543802627623,0.24992653595410969,0.3878475271856958,0.6023892374860956,0.09355223691755588,0.20664128301779436,0.35597587443586,0.06429750828779483,0.2171215003422302,0.32785849972343295,0.04350621487153824,6.0611724853515625,14.78271484375,4.073039267685295,0.37728620405608587,0.5872163626837142,0.08430708255314807,0.1646302389420561,0.378775302696229,0.08527870593328503,7.017681659767164,25.77020917389798,7.168285584302435,0.5765765765765766,2.7675675675675677,0.5530328243099353,0.05438844254289091,0.10926479091108197,0.03004898925790983,16.302702702702703,56.96576576576577,8.345124358571265,0.034522281971626365,0.0777274431689803,0.014643318608312993,26.012073148839598,34.975160990565065,3.648461410801354,5.22662854944437,5.44097199985165,0.11531600569847993,6.514416840211012,11.087818296634785,2.144230649444531,0.4864980218790528,0.919658104727817,0.2434210220370663,0.9190987234033287,-0.03935831011267199,1.219425320429535,0.2017962755349454,1.1470346935051094,0.05569311168627983,1.5803362437620914,0.06341031991312386,0.8950338580155185,-0.034414040937755075,Train122.csv,Normal
6.894444444444445,0.20699593171930897,0.30850004977258366,0.04499094520244055,0.18923428268634662,0.3189408210975576,0.042398276601302014,0.19189090321864155,0.29401662366858095,0.028507947449032223,9.574127197265625,24.42626953125,6.54111269168074,0.38793075229603746,0.5543165259364194,0.06950427947883747,0.2995071490887818,0.4409205643220219,0.061834090382186145,8.80931077985926,36.70685146192979,9.195319709619191,0.6575963718820862,1.5963718820861679,0.5219755665634183,0.07137861144931928,0.16782876928102008,0.0410387617532686,9.079365079365079,13.931972789115648,1.9310783276421402,0.054617163576010014,0.13331497458261485,0.018985360199365288,25.367624025022575,30.669435091197286,2.7162915565141312,5.72940001751661,5.886122913837047,0.09447027898160001,7.06467042948916,13.507748386082742,2.3000093668306207,0.6961825081213269,1.501258158530587,0.36122969408952615,0.20402738432988804,0.3168305826822838,0.0475669427070187,0.19165045820987245,0.28698848528715026,0.03850943903383949,0.18509138183514767,0.3027126189122201,0.034888111573451015,8.670806884765625,25.341796875,6.379833416197949,0.3731617284810824,0.46725296596943006,0.050519056972130966,0.31835164591300397,0.444382650084788,0.06509799808970768,7.10163209741223,36.86185651845581,8.908987908017526,0.5170068027210885,1.5963718820861679,0.4087675043716553,0.07291535427673221,0.19583905079579556,0.04005797895903511,8.435374149659864,11.174603174603176,1.0779540692423097,0.05577438467931524,0.13191641447380373,0.01810545419344468,24.545308843214656,28.367258732355115,2.109424772013941,5.7005351186793005,5.866911768381787,0.09655261773877621,6.442531982238418,11.553084729226542,2.1416030982532854,0.6769642084894,1.4173297808554564,0.3288887847698461,1.028388943407248,0.019218299631926894,1.0592158421770113,0.08392837767513073,0.992209221592439,-0.003462085762766076,0.8569729466215849,-0.02801028151477547,0.9712730964233971,-0.008695995243639176,Train123.csv,Normal
3.75,0.4116034512724702,0.6368378669771938,0.07503894326601464,0.15224214100630995,0.3107948727688216,0.0525727190700363,0.25618662955466076,0.38574588663081993,0.05499891833186973,1.372528076171875,2.62451171875,0.5007946425847556,0.4680818485051443,0.6222825949428324,0.07886838464300644,0.0736475357098137,0.15442826563021,0.02728571434714286,1.5560625612940675,21.290116595293124,3.795507771078868,2.6166666666666667,20.53333333333333,4.907788594559558,0.018500860046858525,0.052056705792582564,0.009908146698373187,22.125,57.86666666666667,10.652591625202449,0.02036370240061265,0.05558406112355982,0.009091242696441137,28.663291893940475,33.2493183498984,2.5530277025040577,5.091759289391193,5.30266317979644,0.08997452173084057,4.296640611651462,7.323590375591943,0.9734388005808277,0.1787027791495563,0.3459260512734454,0.057154779449039864,0.42566946082187873,0.594872074878512,0.08798964355192837,0.17907317106260573,0.34592172155167483,0.06977482983528568,0.2524441957406792,0.31541804810476487,0.04033877927046651,1.659393310546875,4.35791015625,0.7044071686368797,0.45479036148353313,0.6389693248093196,0.0913983174450026,0.07313227885832596,0.15296443742112142,0.029071258779975444,1.7501484790783544,12.796160230664256,3.013904742008121,2.075,14.133333333333333,2.956525269072914,0.02289149410428,0.08230284634518155,0.013051000604516154,21.25,57.6,10.271954806927237,0.021161343649735348,0.04079911028232924,0.007163608255136852,28.24032332730072,33.91333539353672,2.767142151863131,5.066820246394444,5.205015906971136,0.10448978045517579,4.854154636101711,8.44588002210604,1.2882481820568634,0.18682994307575407,0.33949320899986146,0.05085239075864036,0.9564996662264029,-0.008127163926197778,1.0189483650456117,0.0064328422735839275,1.009569722375985,0.0014638282090885801,0.6325018814264661,-0.030246140552598985,1.222967067755517,0.07032783852605506,Train124.csv,Normal
1.4666666666666666,0.1788072773750501,0.3721416439364101,0.059795702767567745,0.1679009031986357,0.32433641521136225,0.06336199636785576,0.22059319947877126,0.3786403517448105,0.06743391459150733,1.7818450927734375,6.3232421875,1.2906824552570735,0.6152995778990207,0.793900483600619,0.10080170192058836,0.07706492886026112,0.16628014291624632,0.03288825598217218,7.041849931279053,52.36157280902757,11.345720179960837,1.7872340425531914,11.574468085106382,2.13106111073173,0.01731588084542745,0.04062042970653396,0.00986200692745388,36.170212765957444,63.31914893617021,14.704205906627523,0.045016901553418365,0.09681247814889422,0.021663069027961345,34.332383216889994,39.20052925024853,3.132599017489527,4.332857160336805,4.434533291383719,0.07730829030084872,5.598681991622231,14.19987577512445,2.9528658944638346,0.1738279856711631,0.3395956822160713,0.06979343102651125,0.17693029178919317,0.4022199772149875,0.07505432483428581,0.17007803150979997,0.4036983661586042,0.07286846117813195,0.2503638365901345,0.3839797695079242,0.059926683460756316,1.7486572265625,6.689453125,1.3600127105522135,0.6397705877747979,0.819300878989292,0.10421318419177862,0.06832220909826014,0.1479581072390815,0.024865532393775116,5.866191620565961,31.874270498979612,8.451074616281574,2.5319148936170213,9.53191489361702,2.6763724833314453,0.016352915168034443,0.04139970486224752,0.008270788349395791,37.04255319148936,64.0,11.534171876176092,0.03978199348500057,0.08253558430475823,0.016805414542247685,34.780226381436066,39.615402342315356,2.9065894717052903,4.322352126435996,4.459896695134312,0.07808009270995463,5.450003081533214,10.166966596877586,2.1317300723244035,0.16394358196817446,0.3673852428658065,0.06648139838325628,1.0602914888404473,0.009884403702988626,0.9243585252436382,-0.0277895606497352,1.123832582716986,0.01832203567716481,0.9811767707165239,-0.000779275155713556,0.9860945310841486,-0.005339417763113696,Train125.csv,Normal
6.872222222222222,0.18215253850177776,0.2609348321496515,0.042145085864870174,0.19969131305498317,0.33053633926610215,0.04963534382077838,0.1732056656875414,0.24429995808503308,0.029485726161231546,5.8277130126953125,13.330078125,2.6786835436040866,0.3903388526799093,0.5104916309875,0.058879621547908184,0.3215167889124355,0.4711858139048705,0.06487135584291676,4.352519577594323,12.679440976424665,3.1029394339770877,0.5870307167235495,2.3299203640500568,0.6031424793165511,0.062200219991335,0.24013463924529466,0.04110911642773097,8.51877133105802,13.397042093287826,1.5793228278304516,0.057588924946890774,0.09569647147520347,0.017759937763810595,25.01118555231546,30.234475342105227,2.3847515706289264,5.693554578927018,5.83959053299399,0.08730562938467343,6.063032689808773,8.99076567622098,1.3327918448872271,0.5227004655048408,1.2183653762537492,0.23525354541738216,0.19300256516826136,0.2626668726658975,0.03598985543009571,0.19126718659932834,0.3036060073062007,0.050456976090852194,0.18787492121828286,0.2727908083517101,0.02885133047296827,7.2101593017578125,25.08544921875,6.072083684723008,0.3986135088108084,0.5220410977264621,0.07073334322267076,0.30413084807801144,0.43205420455494037,0.06670806385901056,7.332599853022298,31.881286691368707,8.506701023568493,0.6052332195676905,2.0386803185437996,0.49127793079717624,0.05989693104162902,0.20524354869366462,0.04057073014843393,10.989761092150172,40.19112627986348,8.803915519098611,0.0577892891672908,0.1006250748436232,0.017939968419789815,25.215656076561817,29.261665398167995,2.3740868854818644,5.718142098934923,5.886028804066055,0.09103343091124749,6.9525104588094,11.889163673513755,2.388955636695233,0.5455947252694862,1.604117221400526,0.3465160853227981,0.9580379727619708,-0.02289425976464532,0.7595239046374007,-0.38575184514677674,1.0905710622574976,0.03913160934993015,1.169998470615552,0.03489109055163003,0.89555787698865,-0.028490850266677026,Train126.csv,Normal
6.283333333333333,0.23104836634385184,0.2906796164778659,0.027720439627054644,0.1409065229179008,0.22045661025633284,0.03367638003171661,0.19546821253118957,0.22845092808004427,0.01873779379970307,6.047821044921875,11.9140625,2.641209447213325,0.4755505506864982,0.5749650715407638,0.06981140039340387,0.19703514039197845,0.3576530478311435,0.07628189302598504,4.128980903900581,17.782681782307684,4.365115284412407,0.5572139303482586,2.8656716417910446,0.5996624546594771,0.06385288770183614,0.2681958777570987,0.05773899641900786,19.094527363184078,63.04477611940298,13.144150556206048,0.031023486636022262,0.061439079366734324,0.01075931705943551,29.351216872929637,35.91142387338351,3.1700752132821264,5.680935451728214,5.833987409831291,0.10642887846439715,6.213937530632248,10.303921613298618,1.8248251425255213,0.5741066678998888,1.695068218720738,0.3611225758720119,0.22829618080918151,0.32922878258801747,0.045702748229070334,0.15533088865311442,0.24439423037937055,0.036478364129889744,0.1739795339350072,0.2317352167234878,0.030037984487437327,7.376861572265625,17.66357421875,3.9708464117461695,0.4185581157719278,0.5520569015626685,0.07111909389757941,0.25827488153097944,0.4124794145297632,0.08388734985169798,4.907566997740185,23.495541198416973,6.428140281321541,0.5970149253731343,2.388059701492537,0.6217114169875944,0.0863262195412416,0.2476695577935186,0.06697631317840214,12.323383084577113,42.98507462686567,6.456459874577315,0.027469290869256167,0.059148273699582754,0.009680779505733069,27.639396290020663,33.58909566683257,3.0825099022361964,5.604905860850607,5.788648462899601,0.12482782157795728,5.654288433872278,10.591648053966026,2.0657529072688323,0.715134641696366,1.7988617197020618,0.37140000011238483,0.802795213129739,-0.14102797379647714,0.9423004554564566,-0.10379350098132378,0.8670809605657432,-0.05482636669861973,1.0828778436218431,0.020526319963580092,0.9858274038978296,-0.003284288643443517,Train127.csv,Side II
6.483333333333333,0.2083213172983204,0.34188972762555014,0.0401846675269015,0.17754058964548997,0.2828266068419316,0.045039991001330125,0.18897657652117117,0.24466538318881492,0.02478968462148266,3.9661407470703125,8.77685546875,1.5670393314155802,0.4162019679427611,0.589318333130514,0.09730857971107068,0.2779206563699025,0.5135909668553335,0.08538328515491779,5.24431043915645,19.782798146052382,6.013246489867219,1.1759036144578314,21.281927710843377,3.631011091210164,0.041197783965020884,0.13455506482610538,0.02258163112063984,13.040963855421687,32.385542168674704,8.893910292785971,0.05010469226660809,0.09238606256031509,0.018789368789301285,25.62567382954648,31.65738329821041,3.5367045837552817,5.641525193866093,5.814469476109184,0.10954592766211504,6.24127260248262,10.942760872933667,1.9931913210922807,0.35183177517017405,0.6652075376265925,0.11195432784822516,0.20361682071570664,0.2835863860179476,0.034287754982388355,0.18348589842922453,0.311383218727523,0.05684774810521288,0.18686588074604327,0.23784444933515286,0.026935248099069373,4.3186187744140625,9.55810546875,1.9916144986264215,0.4238382340521841,0.5944823383872376,0.08779268331166057,0.27845341480396635,0.4516052734577333,0.07601135332065502,5.287286037034125,20.916658575390365,5.238473849516815,1.3253012048192772,21.436144578313254,3.676596784185787,0.040794795378350186,0.12159577771982769,0.024153523799036736,11.098795180722892,29.91807228915663,6.313184953187829,0.04394209721416613,0.07246001352454633,0.011066423787979857,25.94287413177166,30.64392948455998,3.204725246453935,5.652575403074183,5.803651306246241,0.10706206666354673,6.367663115119681,11.596617631932897,2.0047788681140166,0.37665499180212936,0.8372600823835005,0.14546294156119574,0.9340956097587272,-0.024823216631955303,0.7945052568831223,-0.172052544756908,1.137256351737764,0.06198569339760013,1.1065767762887357,0.012959287106277695,1.0286781249007513,0.006820933853662059,Train128.csv,Normal
4.933333333333334,0.26579075789377427,0.4603535589258353,0.06436643764058368,0.18432011272520926,0.2977974532772078,0.05289651883349912,0.2189168009341953,0.30789315368360504,0.033053780341111436,4.5063018798828125,11.669921875,2.6933057013686454,0.3861066524282794,0.5480801776733786,0.08303793124865266,0.23188964549809674,0.41471515415013677,0.06909429895780551,5.34084538019282,19.60485970883785,5.359547276132482,1.7305863708399363,37.93343898573693,6.524870394115263,0.04118436584989607,0.09350651350747151,0.02440878934194447,12.190174326465929,54.973058637083994,8.055949979518763,0.06573433692102354,0.1123738846374542,0.01898470710626264,26.31567524092073,34.00183078142508,3.7879408763149995,5.441142853222775,5.59060537193047,0.10637694199582937,6.427151234422242,11.920379629311505,2.1695332318674607,0.39000690260140414,0.7950666890873261,0.19432735055426587,0.2665364202631823,0.42855204992688084,0.06526623943659084,0.192631900762104,0.33983739787221445,0.054619125549646125,0.21586884746535875,0.30962265548319995,0.039181783186339074,5.3218841552734375,13.14697265625,3.5652819210462234,0.39388515645842725,0.5847742512729264,0.08272883923470552,0.22096215218308526,0.3274220951087127,0.06257472955845236,7.243005245682737,38.92796481031041,8.223811847431547,0.6973058637083993,4.259904912836767,0.8469817861243276,0.03866947323512823,0.10613471522788409,0.025492589924676644,15.131537242472266,56.7987321711569,12.722419232414039,0.06779168335468852,0.10843030477303575,0.020371217362280723,26.664681189092782,36.618666929801336,3.7588893956626306,5.469043383710572,5.580640191885907,0.06377278033104893,6.932172463405053,12.754120766805329,2.005239638856066,0.4063440986182526,1.0249448842838085,0.2342972257330751,0.9597946739421176,-0.016337196016848465,0.7757165292523716,-0.22987819519648234,1.26660710770247,0.08729305904142409,0.8810172282055355,-0.012628201720412582,0.9944141594183087,-0.0017295017995949125,Train129.csv,Normal
6.972222222222222,0.18643621383027342,0.3105518503566141,0.0493565838846295,0.1661138299548781,0.303156376373966,0.05044306535376329,0.1959657129548326,0.31368839040252616,0.03958318759358047,10.352706909179688,21.44775390625,6.168655961934219,0.457014787628422,0.7075896890878145,0.09953228669683133,0.24835922895338441,0.38856951517828975,0.07223069727186643,11.192687388613,31.267516094057335,9.833741079589867,0.9910313901345292,20.807174887892376,3.5821232965420142,0.06720303327208799,0.18053813582204364,0.04000224008762277,12.32286995515695,43.336322869955154,8.857481923450447,0.05887233820205327,0.11004682074568452,0.01950162983387324,26.97058855141826,34.860428483033246,3.105857677747917,5.778891216752233,5.904218059651088,0.07601336197657971,7.547568608233246,13.141332114043687,2.4368481047264594,0.7102698329185477,1.2602665223262781,0.33483554197138504,0.17526465341083758,0.24377504005689918,0.03722217479371395,0.16358219841154503,0.27613809945375245,0.04216796740297495,0.1925613527637347,0.30469106417711644,0.03297380447156979,10.580062866210938,28.30810546875,6.229916158206386,0.4438435519320403,0.7402803148745308,0.10205203486292985,0.2761840476644236,0.42899995971659344,0.08279514923941163,11.633705803676676,98.16425983424608,18.19601733265753,0.7578475336322871,11.192825112107624,1.9075065162704186,0.07492275047555116,0.2573176216001616,0.04814994263285071,10.753363228699552,39.89237668161435,8.092683365881024,0.053686374639067634,0.1159689747753897,0.01904605085973037,26.757457169621155,35.80816150124635,3.3609508825983023,5.74754212367014,5.9124985376943116,0.09768994231565835,7.797034086561451,21.85240264038729,3.248432618415859,0.7349814923658615,1.379142735548311,0.3124388995943711,0.9663778466936,-0.024711659447313794,0.9138042705285504,-0.1188762132220329,0.9057565285769037,-0.04043044453830369,0.7016159017704614,-0.07677948577811794,1.0295293372655334,0.008997326225409719,Train130.csv,Normal
2.433333333333333,0.20309337790088552,0.41010528336833785,0.07983892665975449,0.12566330983438725,0.2972291136590129,0.061062078074751606,0.21634304678507318,0.33495162191206745,0.041445629273907866,0.8861541748046875,2.03857421875,0.3572494030127057,0.5966940701749717,0.7221093420690515,0.06902126695220612,0.07600737120667715,0.1633976175661621,0.028582192575915315,1.5461340039287452,14.984570316071707,3.8833688284536505,6.77813504823151,30.045016077170416,8.338840072864881,0.011864295073836486,0.0209787767322842,0.005024916173902433,42.90675241157557,63.79421221864952,16.700220495093273,0.03890834448239875,0.0899689661562855,0.016577230418877497,34.958921152166056,43.499767855882325,4.704897774584742,4.805744890539893,4.911500072404079,0.07522704694467022,3.803623065150558,7.704368948893427,1.1774056158560553,0.13567353630130563,0.19983879536563048,0.03409712967022189,0.19741361049863249,0.36655349082909205,0.0738347142255154,0.12991925129808093,0.27213690317330863,0.0516100648892005,0.2250281330241726,0.37731514805456534,0.044250865042410235,0.978851318359375,1.79443359375,0.3743778957018527,0.6100292585679701,0.7256310952078447,0.06394266731115013,0.07736806337902902,0.16917755794751407,0.028116541567813128,1.6443240899084421,8.646699026321462,2.929325474805975,4.167202572347266,26.7524115755627,6.609881433333882,0.01257860121710213,0.03045953992678844,0.006672370070028442,39.446945337620576,58.855305466237944,13.780910847590935,0.03642768324757798,0.05684782643651977,0.01168626944295715,34.87672132490222,43.696977029151604,4.401708161007106,4.812374248678137,4.924740996868342,0.07203025656065458,4.250931934816126,6.800950016990984,1.1090700182849025,0.12759698915685247,0.19267896909633567,0.035044948742424406,1.0632973092431477,0.008076547144453161,1.0371593499057787,0.007159826269294817,0.9658350586371497,-0.005779940381351961,0.6887423806782941,-0.009480763194504239,0.8877237575839514,-0.04236352614249789,Train131.csv,Normal
3.683333333333333,0.46360580417392383,0.6193261315106848,0.07472724597330667,0.24249607943731494,0.3912056092061885,0.06753209688703075,0.2411373337125627,0.3639265683714524,0.042203136618846546,5.1418304443359375,11.16943359375,2.6629970466720336,0.3687497437515326,0.5454712945025653,0.08199649040617685,0.1109837056934666,0.264594419827041,0.048579149446541826,8.531438225120953,40.27757738267654,9.27270325805184,0.772823779193206,3.8046709129511678,0.8268378439191961,0.05284190003318161,0.1464780784306126,0.03081708114587266,16.314225053078555,22.284501061571124,2.27725985183475,0.025245696511603057,0.047111745613653846,0.009567066858696368,25.350996023299444,30.537476998657663,2.6825317362386434,5.022574961871924,5.25497521532341,0.15277183361923444,6.425583510349062,12.737537862833756,2.24903971828408,0.4157158482058564,0.7565001696594613,0.13683632537315066,0.4571965987620656,0.5728924235187229,0.0666656330303509,0.2367761196939427,0.39424105302318896,0.06413927026131225,0.24654165733956535,0.3326115267410909,0.040571693014453465,5.1212310791015625,16.3330078125,3.4843911530551672,0.3693979299505681,0.48306026428173504,0.06597915459435069,0.11200639608358645,0.21336537619422727,0.04145868607263483,7.558702423422382,31.153398314190532,9.713746979714278,0.713375796178344,1.9023354564755839,0.4337034508638201,0.05359917054294756,0.12294514768939778,0.028614421373276154,15.830148619957537,18.208067940552016,1.5207153654759669,0.029901894203102998,0.052522353668857706,0.009451741114185504,25.26259839492876,29.349884115144715,2.4472999973548677,5.046140920571956,5.225907056198236,0.1119808775389595,6.506857773067363,12.613361153307412,2.421882937583028,0.4160853124796813,0.8790571973242711,0.17176649454719417,0.9991120444248918,-0.0003694642738248932,0.8605812808331043,-0.1225570276648098,1.240100072966289,0.05122904363281375,1.1914099904882558,0.023532930741214833,1.0941489937015576,0.03131504163036147,Train132.csv,Normal
6.616666666666666,0.1969116755742877,0.3107343703553966,0.040692198692507106,0.16739961512657603,0.28103003400046517,0.04502833659745135,0.18686058733069513,0.24152673905122077,0.03010994289224864,4.6665191650390625,14.7216796875,4.064105333802056,0.4197438211891785,0.5299318612755891,0.07556311223991108,0.2800306746109459,0.4323364503170951,0.0822754493440657,4.995642842667278,18.609932776150178,6.372421255747035,1.3884297520661157,21.61038961038961,3.7711270872922187,0.05755941296028157,0.21611886228611193,0.050995791930694784,17.001180637544273,36.57142857142857,11.057982084696162,0.05064101854572255,0.09220161922379923,0.0133201361587916,25.739220982249876,30.4702837566345,2.7842351036229713,5.645692849203252,5.8633980882195935,0.13576291782155137,6.011426680851522,11.950662543058622,2.489830655656343,0.405749504612186,1.1566705454441595,0.2791457306305215,0.19094623954740356,0.3120420886549175,0.043992930438851545,0.16697942172469582,0.25850473516711575,0.03489757802587906,0.17769973428531347,0.2627445479818385,0.0348560567780597,3.940582275390625,13.58642578125,2.690171572943818,0.4203219543858136,0.5571100964882791,0.06758836127283452,0.2882737727068107,0.5054473812189496,0.07849810356895551,3.0826671273805624,14.425184695651968,4.055100303633466,3.9149940968122783,22.81936245572609,7.423186430063543,0.05917546504789065,0.17101386712931627,0.04690869058971919,14.805194805194805,34.153482880755604,10.28053834336854,0.049423568428985126,0.10365344013039403,0.016695332767512387,25.573410938472072,31.655627796995965,2.6831485222012126,5.608922210703097,5.838090182547369,0.14215267580068716,5.698186018812163,10.349611749991018,2.0370965534713807,0.38804743242826323,1.3112611202953954,0.24683119792469366,1.0456183179142073,0.01770207218392278,0.8821054225275009,-0.15459057485123595,0.8553540200744688,-0.0731109309018545,1.263750505442567,0.04510499515679567,0.9192454800191331,-0.021217808930617726,Train133.csv,Normal
6.911111111111111,0.1876798683749768,0.27608630587912025,0.03533634046488999,0.19096444907913082,0.36812385622892513,0.05825475329651975,0.17888907365229334,0.21214698258525372,0.02031207095340574,7.0163726806640625,17.78564453125,4.353053845839984,0.3898779123008729,0.4804114804303061,0.05531400488695974,0.316444277610966,0.43106035260805314,0.05559150073425675,4.997868997238249,21.66793739677782,4.622965472503657,0.6515837104072398,1.5927601809954752,0.45788635803343053,0.06465256999988518,0.1602851880853163,0.03640949288836497,8.34841628959276,14.624434389140273,2.0629067956388347,0.05380178374956658,0.09323038400449792,0.01683217909194446,25.27222206366652,30.278280626432476,2.237997493004679,5.7209807458286175,5.85691116097942,0.087590246316543,6.171615313263331,9.420472388839837,1.486526906160932,0.5755305007034259,1.0486128886350228,0.28585335742879614,0.1986453987725163,0.3132971263451262,0.041053762722203055,0.17902973147831852,0.2686100524787216,0.044565668104582214,0.19244823728978844,0.2649790268928171,0.030584887856347324,8.501052856445312,23.8525390625,6.815384115527126,0.384560426469134,0.5029416247440445,0.0564938220818948,0.3097908114394519,0.4468034753582914,0.05223111640828504,7.68546491114226,34.12712212492294,9.041567597359425,0.7058823529411765,3.1855203619909505,0.71188997065329,0.06804183032507038,0.2145324655206058,0.04488974077667379,8.28506787330317,12.018099547511314,1.2199333348907937,0.05705245845855182,0.11273749364176638,0.016850179077391055,24.932326536005604,30.07209527967789,1.955953460493338,5.723609687753372,5.848879284265761,0.07526778632612553,6.915190598804635,11.430389709196369,2.166775129834807,0.6390832428288983,1.457460151114531,0.37810116634628393,0.9005563927091674,-0.06355274212547235,0.7194796283889208,-0.4088472624795083,0.96476499270204,-0.01574312275023826,0.7471372081107405,-0.05424727743528948,0.8006180121962945,-0.052832044307563386,Train134.csv,Normal
3.4722222222222223,0.367728716393889,0.5605488909029595,0.09280845333167795,0.15858862820777858,0.2996619714939346,0.05039890267654544,0.26945780988261125,0.3879904854229604,0.05472241125666308,2.0038604736328125,5.7861328125,1.021856436133371,0.4725186565373606,0.6891758844607364,0.0760680710422194,0.08647303002194551,0.2048449261935774,0.04166033817806613,1.04136593672251,8.92027000165963,2.2194685510062984,6.1441441441441444,30.55855855855856,7.316801872655686,0.03558778813884686,0.09356280884989161,0.02067341528543156,25.16216216216216,59.96396396396396,10.304349181024335,0.02915482944897364,0.06385868905188599,0.011540123812672134,28.8582932820851,35.05871441384611,2.2932411987541395,5.0195610920839115,5.2183939955455685,0.12474724249327376,4.279325171227168,7.275771722286492,1.028324893339773,0.24993329978026568,0.4661099954677507,0.08713486907157453,0.3707962378363281,0.5167782147799368,0.07972877019191026,0.1668692936199299,0.4060754688147201,0.06343995666551779,0.24805428197147605,0.35410747119087743,0.05228863128796802,2.5707244873046875,10.19287109375,2.070151222386781,0.44960366358965864,0.570525205319288,0.07787453484454078,0.09470042974517451,0.22610721092162087,0.04162813713970796,2.782470061204827,17.61502517143729,5.125852316287831,4.378378378378378,17.00900900900901,4.941767873784342,0.03516844515589032,0.06760683121601091,0.01481021148653125,21.36936936936937,59.96396396396396,10.158263899928754,0.03326781346788778,0.07193286191314326,0.013044661865205339,28.873078196451893,36.124484166911685,2.9756368751197537,5.032390246613291,5.2009450438493765,0.10203296632406142,4.739264952583804,9.680866345383798,1.7044883494033778,0.2676211224163221,0.609035996750494,0.11235199990946527,0.9339072214843799,-0.017687822636056394,0.7653242126727355,-0.1429260012827433,0.9059636994886568,-0.02126228472804348,1.3839253487125183,0.025955977633880703,1.0956856770698662,0.03388301423208295,Train135.csv,Normal
6.344444444444444,0.19030570013235373,0.3484357389203613,0.06642127640520029,0.13252989010927,0.20244463048692077,0.03317363977061208,0.19827800867153048,0.3314159784821917,0.04393496888514745,5.6732177734375,23.4130859375,4.676547766043168,0.49881674507942897,0.690609832007019,0.09397823521054323,0.1861567949109785,0.35842221912796046,0.08338394716112743,7.720077655236629,43.965440569866495,12.409396848774314,2.556650246305419,28.84729064039409,7.029014653868292,0.05688960513178832,0.14757832685136404,0.033463792771811426,24.822660098522164,62.108374384236456,15.821174681362546,0.03996197762818969,0.0632258096306025,0.010583303614892436,30.660696439980093,37.41412262227436,4.2121202887640266,5.693961058134189,5.8065253385804665,0.09088530456698674,6.504602413099489,12.732574226033329,2.89154640256689,0.45582055332094673,1.2866346210152264,0.21626962979447217,0.1757036841963675,0.2977977233868085,0.04090949255549146,0.1283005786961819,0.2125601238944274,0.033343534276872804,0.17479387528240392,0.24935752171257303,0.026631508099497846,5.3607940673828125,16.8701171875,3.30285519189864,0.5154561810431962,0.678385698074811,0.08084536500919999,0.19136325620574132,0.35651731450733165,0.08104833774219665,5.147577277142811,20.365465494178242,6.79443504536626,4.364532019704434,27.74384236453202,9.169439655815422,0.06365092872460006,0.1616999231133393,0.037183299080927476,21.926108374384235,57.85221674876848,13.26407621833107,0.03654995874216894,0.07127615543164637,0.01280777286394634,31.122874232723056,36.20602174313047,3.324080405513258,5.6908865011193965,5.821364705165152,0.08665557197234797,6.169485379819756,10.9187100721253,2.3032788909155997,0.4573440925661254,0.9442550955946236,0.16065891895675846,0.9966687221577545,-0.0015235392451786733,1.3625921910883676,0.3423795254206028,1.0053430886461099,0.0019049046206288112,0.9126678794723669,-0.014121596261975261,1.3290795275673515,0.08205845676961865,Train136.csv,Normal
4.661111111111111,0.3786235492324519,0.5898381619083518,0.07292316234892512,0.15970427373953353,0.26938026932493697,0.037197565709974595,0.25210297670594317,0.4036877531666831,0.05364875948307697,3.536224365234375,16.943359375,3.3450445838433085,0.40551428146876345,0.5159737149929926,0.08322472340856281,0.13577301016278115,0.34601025631450544,0.04980974360049223,1.4168993187426304,10.499355316045307,2.5377261961352904,2.697986577181208,13.100671140939596,3.632776237996439,0.049181891663692606,0.2043938888292129,0.038739450796131544,20.93288590604027,54.765100671140935,13.474903979271032,0.04368033419639402,0.09053983105515219,0.013319769261389374,26.649825748696877,31.053355290445005,2.9775281894805863,5.31968748204312,5.457947667276712,0.11185099235148895,4.577128273171158,8.757484329274583,1.1813060166982012,0.39228363682979106,1.791006988870647,0.31254711188874335,0.3557343645806207,0.5350326080409288,0.08949429760911182,0.15937412684394067,0.31452470430457075,0.05241123982260003,0.24068103161523377,0.3597971410918257,0.03786533025809264,4.015350341796875,11.8408203125,2.8156612059901445,0.40491852315681715,0.6171700522877105,0.10349255617364772,0.15057666839850647,0.2912543265803653,0.046991515117285214,3.2610471935018412,16.724409682969828,4.192985421143502,2.8456375838926173,15.033557046979865,4.320730102277736,0.04340239268779682,0.141962900014843,0.029407556571519312,22.946308724832214,54.765100671140935,13.747704150067197,0.048932486463522364,0.07810565941469971,0.013209366085445413,26.711198485623456,33.81313069516798,3.668976835285103,5.346822349718181,5.5557359043103185,0.12284109037997672,5.495035902551573,9.371777431191202,1.6385855646779244,0.3860265222854339,1.012094059853676,0.23944771266735718,1.0162090249423885,0.0062571145443571785,1.7696052749879563,0.778912929016971,1.1880003953556069,0.05475592973414012,1.4397697382067616,0.0624309888143699,1.121987103120613,0.043890612074857394,Train137.csv,Side I
0.0,0.19605208330084306,0.2262184002483214,0.017884359497468767,0.13077075781140668,0.21630694408552745,0.04111149818427125,0.19656234164352404,0.21340207671936406,0.010612937017661635,0.353240966796875,0.5615234375,0.1521275251313368,0.4727647680986492,0.593533574594511,0.10420103671627087,0.1323151344537656,0.16337353331889895,0.017553532782692175,15.271659285394986,59.00048067271411,12.79840119738149,0.31040000000000006,6.5792,1.241657730616614,0.001704798999809081,0.00524756318209865,0.001627976158198392,5.4746250000000005,53.568000000000005,12.450783855218715,0.15677579662063174,0.3043452669486526,0.08368768544813879,25.127832918898925,30.361399450627687,4.488825369371694,8.131599757211445,8.381348579391105,0.2515313104181366,3.7392400608120813,7.810801805482031,1.9045764893122243,0.07177591265701735,0.12641251707632348,0.028616882973660593,0.19193499011356616,0.2248385860135392,0.021122113570927487,0.13331953606301383,0.19649838949660361,0.04124690399205702,0.19368568550570067,0.22159506298118206,0.015833754069386308,0.35858154296875,0.59814453125,0.16225338479656762,0.47057597870041645,0.5987337204967536,0.10449941517997491,0.1311899338535406,0.1846927995950582,0.01812436424282185,12.344635767078474,31.466671578072066,7.078467879074958,0.6268000000000002,10.214400000000001,2.3894519873812072,0.0018709991033243462,0.006671317812902599,0.0017657654525703745,12.412125,59.676,19.83230265209703,0.16241191071541117,0.3169910383773118,0.08591724713379432,24.892869430395766,30.264311842515998,4.583170018719847,8.109128561364871,8.379288398360712,0.25940711968797886,4.48751425976198,7.810473980398431,1.969552490405438,0.05506307763552284,0.13486758811531877,0.024151824373980894,1.303521605323255,0.016712835021494517,0.9373083474357522,-0.008455071038995288,0.8845690400087546,-0.021319266276159238,0.7865855806425637,-0.0014237546308039492,0.963027212273493,-0.008192986261817997,Train138.csv,Normal
1.8888888888888888,0.25602531040236637,0.45815579143493257,0.09323873363781834,0.21137758955099265,0.4089169756205642,0.07304321591512282,0.24236311158632776,0.3892537577611199,0.060907529393165995,3.40118408203125,10.94970703125,2.5613553489772984,0.5871200822619232,0.7572387822994482,0.10947241458803948,0.07102760322989007,0.2129355876529301,0.03720591704068649,12.745695237568846,45.101948647797975,13.553985018843552,2.512396694214876,23.801652892561982,4.181524178735047,0.026342631643591796,0.08088589245726525,0.018787216444474387,29.65289256198347,59.768595041322314,12.521509394936828,0.026942860675192852,0.0611768858325626,0.013522642096944473,32.978135067046786,40.21297961862428,3.2379438708757613,4.552806517022892,4.704367372993502,0.08144185427985243,6.805027813012762,11.708665516627672,2.8182161527795864,0.2528937540059752,0.5930667760990119,0.11848006804893146,0.25416674918141746,0.37005344683636465,0.06587235589031752,0.2022590716159417,0.40398996779477764,0.07538900098871125,0.2371736451265763,0.3408856180098758,0.04654207078554985,3.458404541015625,12.3291015625,2.771593336197413,0.5904865337232251,0.7610980635018746,0.08349808598681775,0.0672217466250323,0.17843342345751337,0.03145622873482824,10.481139263867115,45.149666488004556,11.753479908931286,3.7024793388429753,39.66942148760331,7.8874675263506715,0.02598058048358843,0.08335451025904463,0.01922520547538209,26.264462809917358,60.82644628099174,11.835714902687585,0.031076979299534353,0.06319916035939425,0.013905181274839005,33.147555611671905,37.80410450920502,1.9958288330612437,4.578112814384735,4.691464805569688,0.06600278864079925,6.688033644743846,10.572592156030659,2.2515143835568723,0.25532167551585333,0.6061608450508382,0.12906241926058218,0.9904907309750983,-0.0024279215098781393,0.9783983574044173,-0.013094068951826299,1.1933615481533955,0.03450216419541674,0.9703841008184004,-0.0024686178017793714,1.1418896429005496,0.0483681397512441,Train139.csv,Normal
2.3055555555555554,0.2543285604785447,0.5280905639561184,0.09220640613136018,0.17799908208077692,0.3787814839180186,0.06564570465843157,0.2732287784388894,0.408214621436971,0.06203564035563091,2.0229339599609375,5.89599609375,1.2370925606130567,0.5767588113951685,0.7665377560242886,0.09904312896814677,0.09210607284537155,0.26004842516063503,0.054435705881283894,4.372904374706781,21.390972923152734,5.8081084284618045,3.2,22.996610169491525,5.64875562433166,0.02250690567452628,0.05558379306577202,0.011458240052901586,27.1864406779661,45.559322033898304,7.223632574182545,0.03882934429136947,0.11381729518177713,0.024177943233686987,29.280853094318193,33.77190809057958,2.5099718685583405,4.671414360591675,4.841774148238754,0.09498898086250195,5.562619156287189,10.985932698743692,1.8522336610180998,0.19850003086193935,0.41816113402808025,0.08391320217759754,0.25144851336311275,0.4025923255445744,0.0754471354854736,0.18488376491335984,0.3418564988475331,0.07275258253730564,0.2834085713251395,0.38209481475117507,0.054511292175650754,2.3746490478515625,6.14013671875,1.5479633049537274,0.5841604413977202,0.7302567115408342,0.07130687795250365,0.08868217568028704,0.2505973800823929,0.04926556747770181,7.434853204998941,34.542374000431046,9.04025169795979,2.603389830508475,11.28135593220339,3.6577009464596317,0.021209222151504913,0.04865382121427277,0.01089518580539674,27.85084745762712,52.501694915254234,8.84745502954699,0.03834097181345174,0.1284632324061429,0.02637760679787507,29.69985806566907,32.99244445579778,2.133954005808554,4.693541893373238,4.8225695194039675,0.07898769662066565,6.217773480024878,14.087589495943057,2.3994890083539016,0.2027273630445043,0.5866852249137157,0.11093354148225493,0.9791476932456097,-0.0042273321825649635,0.7127521123049033,-0.1685240908856354,1.0377140576546358,0.009451045078242126,1.142434253592235,0.006929971851499246,1.068359487250425,0.026119806685795943,Train140.csv,Normal
3.5444444444444443,0.29854772107005617,0.46843742839251,0.07338751863501,0.1384120939239572,0.2546423455648868,0.04921524905330442,0.23248802888656203,0.3703491239514849,0.0468820382399428,2.495574951171875,9.55810546875,2.1690119078733674,0.4619775061799529,0.6330953933404918,0.0924562425699008,0.1556175265443716,0.4194966775718243,0.07855112008404447,2.2310357614823544,12.567337139775002,3.336239401530611,2.816777041942605,16.95364238410596,4.6657204969546475,0.02897262051223578,0.1266399372998764,0.025477213573414818,14.940397350993377,34.75496688741722,6.543564698704156,0.03707989421806955,0.07096446869695079,0.014292455815533376,27.695998471363623,31.810648187823084,2.775186115762645,5.118357921918044,5.277168890960328,0.12656159960437888,4.584317640790147,7.8577370004643985,1.3109228744453763,0.26649513190240803,0.7965714961247695,0.16961880009941,0.2981235203073531,0.5139906583108587,0.06690776805362628,0.13492730633782737,0.3034371020374056,0.04871201937639112,0.23246029362947995,0.3469582250852816,0.04772960351270104,2.5665283203125,12.060546875,2.708224865991054,0.4721014393207498,0.6348936605626067,0.08391825649791614,0.14532094901175965,0.389751868544659,0.07208145841824458,2.0138974039821287,13.217708711279627,3.404300338212615,2.0309050772626933,13.280353200883003,3.4609631694739886,0.03103748778216365,0.1911562730965694,0.036618415978455957,17.44812362030905,46.62251655629139,8.43965361663147,0.038458528619226114,0.06323364754161119,0.013669344769430544,27.937191284298823,32.79775908991626,2.6640277229282883,5.13101207642155,5.24144358717091,0.12926885236188737,4.62896524912729,8.074891956052124,1.2206463203106916,0.2700034556665726,1.0288441221442,0.23178695430184734,0.9870063709276989,-0.003508323764164545,0.7742392440269829,-0.23227262601943044,1.0763172940309835,0.02974480902716531,0.6624942754214791,-0.064516335796693,1.0674170436312231,0.02339089886620327,Train141.csv,Normal
0.03333333333333333,0.11350267365728646,0.230355624645815,0.05163392940145392,0.2312250289327554,0.5114635533807379,0.09668100332891619,0.14207958980606922,0.19548047336738064,0.03678176777032891,0.830841064453125,2.33154296875,0.5301539943418291,0.2642007621645092,0.562598313753336,0.13418759844380684,0.10353683847824573,0.17024031711684012,0.029027862180463326,2.3667208521491467,13.562266237407687,3.364223832670469,0.05160000000000001,0.5376000000000001,0.09570538124891412,0.012060744104043584,0.045073122826239834,0.010661693099176632,0.981,4.536,1.1678518741689803,0.30475596980991154,0.6288916493133467,0.13064923539803958,14.955543947073544,29.082572901849698,6.438057482369516,7.3482234582527575,8.358260967532171,0.5687003566940975,3.696200663555092,6.148183306576244,1.2100931454581982,0.12827308629043072,0.24904970516715053,0.062457547016416294,0.10953679792894691,0.21497301376569775,0.051024442893321975,0.22739201986176255,0.3775895873836096,0.07794749632767499,0.1360977078237554,0.1931771172644243,0.03605888043605115,0.92315673828125,2.685546875,0.6166495592385219,0.26082274087413077,0.5692750664655555,0.1346007053037024,0.09913468805427078,0.1739930545968031,0.025444814115747363,4.033056409199269,37.462172387758194,7.188443056458219,0.086,1.7152,0.2944388561314556,0.0160248023832398,0.14512778313300123,0.024963145412668877,0.80325,4.272,0.9319524867180731,0.30095761374412605,0.7027484707638735,0.13171156811304233,14.692351330172341,29.306893322553293,6.456593246551365,7.282736493808679,8.361216071314978,0.6314334289660746,4.092989751797205,6.556740622656928,1.2645119815374204,0.13403469492093845,0.6513307667033847,0.10823282963282269,0.9570140433346731,-0.005761608630507731,0.3823705519782346,-0.4022810615362342,0.9784316766718596,-0.0037527374799629643,0.3105754221736957,-0.1000546603067614,1.0119235400323316,0.0023033561029563443,Train142.csv,Normal
4.777777777777778,0.3023503547903432,0.4703565222999078,0.06653375710627676,0.20261483575612654,0.3061094249015461,0.04948777060457925,0.2322961276146386,0.2959575605792751,0.02880398175252469,7.604217529296875,24.62158203125,5.827874655035306,0.3285051808240105,0.4519607587300917,0.05624522032782701,0.25457355080371,0.4446376980606047,0.09039357804500803,12.070995095786913,59.54341358705093,16.009181137696988,0.5499181669394435,1.4664484451718496,0.45280828715654553,0.060383093922242184,0.1603616602130723,0.034157068488802816,11.65302782324059,19.901800327332243,3.338660502650863,0.06434336757598419,0.12671790456599877,0.022693832221137508,24.116832593774298,30.015738413827975,2.6703941942644884,5.35014392922314,5.574821723185305,0.13753386456936031,7.168090291501339,16.411446999096217,3.5503248000262992,0.5558541005294315,1.3088129173191798,0.3063082408202793,0.3411422363152361,0.6465780097769744,0.09768289973230826,0.20540076230560966,0.3255061800254472,0.05386583212840379,0.2609869190434608,0.332716247407376,0.03891035440255277,7.2582244873046875,15.5517578125,4.0992490276743325,0.3095521684707815,0.4709984907375452,0.05687474269833469,0.23966825498891545,0.4328796981901799,0.07502630027576603,7.993197340132633,32.59348084834561,8.928710149738015,0.707037643207856,2.0949263502454993,0.5124814609697133,0.06448275254184638,0.13609220278308365,0.03196980095220053,11.600654664484452,21.368248772504092,3.6310692827631272,0.06434686924404234,0.16037120197273377,0.027608719108092514,23.290256020641408,30.340043753163382,2.327411190484834,5.315979644486151,5.541398589792093,0.1276780565891765,7.232238895438298,13.672226168325288,2.6258822770490475,0.5408718053024473,1.035584559091299,0.2239994448399037,1.0277002684414398,0.014982295226984244,1.2638397362778298,0.2732283582278807,1.0271622783244891,0.011757999870424807,1.178330982637856,0.02426945742998865,0.8895194087933638,-0.036758686828100906,Train143.csv,Normal
2.3444444444444446,0.33871883253653823,0.5791711152504055,0.09493805007526557,0.1815598952580636,0.28335906938560107,0.04054595297416323,0.3003903324096823,0.44939143035401,0.06932683396194944,1.586151123046875,3.69873046875,0.9624701190117139,0.5211385166441664,0.7307218839031085,0.08887783786319245,0.07494311926959168,0.1220649486140808,0.026361937027371947,2.3369830094712487,14.361447256370003,4.605913646190549,1.8266666666666667,10.24,2.3204214176643765,0.02518635287101713,0.04666558792713424,0.010148029658689743,22.653333333333336,27.30666666666667,4.395856635009331,0.03067616632235016,0.09006866938391744,0.015010326547925073,28.67708790374276,31.06418353570631,1.4760257035478996,4.620320474241967,4.866636056665513,0.1047774640872745,4.584831098449714,9.854042682011487,2.042339239822798,0.1877244240031247,0.3220350885879679,0.059659222247045986,0.34707660722545036,0.5088112560028415,0.08932438197919836,0.19278119411861763,0.34910839702348156,0.057367489089589406,0.2830008090624895,0.43859625873685276,0.06529377452020277,1.525115966796875,3.7109375,0.8645470857083432,0.5112916382880086,0.6602692259985258,0.07971397793340884,0.07850897147970395,0.1414399687359694,0.025773439621535936,2.0596519031164457,16.938097259148314,4.534108635185525,2.586666666666667,17.92,3.674875659272176,0.026097019422903184,0.052793892334887696,0.011084045043776834,25.32,47.78666666666667,5.532915646885968,0.02945575693407554,0.06536855414811994,0.012625227285809996,28.601255100952777,31.80933356687055,1.480810796946255,4.6165037938547195,4.877571233055867,0.12277193874764626,4.513311577101286,9.39072366380629,1.8391687246777995,0.1781587991201513,0.2940942380684445,0.05757656262379622,1.053691559869747,0.009565624882973384,1.0950064496605822,0.02794085051952344,0.8630159412642935,-0.01937502012188859,0.8839201843122318,-0.006128304407753457,1.0246130019978603,0.010795171617157262,Train144.csv,Normal
1.6444444444444444,0.1878415050392108,0.28552317308935576,0.04897599101891706,0.16026804752748394,0.2651552579175062,0.05242653910892102,0.22751073527993276,0.3620107555442956,0.0507774746568639,1.755523681640625,6.87255859375,1.5431741912701549,0.6157103698655955,0.7523839094847026,0.06674465096090818,0.07260052625555763,0.12472366619171951,0.018942411586287396,7.56239862624933,49.020670406245735,12.148109669469346,2.8000000000000003,23.771428571428572,4.644143899833238,0.01623033490145413,0.05112796449044361,0.011213892553345588,36.05714285714286,62.780952380952385,13.381016776662538,0.04424152265344707,0.12101046320031637,0.020433428326108713,34.087757852356745,39.17275944977623,2.632193216269576,4.466788372953731,4.525321433664864,0.04642754503172924,5.767569076512147,13.289387161998572,2.954562687111409,0.15911601627015193,0.3531675574728146,0.07045627339810452,0.19741003323095302,0.37350317558111557,0.0572870559178149,0.16959971898604548,0.3487017129980336,0.06638960053022992,0.21964067555348896,0.33595544660705906,0.054186071659797365,1.8703460693359375,8.77685546875,1.8854102933976937,0.6081095223943502,0.7683264140916429,0.07625907010792271,0.06618227496909977,0.1301658286474884,0.020716300143504986,4.821539896528173,42.84082099221994,8.585429328551935,1.7714285714285718,7.314285714285715,1.6924535718803402,0.017806248738984645,0.0638440921976979,0.014030609600956024,36.438095238095244,62.780952380952385,15.085509859124768,0.03921785244094154,0.06727580215322136,0.014384682959753948,34.373346044283906,39.41905700026026,2.3948072851775515,4.448686306474633,4.523105458483445,0.061263051368028246,5.540179213998867,10.528379222879806,1.954201397623575,0.16638430079795485,0.5569227875435913,0.10384570340920529,0.9563162783431997,-0.007268284527802926,0.6341409702346407,-0.20375523007077667,0.9581905368674158,-0.005442162455768895,0.8008252906360832,-0.012716127707254297,1.077555842963176,0.026055308937236565,Train145.csv,Normal
4.216666666666667,0.4286709713569049,0.617239142797021,0.07466706167815972,0.22250371396904203,0.2967079143391681,0.049268502879104274,0.237777622627299,0.3223641003894171,0.041744996350975755,7.131195068359375,19.873046875,5.284235140876629,0.35951123175731764,0.4803341639199176,0.05761774439195738,0.14150474644614647,0.3125159171111105,0.05451194900779294,9.294354189766157,29.589571472536655,8.021373130250222,0.5851851851851853,2.1333333333333333,0.4313503218234272,0.05719993369930519,0.17452256279920023,0.042217202830693,15.37777777777778,25.83703703703704,4.630476959496503,0.035081572840998804,0.07232373286129308,0.012011717366523322,24.969564664112216,29.464297665650612,1.983642723788853,5.206426364034875,5.362299299769899,0.10248767303670091,6.987581722440133,10.643149716705498,2.095833676071167,0.5143086515404307,1.3005261786853515,0.3074577496161624,0.41860676556162585,0.5446897092375302,0.07033135798288441,0.21312844231573685,0.2947610515724703,0.04643365358232287,0.22844218680950745,0.3493363964285032,0.04455421793053186,7.2902679443359375,23.52294921875,5.282242571628767,0.35067236000545804,0.4539528594749299,0.05393356365004091,0.160234271592236,0.36089572345412807,0.07492105656571002,9.524324795458869,40.94696447589522,9.39793386995392,0.6000000000000001,1.6592592592592594,0.3839724498576129,0.05476830049540242,0.12771977489166586,0.03122789099510653,14.103703703703705,20.14814814814815,2.488183321507202,0.032994827046075786,0.07583581229322783,0.012295805135455605,24.940825443479106,27.586502721567935,1.912205102457487,5.208023027665632,5.338606580603284,0.09591683097924995,7.036500886461876,12.479237526543221,2.2674003087330195,0.5419057274252401,1.4856386327378817,0.3301020062405968,0.9490740262794314,-0.02759707588480942,0.8753987336834493,-0.18511245405253018,0.8659451911873038,-0.048379806343017584,1.366449021545679,0.046802787907534366,0.922789903263354,-0.02697229603908613,Train146.csv,Normal
4.094444444444444,0.3978840978118604,0.6866603821214626,0.09980439587178909,0.15596104940621547,0.3126852657130859,0.059461348336922605,0.26660283761568104,0.3949520215339802,0.05245884959414363,1.5972137451171875,2.587890625,0.4757621855177352,0.42959185163255503,0.5950346678139244,0.08401424064245669,0.09262005026221362,0.15834908964794792,0.03456005646338757,1.8068560293358036,34.289111579378094,5.921065048575597,3.717557251908397,29.801526717557252,7.330466425174148,0.021702655846574433,0.05087798450260154,0.010571078999861901,22.14503816793893,48.854961832061065,9.40826920310286,0.030440587185630794,0.09756250513463449,0.01945006914559295,27.710396510785998,31.764817664072453,2.3681866050478524,5.156349400396657,5.423855650036465,0.12960130553575427,4.120925015491403,6.773041708751586,0.8041675153617083,0.2102794583888959,0.40505177514243257,0.062316135460154354,0.4088753476796466,0.6385300192502115,0.09570707658272964,0.15127786462781498,0.2848894688370987,0.04957289978746084,0.2614290492733778,0.35771061721460906,0.05189544952182524,1.50909423828125,2.7099609375,0.5444950873025898,0.42738536983940634,0.6346559330060263,0.08637218329950508,0.08802402270218126,0.18440750821271992,0.0349896535194594,0.5286911347638977,3.6372280102942085,0.9823334974953759,4.038167938931298,32.2442748091603,7.3384113632029715,0.02330655699136327,0.054452706061586635,0.012050171183608769,21.51145038167939,48.854961832061065,9.637047079757274,0.030887019269854633,0.09950134123160431,0.01907590811442803,27.50712599794599,32.52022181093975,2.806880007582838,5.12698885536151,5.335195104828325,0.12193225204125628,4.1640839701147865,7.033547020269173,0.8930865056408837,0.19722439454275312,0.3272368809727417,0.05975767215893351,1.0661939554192361,0.013055063846142773,1.237793774040949,0.0778148941696909,0.8586911147164143,-0.026058418564772007,0.9343517934757212,-0.0035747215589850972,1.1041104217292987,0.03724140431937112,Train147.csv,Normal
0.0,0.1964920981796548,0.23867144108804902,0.01923656806285933,0.12946796135741548,0.19358393041297067,0.037485178986225644,0.19756999026577968,0.21821085963216066,0.011574353479157626,0.330352783203125,0.57373046875,0.1642553892875399,0.4752199996767219,0.59056266837806,0.10350754807010272,0.13124823793758,0.1807285773432021,0.01772343530742375,14.184780946824207,52.84417128921255,11.591626483149184,1.0492000000000001,10.0736,2.6855845993004954,0.0015750610765959835,0.004956970623525683,0.0015071376790143146,7.610999999999999,40.367999999999995,12.03435594454477,0.15499785381323572,0.2923282161194697,0.0830181556156381,25.219695726290134,29.95373065175076,4.48281614648627,8.137142168803567,8.381629497865646,0.24389018158234332,3.502411591575938,8.884636510994484,1.8864376935598695,0.07144919230011568,0.1261440612559298,0.02835293832190527,0.1936737498777234,0.22442171574108483,0.02203478175049383,0.12934952032251462,0.19017903722015653,0.03867648296887135,0.195232924925766,0.2171555218504923,0.014052983675792071,0.3284454345703125,0.57373046875,0.17941531461726856,0.48283832213571576,0.5944274727253891,0.10511549970479894,0.13014941890948628,0.18061367719687912,0.01900462995674341,12.072761461519471,66.85468452079269,11.901924121148145,0.7104,9.907200000000001,2.0279720708136,0.0016649186069151165,0.004812176492537147,0.0017340863380369976,11.1615,53.556,17.369519358635117,0.1523078341094262,0.29024516153883684,0.08722994011866643,25.47293411024274,30.145350886856175,4.640900113217597,8.142928986809554,8.37581672042938,0.26461123865060193,4.3371120926841,9.788805102501957,2.232761911002777,0.05368823455776086,0.13576298835609663,0.024955591236064133,1.330816547756474,0.017760957742354817,0.9291491138653624,-0.009618927100166819,1.000636159716529,0.00011490014632298262,1.0300889007550293,0.00014479413098853616,1.0048598201317447,0.0010553377816683585,Train148.csv,Normal
2.0944444444444446,0.21971147187567763,0.41465157193081764,0.06879939145685587,0.16536058704411388,0.332380868809233,0.05679448725945493,0.2490710639315335,0.32829371968537147,0.04544672286877589,3.076171875,7.50732421875,1.944455934861459,0.6419419547767888,0.7861127696559467,0.08451225994127358,0.05899950214365393,0.134523236365206,0.022848315370973926,7.545210049537294,43.39023859288062,10.444049560116722,1.417910447761194,11.462686567164178,2.1640761684217864,0.03131152931644911,0.07126666279630368,0.01761474888601795,31.238805970149254,50.62686567164179,8.703207634153628,0.025506361380537027,0.05815205704508042,0.012565413559894779,33.23156645741673,38.8371116970927,2.6799691140944817,4.625432704490565,4.748267055411776,0.08026760949140405,5.774458405816661,13.784424004630058,2.5911911392647027,0.279963841825459,0.4999705991445542,0.11355962273843183,0.2254685089985144,0.4118907974138008,0.07200142957961682,0.19376072009786854,0.3689846511457127,0.06691603520526979,0.26148409500551784,0.34804341111595466,0.03973612476658953,3.1047821044921875,5.92041015625,1.1338403961847539,0.6417673937112338,0.7629630785392403,0.08233342150834028,0.06514933470830378,0.1436728186456427,0.022919909102601343,5.685595723911803,24.44079313310607,6.705773320843076,1.626865671641791,12.895522388059701,2.696127268869982,0.04044653980296002,0.11567424977477098,0.02189086843613228,32.35820895522388,48.71641791044776,7.041739795957842,0.025216115943618014,0.04830197280282121,0.00868357527985723,32.25218626991882,39.5045981806705,3.4235844793308265,4.5783005203378915,4.737179514694017,0.08187111638334081,5.756723842555779,10.689946323527776,1.935418287456722,0.3100821810711698,0.5643747928741515,0.10070253246252027,0.9028698132716375,-0.03011833924571078,0.8858839986678098,-0.06440419372959727,0.9363165329183111,-0.009149582280436719,0.6160978983565393,-0.04440758697846729,0.9432550890404344,-0.019749691430583194,Train149.csv,Normal
4.866666666666666,0.3033206238638665,0.4156040324687055,0.07106805282940391,0.19203745412618486,0.3700354840233326,0.05174732207187105,0.22269134127565765,0.3033019716776936,0.04374136422921986,6.4495086669921875,16.63818359375,3.8855068787640077,0.34699201006113756,0.5366679093461464,0.07163191197282301,0.24734705247636454,0.4005729701303637,0.06948886562049415,5.591695972563931,24.087851276655567,4.816375029280288,0.4173354735152488,1.4382022471910112,0.3308294838648668,0.06699114334865008,0.22329825172546525,0.052619765270480685,12.45585874799358,53.624398073836275,7.723593630879237,0.05876152708390667,0.0872644921842444,0.016788344755503355,24.769998330484356,32.760990431024254,2.79547888627313,5.384490113228853,5.516835112161967,0.10815872682272742,6.225265287477811,12.67299058285398,1.6877253591176713,0.5834515101241777,1.5116065227635063,0.386511297048735,0.2687711576332351,0.3983466771708225,0.057899021027834605,0.18182325082619702,0.29382407523766546,0.03901951938457086,0.22559658564754126,0.3179033279090111,0.03820078056468201,5.792236328125,13.36669921875,3.1826659178653705,0.34264567437715776,0.4704917811673473,0.06599902503573071,0.276717024066957,0.4393985489888238,0.07785039653076925,4.494716300648449,33.71908867170732,6.047476904896857,0.333868378812199,0.8218298555377207,0.2656585664921631,0.0713763343084023,0.184538865210862,0.050182498075055745,10.260032102728731,19.929373996789728,2.2394731028809525,0.06492108805311933,0.101816872700538,0.01747444740016495,24.536847401374246,31.470203111444487,3.239037975784853,5.371455299582047,5.552326265364128,0.12896239950099442,5.971623205076726,14.381257034658347,2.269922008297035,0.5765129127872033,1.4510342313197615,0.34581917139230467,1.0120354569187249,0.006938597336974439,1.0417442187748445,0.060572291443744763,0.9116392626706491,-0.03882557885846011,1.210033725200821,0.038759386514603256,0.9540698196479199,-0.014601356231317475,Train150.csv,Side I
3.8833333333333333,0.35060722143815587,0.6317111297703049,0.1203294668162091,0.1448932085449295,0.3317801889323832,0.07144620558551441,0.23781152504899755,0.3989604226224482,0.0461914163383915,1.7520904541015625,5.45654296875,1.2394081742014469,0.48499637367331777,0.6671046504843687,0.10369934981072147,0.09317531433651935,0.171209791312691,0.02876393590415686,2.8060493440199346,27.743524691186312,6.2623398701501145,9.61770623742455,41.72233400402415,13.460068615031647,0.020533121549522425,0.03859574926954817,0.00999704481892682,28.354124748490946,56.65995975855131,16.92225790759128,0.03724529303294777,0.10415728310950412,0.021236778102382226,29.243338939768115,35.83239577377507,3.4506695496095525,5.168301828050585,5.390996425393206,0.13169159911940465,4.893538960794302,10.889185359971275,1.9643456590506778,0.18849325058749405,0.46097520900295197,0.07503228468689198,0.3412899434628619,0.6385628831513377,0.11329317902358614,0.15009119743663146,0.33865159527414757,0.06855737852333771,0.23526547621263516,0.33511904343890425,0.047135716219262706,1.9145965576171875,10.07080078125,1.7868794084156956,0.4977740269934554,0.6792022284762526,0.10210786980696775,0.09114317410136458,0.157605523678265,0.03261558558934811,3.7856499234449625,28.62428832542417,7.4095715616887,4.861167002012072,28.072434607645878,8.7073419715527,0.020970434462129817,0.05618996185180129,0.012055692491339158,30.269617706237426,56.65995975855131,16.210780001002863,0.03393293081222761,0.09368218855164806,0.01940841839186982,29.828451597688534,37.07430394978885,3.450752889840467,5.155193713506431,5.321095543251701,0.13089808517485046,5.107523218671963,10.780368797044662,2.171430641510547,0.18254834419017754,0.5808898692024671,0.0868660066096362,1.0325661971414923,0.005944906397316513,0.7935673053521844,-0.11991466019951513,1.0863184628977802,0.013604267634426015,0.6868797790691349,-0.017594212582253126,1.1905035814673997,0.06384137918354393,Train151.csv,Normal
6.177777777777778,0.2714727252615459,0.4313140727918984,0.06663030024004833,0.1638087377454768,0.26214673716405457,0.0507509542244726,0.23532051033223017,0.3338017525052011,0.03899435220853917,3.261566162109375,7.23876953125,1.5120541865157486,0.34538659396943866,0.4829830048891014,0.07107295325895248,0.2900658102468889,0.4633597580616315,0.08134960850851197,2.6380208590331025,12.866502886159688,3.8713611606030467,1.820480404551201,21.36030341340076,4.463100085335279,0.040811415982873835,0.15983632634790831,0.02632071721508731,11.888748419721871,28.642225031605566,6.39510673903369,0.04388880729558353,0.0760333953313035,0.011654187493873617,24.364073743152623,29.7177952490373,2.87095039813185,5.5409794190987185,5.783416629712928,0.11769409319625085,5.177375953364397,8.124659950995564,1.4076443415244626,0.3492542400370794,0.7826503696171241,0.14017735684205132,0.28570060886121323,0.5331338412351734,0.08517939051419428,0.15604661296492933,0.30690992291862046,0.04709349746035441,0.22992240991408847,0.36544752263146735,0.04780407904483836,3.1024932861328125,5.82275390625,1.064897800337249,0.3719816160178956,0.527796327919006,0.06959317823754557,0.25427176027394127,0.4274176790349963,0.06413052970106344,2.5230506814289804,16.93624442396198,3.5938179010608904,1.1125158027812896,16.667509481668777,2.892965410514812,0.035595709494539815,0.12805073274008658,0.026779976141502484,11.85840707964602,23.94943109987358,5.697171826202532,0.038270798329117825,0.06952660909717764,0.009106122539077019,25.5441742879342,30.28361280025125,2.5861334710984365,5.579076223202655,5.752553189206511,0.1296505752553147,5.5546971725694885,9.222645778989525,1.5605015824976267,0.3215946200089108,0.6220264509179299,0.12435412764222806,1.0860077166135256,0.027659620028168574,1.258226828142008,0.16062391869919423,1.0840912290378169,0.03594207902663521,1.2482265558301224,0.03178559360782174,0.9134054301099077,-0.03164577012626624,Train152.csv,Normal
1.7722222222222221,0.2389400949385142,0.4534545946052032,0.07652039777409535,0.18629452958150794,0.39444618927864505,0.08052045532494993,0.23610060182871925,0.35120287492501384,0.049728926124829216,3.0582427978515625,11.3037109375,2.499898193892319,0.5778357445331073,0.7696755516065855,0.09635271995907851,0.08289392417569406,0.1467688984554364,0.029666360467032093,9.498965359327688,37.781606608714675,11.30679132169103,1.4801762114537447,4.511013215859031,1.1343419869202525,0.028649423061762855,0.10515748013274498,0.01987142243628326,32.458149779735685,63.718061674008815,16.019045894094315,0.033843846864986774,0.08871752219828113,0.017904493479174676,33.53753968207485,41.19119350494367,3.4251140732533076,4.496074538155755,4.597203973079043,0.06734597586240125,6.114192775684901,12.275533383542111,2.454882105656848,0.26351561516776384,0.629538259971373,0.14507916682002944,0.25093033310813306,0.4658634624761738,0.07812178228242454,0.19454932177049586,0.36628423375606944,0.06080787768410379,0.22476076925344168,0.3294453549867425,0.04955622342542366,2.919769287109375,8.06884765625,1.6750465571526134,0.5647997094169422,0.7213090167840651,0.08505361331900886,0.08538238495563027,0.1966481936371367,0.034268123899196985,9.505085117916458,40.867367326296126,10.947508223609233,1.444933920704846,5.638766519823789,1.17890598651473,0.02694572469674621,0.08172472207704078,0.015597068008157135,35.9647577092511,63.15418502202644,16.287725195475133,0.03305482227168487,0.07436535308389564,0.01513577710375237,33.257609480416605,40.2413657537667,3.437928180571173,4.492643121039146,4.6363670626586755,0.09085931164581866,6.53338061230033,12.643317173063021,2.608020311204121,0.24195499198812204,0.45809673755581576,0.08544143044422538,1.0891100527142263,0.021560623179641802,1.3742474176001327,0.17144152241555727,0.7463526361188333,-0.04987929518170031,1.2867278856804991,0.023432758055704203,1.0660428764372896,0.021757519938271352,Train153.csv,Normal
5.7444444444444445,0.32755548060002415,0.46963167534529066,0.06557426571271142,0.1546800575982614,0.2544249748407555,0.03778166466944662,0.22204401269624108,0.29882938411251536,0.03341753616483696,5.693817138671875,17.17529296875,3.663441654096357,0.39865008091732335,0.5422776962641858,0.061493739480420445,0.18386084306347528,0.39163187029720553,0.06795406970176722,6.433092925908766,24.342996099681592,7.221701757110174,0.6857142857142857,4.353741496598639,1.0457479535967336,0.052457498332270605,0.23594287994428148,0.04731481408233294,15.755102040816325,55.37959183673469,9.630628174121494,0.0310890372964718,0.06601901255673315,0.010030849546454251,27.462357789351884,32.255265879985885,2.250205728355259,5.578178630088854,5.723844806262894,0.08306559568697355,6.671953252470853,12.238625545030226,2.531167320014954,0.4686826163941368,1.2111973022358768,0.25218993373535914,0.3202222271019265,0.45269306610695864,0.06819164381231729,0.16139973366297064,0.26815527350455526,0.045197178091090424,0.23470350641449195,0.3037329195702345,0.033803644905802295,5.0174713134765625,16.17431640625,2.709875851876298,0.40763050517591726,0.5909845653849403,0.07426124299797314,0.1859303076304229,0.3156341340554729,0.05288919274672701,5.365976867071392,21.54452040500289,5.96236842386054,0.6748299319727891,2.786394557823129,0.6962584203197595,0.03832769213729932,0.1451550574161012,0.023323792999318714,15.140136054421767,56.9469387755102,9.181744317408299,0.03178426086532756,0.06469477312254088,0.00938949636491925,27.491743961014418,33.652923771183794,2.515394335225097,5.595934611091947,5.721239835314503,0.07809068282417309,6.738449344323734,10.853928137235972,2.1841400253819163,0.4098054218454442,1.0275962794807298,0.15413907477220545,1.1436710942961283,0.05887719454869256,1.1786703837320769,0.183601022755147,1.2407779349606023,0.07599773624173262,1.6254540662849521,0.09078782252818027,0.9838557623305594,-0.004903535457719155,Train154.csv,Normal
0.0,0.20157738970393635,0.22190930746677984,0.015307506811850564,0.12182510890923715,0.19742227760670192,0.038122730582247126,0.196232600558452,0.2153065355190886,0.011496566876200152,0.3025054931640625,0.68359375,0.16891787904372182,0.49380784243765313,0.5876728330076985,0.10027800651634054,0.1273836446399887,0.17815954604520004,0.01597014643319113,12.578700165426579,77.09081203190094,13.816058506583802,0.8108000000000001,12.4288,2.66714310077281,0.0013278107736493547,0.004262534926801955,0.0014463616401649642,7.528875,45.024,13.392833260157277,0.13832753411653975,0.28555421710167905,0.07894129902295745,26.072320271106477,30.09355737741121,4.318291245717303,8.178453469107446,8.38170177339633,0.24564165617326997,3.239755004228022,7.894716426615235,1.7777691155459614,0.07014469231651696,0.12966349735816035,0.030608490011286217,0.19503032844129733,0.22245881043413152,0.02236455371635392,0.1243639484916136,0.19286329257185486,0.03825856153850334,0.1936824295511923,0.21544312145899136,0.014032582103400517,0.330352783203125,0.59814453125,0.18487551598786392,0.48553083966770577,0.5881131526624932,0.10032234324958762,0.13126027500215892,0.16996049987450906,0.016929872570195074,12.971140221356213,88.71186840801097,15.512515641891632,0.654,8.6912,1.9175300362706187,0.0015487052707027658,0.00502073925200154,0.001698104746847892,14.46,58.571999999999996,20.441959715252352,0.14746460931859906,0.27325978919937366,0.08495192440809723,25.64109800141745,30.309544662894808,4.442265487538833,8.16397510215736,8.384231823431982,0.25240815648106324,4.38962417109636,13.031550893788694,2.4113367746440164,0.05325708755989007,0.12755424794667897,0.0260695222478228,1.3170958873885115,0.016887604756626887,1.0165360889887964,0.0021092494114813842,1.0482408861382726,0.008199046170690977,0.8489853513339345,-0.0007582043251995853,0.9993660185651609,-0.00013658593990276136,Train155.csv,Normal
0.7555555555555555,0.18918135270786485,0.35377977745426675,0.06713208309717589,0.12198719425819102,0.23950489620379262,0.04642273386198095,0.24240929100830452,0.38382983532430026,0.05328133115054641,1.4072418212890625,2.9296875,0.6257460609807064,0.5253089953078842,0.7615304554688401,0.09854707129819247,0.11028722349538839,0.21006199548602864,0.04735728434217711,1.6283806665369158,12.937005805788965,2.5144720230151476,6.208333333333333,20.0,5.255783851043428,0.02519620358262043,0.06489755691462211,0.01631578349945756,41.25,64.0,21.46816117985992,0.06014946559328859,0.12371219846977786,0.019901239759364253,33.756412666150744,39.642058760780586,4.013298597279967,3.7043562728126203,3.781284122154807,0.05948355888208724,4.277608170123367,7.73829120680309,1.2563283094757711,0.18533598572057597,0.32891894970657165,0.06679964263505657,0.1866030055468709,0.4210197097244763,0.07001371975091178,0.12647120969827663,0.31370057954424163,0.05771396662430123,0.23350315618039205,0.3690051024870996,0.04994586102467418,1.587677001953125,3.4912109375,0.7297207775481913,0.5272088070825385,0.6643891927756348,0.08779128257063437,0.10825615226787762,0.30119234967739794,0.052395663258145,2.3457951824696757,9.644655965741821,2.3141897190895726,6.416666666666666,26.666666666666664,6.987588202583842,0.027419758078615585,0.12018994023671313,0.021388832032102557,44.08333333333333,64.0,19.0348729675007,0.054124577136124424,0.11605321625933938,0.0218493576305297,34.64323916043864,46.452704263538664,4.51107246912758,3.6908480072518595,3.82085633366599,0.09390908061940184,4.7922253829071835,7.0668662092988646,1.0413809192677377,0.18118226946908678,0.3695744785565528,0.07320515194982,1.022925616511677,0.004153716251489192,0.8899936762441953,-0.04065552884998114,0.6974346958466501,-0.0911303541913693,0.5399583047204166,-0.05529238332209102,1.0401748693909836,0.01482473283720065,Train156.csv,Normal
0.0,0.19835978808457147,0.21914746623382056,0.018017163788436305,0.12536912469876144,0.20044658715487754,0.03932268565126763,0.19872661009670808,0.22301646465983588,0.01148722088036223,0.318145751953125,0.537109375,0.1562052155925544,0.48891526294768034,0.5969695634828821,0.10162804683332682,0.13077500221520094,0.17387010652066615,0.01715782412408383,14.71948444738334,82.61803993366357,15.013423212054462,0.19880000000000003,6.0928,1.0586390508572787,0.0014827513117847803,0.005387922288586154,0.00165926783710314,10.526625,59.208,17.51814692281621,0.14324117289719285,0.29134357443026476,0.08271914669773926,25.818688338821936,30.248125783283236,4.413907978927841,8.168404621220919,8.382110373963318,0.2536620900267411,3.4156150845549575,8.24747906318966,1.9404490595763728,0.07095945735304315,0.12631434613765777,0.029210787365928845,0.19453132226870123,0.2329837071353355,0.024907389832177634,0.12565251435465447,0.19528337530274387,0.04027154869487081,0.19576904371233314,0.2194607378880954,0.014440610292761075,0.32196044921875,0.5615234375,0.1751972138844954,0.4897645265379865,0.590622253362009,0.10051088663411115,0.13022588914429686,0.17799400910793978,0.01809098013980592,13.966344462325754,85.73730331575116,16.910893517450226,0.6739999999999999,18.3552,3.1986422869711455,0.0016418402734427406,0.005958078521903504,0.0018068774040022788,14.6205,56.484,20.407063501395783,0.1455537642547527,0.30578806858092006,0.08605870061153978,25.764745140974732,30.27232444116858,4.498974628348567,8.157165002364671,8.384081815387479,0.25971050515418076,4.119236245164457,8.87703148862109,1.9254547246694194,0.052567920578986405,0.13615415342904275,0.026304312758771625,1.3498623347020176,0.01839153677405675,0.9277303852192551,-0.009839807291384978,0.9768312226643312,-0.004123902587273631,0.9043051991465876,-0.0005701562333173503,1.0162021042568055,0.003555726771740486,Train157.csv,Normal
3.727777777777778,0.4376760213067308,0.5903756243523738,0.07729166285272017,0.2061024794180371,0.3439777277568583,0.06230079107395563,0.2318619417776922,0.3031953798110895,0.03380646067147236,5.5816650390625,12.841796875,3.069220363226369,0.40224265107930307,0.5461656961311304,0.07533641479153035,0.09639232645788727,0.1782536125821439,0.03679230636978768,8.082814714770441,27.811750509257493,8.004961682681806,0.8972746331236898,12.880503144654089,2.1868471090147787,0.05225169769439704,0.1247346378075523,0.030362402171296293,17.10691823899371,27.639412997903566,3.7182809789319298,0.027622799360666243,0.06508727666095884,0.010694252774661132,26.79996991537837,32.10125698748018,2.690184584295113,5.083388520081096,5.266813674185957,0.10475703166448667,6.389151000442494,11.15776287339282,2.037687602842304,0.45352403406830777,0.9254251753032179,0.19338562466006923,0.46968206938337886,0.6284765659306627,0.06310124403981218,0.2175916366439416,0.3318758899627881,0.05347102066028793,0.2384861119418568,0.3395549917239031,0.04997491502187966,5.7514190673828125,12.548828125,3.348896614422183,0.37739556309665756,0.4806521905904433,0.06150145699510021,0.09394920731409254,0.24134422834827682,0.04054447479290839,7.510535971961762,62.04906568453984,11.078317146440495,0.6876310272536688,4.0251572327044025,0.7438301672632851,0.058203012500809184,0.1270061291522808,0.0320070802065884,16.570230607966458,22.540880503144656,1.857929717283184,0.025348954887485245,0.04707234970124291,0.007028167787781281,25.959108575878613,31.025395743442544,2.3341724624208084,5.048895764028231,5.208990410874053,0.11219370347133953,6.344788743689703,15.387412427243905,2.2916147072048356,0.4899022507312552,0.9740526906713721,0.22467788527708601,0.9257439263967633,-0.03637821666294744,0.9500771192524354,-0.04862751536815424,0.7385865950203073,-0.06309061576613292,0.9821150967909583,-0.0022714913447284962,0.8929198106582455,-0.03635961191281356,Train158.csv,Normal
4.405555555555556,0.3710012325184395,0.6488606189955269,0.11094893836629931,0.1394990804907909,0.3220976734825011,0.07766107983070325,0.2067968477884054,0.34478559778429124,0.04804354399948294,1.596832275390625,2.734375,0.5090716002182473,0.4339988745327168,0.6917055567859656,0.11249249252646569,0.11087201084711557,0.21881079613957286,0.04425053612272461,0.6754305190052681,13.838126464382647,2.4812274863222683,5.177304964539006,31.77304964539007,9.219716310965614,0.032753538984219635,0.09810418333182988,0.020051452183634386,31.73049645390071,60.36879432624114,14.660320725429102,0.034300839052813434,0.10343699182207614,0.019615807375417443,28.70463965159884,37.31411127445194,3.9341684176857306,5.117612510628805,5.392576847080188,0.18675849746936676,3.801817721929349,6.186676304601375,0.7887156214883341,0.23386182425489413,0.4142891065835655,0.07985910574782372,0.37685104222603105,0.5795947160227697,0.08412998903647441,0.15607315859097587,0.3683476962670608,0.0742631979602434,0.20737628786988105,0.28951800291144414,0.039061443020345005,1.7566680908203125,3.16162109375,0.5274278024074952,0.4286622525976208,0.6451653259199994,0.09066278880080263,0.10793246725304144,0.2370917240286846,0.04067632857959308,1.0092911105333005,9.235254140774368,2.26403984732457,6.304964539007092,33.815602836879435,11.325188580482079,0.02902308806752777,0.05951847084577248,0.012563821143386568,29.4822695035461,47.659574468085104,13.703432606024952,0.03301366502098862,0.09340138578795704,0.01577167059115647,28.567360602786422,36.21368892327248,3.3467975546302138,5.172578746346803,5.36328162273291,0.1320408101023489,4.634355451337104,7.243720571651381,1.227614807938643,0.21442103762450082,0.40929334787158567,0.06215837663241913,1.090666409206414,0.01944078663039331,1.0122058121045774,0.004995758711979825,0.9228951204986171,-0.01828092788911173,1.648298087794371,0.038585712486057404,1.1908951882997645,0.0552675948728471,Train159.csv,Normal
3.8055555555555554,0.41848699622129615,0.5804650376734651,0.07467648340223468,0.23605144544271356,0.4412010771384064,0.06849881988151396,0.2523764522087305,0.3257443682223412,0.0365002224499355,5.670928955078125,17.85888671875,4.213003263948454,0.423907289774618,0.6344559513041523,0.0804881050550926,0.09757139499760868,0.21620200893879468,0.03937716011234089,8.928915970215652,50.017252610352514,10.174864944235441,0.731006160164271,2.628336755646817,0.5447635120752502,0.045590957333674784,0.1709639775699819,0.0318161493031207,18.135523613963038,29.437371663244356,4.167696002339084,0.03160947506922206,0.07123971488689679,0.013496045833432141,26.30009197594797,33.17359463522015,2.3188676549997504,5.121048160007291,5.300952488035672,0.08537966696579374,6.793547280910856,14.238270429223016,2.3590557865313464,0.4221259029268267,1.2684266199743492,0.24061940508148155,0.41255586907563013,0.6387031018000624,0.07365296660272973,0.24310279800718965,0.42868096409525747,0.06259090956225584,0.2512725984169994,0.3194481914591248,0.04306447301513746,5.3966522216796875,15.78369140625,3.3817461231749064,0.4256645733422043,0.6579597094365262,0.0951303649209973,0.10315327355226961,0.31705122963475707,0.06366492775650022,7.375352219398158,31.01916121779614,6.984790510876276,0.7227926078028748,2.102669404517454,0.48285629426526716,0.04392511863156057,0.10160732443120107,0.019477443720693124,18.028747433264886,28.386036960985628,4.784032911067033,0.03194993253497103,0.07083726397162417,0.012534224053855009,26.409180293203708,30.567062325279203,2.6437363536169216,5.109972068103685,5.329431269024997,0.12950687138996328,6.7024029976548665,12.32505736805088,2.164067295122902,0.4152811087090432,0.914805566722223,0.17014035293981264,1.0164823129628484,0.006844794217783501,1.3865532357139105,0.3536210532521262,0.6819150599287827,-0.10084922069596239,1.6825949983866335,0.06935665313878084,1.0197095363562654,0.006296176763216421,Train160.csv,Normal
0.0,0.2019999576416402,0.22620182996497504,0.014743871315250767,0.11929121655612449,0.19324823899999866,0.03665589195881025,0.19811003992540846,0.22171476334098714,0.014709115227262301,0.337982177734375,0.64697265625,0.18468651065706657,0.503442035324113,0.5993709193160273,0.09635683741916824,0.12586985216020025,0.17039233248982144,0.01365350927130472,12.22815625369346,34.66998832981591,8.705347370359355,0.19160000000000002,5.12,0.8964198123647201,0.0012205248543625431,0.005140379784528364,0.0014547314764075607,8.302125,40.836,13.888759159276074,0.13249134319617517,0.28851206157030845,0.07796591068238631,26.46019564685571,30.162263838747727,4.137491563799331,8.211008917690563,8.383508723638796,0.2128809788938367,3.3802377715629524,7.818368617928647,1.7876813824240894,0.07010770579908665,0.12744748623547544,0.03066184247619255,0.20088646465851367,0.223871462950538,0.017980212080449642,0.11762310634179668,0.19946605752210322,0.0362077757680946,0.19891872241067077,0.2181001560459165,0.012715905840807897,0.3360748291015625,0.5859375,0.18246817948165941,0.5054227744024937,0.5940716798763286,0.09575532799371264,0.12487890569557117,0.16889127989530756,0.01357221675376716,11.385384391728852,36.72575477519391,9.145299018053947,0.1396,3.8784,0.6743377195441465,0.0013396994839792772,0.0058887449230803956,0.0016879584768186907,17.005875,57.791999999999994,20.74607201338063,0.13109186186488342,0.27927826747037265,0.07764527144399237,26.522804347339147,30.142944007803592,4.170412012757546,8.196277947034261,8.379711136355256,0.2466946596039612,4.1178918464783685,10.49130748982848,1.8472795240999187,0.05257776559541463,0.1351038792748533,0.02749372270570202,1.3334097345473936,0.017529940203672018,0.94332957703508,-0.007656393039377846,1.0088876796158848,0.0015010525945138853,0.8729158723559662,-0.0007483651385520318,1.0165731485205196,0.0036146072950706265,Train161.csv,Normal
0.0,0.19605429058219478,0.21861243272641748,0.018376337235373217,0.12954941258249086,0.18973638203005058,0.03634041456680254,0.19464328533481423,0.21696934619086036,0.011344396174397945,0.3498077392578125,0.7080078125,0.1648403917384103,0.475252312733192,0.5870224778107574,0.09807739043168649,0.1304527163238256,0.15886072691939157,0.01400435642002738,13.041859067340951,48.41005088748035,9.338218360669508,0.5224,13.7728,2.422438969303458,0.0016811088647936524,0.005067417612667926,0.001653892967393452,4.778625,39.24,9.25927230452669,0.15591294205428113,0.27680708177726704,0.07969210268813923,25.183691531234977,30.095857950189394,4.273978172284673,8.13642444879115,8.384615475462098,0.2480346382513459,3.725194446221667,11.647435853532375,2.1078390084925425,0.07162575898238885,0.12883710451680702,0.0289198570438716,0.1937113185550418,0.22242244954042087,0.02098511136852295,0.1343670476890526,0.2048954982818951,0.03983527181156016,0.1942566182868481,0.2155917011139715,0.013442042481682754,0.372314453125,0.57373046875,0.16380294067773002,0.46759383280581146,0.5873972321809382,0.1064286255321335,0.13145240221430288,0.1809878851902593,0.019823555978731804,13.766135495658956,52.48939734927357,10.17056744182165,0.9068000000000002,12.0576,2.7388487800534005,0.001978372521726922,0.005757776312780684,0.0019098513019464866,8.839875,48.372,15.702992309887152,0.16274615445401858,0.30639075695725554,0.08711811059820802,24.81874226936746,29.982611990052742,4.660543515499671,8.103305423560062,8.379479674574469,0.2744390048963917,4.577147181419445,8.478183620739708,2.0255858480144693,0.05530686685202022,0.1350142355760093,0.02397549264360296,1.2950608444150493,0.016318892130368627,0.9542482910257784,-0.006177131059202284,0.8777423189107415,-0.022127158270867725,0.880099617854211,-0.000690358700112758,1.0063900607647718,0.001377645076888867,Train162.csv,Normal
4.833333333333333,0.35629495576893255,0.564697731939648,0.08196516720072694,0.16429324218679037,0.32918360188009765,0.04767512578000489,0.23665105135175027,0.38672044140153333,0.04631756659726629,4.6199798583984375,20.03173828125,4.210585341005564,0.398303681875002,0.533352047965919,0.0880059219674356,0.14719906076081163,0.2604230119715009,0.04349896271760974,2.3266904764912884,13.559317910643689,3.1897291830207393,3.3268608414239487,32.310679611650485,7.1636071437318884,0.06155646167256699,0.374249506938561,0.06822647908728695,18.783171521035598,55.09385113268608,11.878777327771472,0.05437673731744439,0.09164499520496144,0.01773725017251044,26.50608854541079,32.69898647310164,3.147134585491681,5.382016188357513,5.550133417686599,0.1300985093856586,5.073822834288887,7.847644626697691,1.431717118507072,0.4608142066270161,1.6312800795606326,0.3503258676014119,0.34781817739471005,0.5081309651223092,0.0810569567862981,0.16749555839618505,0.36171095431613665,0.06144179741179109,0.22625499781012776,0.2973298740115301,0.03655600192152525,4.6901702880859375,13.0615234375,3.17620809434795,0.3954179656373812,0.5447392743581886,0.08899666890380817,0.15954354204375742,0.32092638591312955,0.06528650534545886,4.448890656150931,20.920748015496727,5.229283605530467,2.504854368932039,36.86731391585761,6.7812659444459475,0.05144583223869464,0.13849374520812915,0.0324755497852229,18.323624595469255,49.70873786407767,8.021209095389226,0.05284133026948527,0.08919033381542883,0.01841044136124729,26.41991804144422,32.56842648071675,3.2290674134598087,5.37830283280192,5.547839124620465,0.11686091151195982,5.734739657252977,12.2531440164564,2.06180962915759,0.4328406189521832,1.1654192551161429,0.2532875133413923,1.0646279147227984,0.027973587674832934,1.399736679310594,0.46586082444448973,0.8114727320380605,-0.060503373941628635,2.7022845232024904,0.23575576173043186,1.300644415185446,0.08939056739000323,Train163.csv,Side I
6.933333333333334,0.1818091021545066,0.3152973980226369,0.04104434952029686,0.12878836093516036,0.17462075739949096,0.019424397680108365,0.1752999455379366,0.23861490252264636,0.022272296508760232,7.4062347412109375,13.61083984375,3.1485434140083814,0.5183558966030195,0.6002465541371025,0.040891124161958385,0.1930781616572742,0.2979390922367644,0.04428708824528222,1.7352608116261996,5.234180371142921,1.126259175162221,0.39233370913190524,1.0101465614430665,0.3665544741871151,0.06856107284302818,0.30693562406755054,0.05674107029057403,14.484780157835399,49.497181510710256,9.717940761057568,0.03462830850038635,0.0661366988223464,0.010695982153610718,31.569200721801607,34.20122430469088,1.7264892093716613,5.841340204411709,5.925371025695972,0.0624701687522237,5.3911859683736,8.778145806903284,1.1411388590473281,0.7555630189218068,1.6617761943664267,0.33061281762071343,0.17069091190778996,0.2366576452046124,0.034594014346081,0.14085297001787286,0.18899635532517056,0.02624206098361532,0.1737923166394299,0.23540083596869663,0.029606963989659167,7.7266693115234375,16.17431640625,2.8077904761781514,0.5091770738205684,0.6508132685564593,0.08402182699413185,0.22464879742127847,0.451627656972048,0.10436623332354801,1.7023710604977413,6.152821702755125,1.5178378970442283,1.3979706877113864,27.56257046223224,4.82988745883601,0.08692221503087219,0.3571205335737707,0.06590363678245498,17.010146561443065,62.340473506200674,14.32991889992762,0.03332441482530352,0.0524386353426875,0.01042979313219623,30.713322140897432,36.340089161765,3.322948675740258,5.781147755358033,5.923977446597111,0.14823913514916448,5.155829301944976,8.520957763487873,1.5778756131037739,0.8274467904544764,1.5862927156473134,0.29571159010056197,0.9131258066681083,-0.07188377153266967,1.0475848353377366,0.0754834787191132,0.6597007224371638,-0.15368856473528358,0.8594734672255218,-0.05018490950622018,1.013653585923219,0.003214066553949735,Train164.csv,Side II
0.0,0.19701941080353425,0.2281034455452803,0.019802065531566725,0.13033830396592588,0.18925552408026314,0.0376369555150107,0.1968809343376871,0.21498315674333177,0.010582010386111318,0.3265380859375,0.5615234375,0.1528318362493764,0.469285726465255,0.5871725492094109,0.10156876159872091,0.13232306715301606,0.17586724351417368,0.016303919158531976,14.223984854174402,53.90401414861207,12.263396775218961,1.2176000000000002,17.8304,3.997893525345566,0.0017460053460557645,0.004813754822296251,0.0016366103951029431,4.30125,39.288000000000004,8.240326112327109,0.15822666350167103,0.27891699585158275,0.08055784518767095,24.96591165026301,30.003322990874253,4.381552725099473,8.117090493304202,8.381356843698521,0.25689601696092534,3.713720841633223,8.448826996726591,2.1015337573387853,0.07157369971929294,0.12819829798043206,0.02802157357115155,0.19288165150763992,0.22428871035887119,0.020117518001656277,0.13912741848664023,0.23667809521397756,0.04567045376486525,0.19149063779236425,0.21345535325894627,0.013174919131987184,0.35400390625,0.57373046875,0.1698598638925262,0.4624892687908231,0.5875656366900278,0.10937042215688084,0.13414297040001752,0.1703658502486613,0.018351883131282627,11.14688569257583,21.68817102841242,6.058615748973525,0.09560000000000002,2.2272000000000003,0.38811111810923427,0.0019791591763841133,0.005741495890020266,0.0018904168066961693,8.33925,55.512,14.723426925736414,0.1671052848481104,0.3116415363926118,0.08963459073317136,24.6434555671297,29.95499804761005,4.722650437190612,8.104194276394413,8.383026384064548,0.2651727835440494,4.353031290022525,7.614734945910799,1.8917503956515769,0.05529253459778527,0.13507812314670578,0.024327293045419376,1.2944550099843821,0.016281165121507665,0.9490677990256833,-0.006879825166273723,1.0322916372335833,0.005501393265512383,0.8384146006703244,-0.0009277410677240149,1.007157480259465,0.0015278034843854982,Train165.csv,Normal
3.327777777777778,0.36153605935121214,0.5959633742130365,0.09625767253298635,0.13634014261112498,0.27006526307300205,0.06582438338821572,0.21478081229675955,0.3216867132416217,0.058093868565233055,1.3011932373046875,3.955078125,0.5809961768351058,0.40310684327689117,0.5838752563601823,0.0986636557939876,0.10513968504664353,0.1954943880087485,0.03704628431523948,1.2298202784482573,22.764034990061003,4.150558814841908,8.12206572769953,48.075117370892016,14.325866245886637,0.019393571931025012,0.04675855136226014,0.008334838227221739,28.892018779342724,63.69953051643193,19.698677908660752,0.04031479399802726,0.08478953109283927,0.01959033929511189,28.981195287190978,33.71058326842654,2.579690268886538,5.0393492046788895,5.194049858598094,0.11462858804511399,4.151405737878956,8.810812010187787,1.130833353718781,0.1727261788909513,0.22444458597035033,0.03354655101878164,0.3607364675622418,0.5792413180979434,0.09231268846412705,0.13087821625125073,0.36270280828368096,0.06234946545204213,0.22283608921522297,0.33344730169299536,0.04678049498160602,1.4415740966796875,4.04052734375,0.7422196191500897,0.4017079901319703,0.6418813318947867,0.08459896837039158,0.10187017407935609,0.16644455882538875,0.031278324563262495,2.446965280694794,31.497155635616544,6.685360106241151,4.901408450704224,46.27230046948357,11.254687430381654,0.01845721003735511,0.03584627464972736,0.006441265291931994,27.145539906103288,63.69953051643193,18.213539841809368,0.04309939319469281,0.0931310158256291,0.021968501620470468,29.151921945497964,34.88308768972448,2.556963074313804,5.057820573385069,5.199447879752754,0.08439876704763645,4.609516424626954,10.468902887398135,1.769449070496943,0.16984023879887766,0.23946891346791097,0.028925790770448465,1.016992080884313,0.00288594009207363,0.9372597961996696,-0.015024327497560636,1.1745315570171528,0.029049829183359743,1.3044186743181443,0.010912276712532781,0.964730290644451,-0.011760588451373677,Train166.csv,Normal
5.316666666666666,0.32410475649932424,0.5658580466014983,0.09621949640620575,0.16450448608293194,0.2855312457818482,0.04916026381216629,0.20612764268104666,0.2627990798150626,0.0276633209417379,2.85797119140625,13.3056640625,2.237021222216984,0.3649197257141977,0.4905051089578304,0.0539521414817095,0.2079744492162387,0.3847945424311468,0.07453468329264298,2.9341501606002303,22.84894968955784,4.775501711880598,0.5235294117647058,2.635294117647059,0.4929608307186661,0.031147712447394938,0.0878632368587341,0.017195460795317943,15.241176470588236,37.08235294117647,6.985736828076324,0.03831318783474634,0.0572839730058692,0.011020119251242038,27.138412091831974,32.51267605214342,2.4536658162213216,5.473784969859166,5.606119456077214,0.08646348998063522,5.0982665978756545,9.965045070188605,1.4130306544215359,0.28705096371943334,0.7729655665911775,0.13357585448554632,0.33596561990184437,0.6702486731693341,0.10828839756906432,0.18657469966662832,0.31343477911884277,0.05370842085308563,0.20966907353536451,0.27776597370152517,0.032604107525399335,3.0040740966796875,8.72802734375,2.0190494250686726,0.34443850023377093,0.4855879235378783,0.07019519787340475,0.2281972350070459,0.4505137088745984,0.09081549367532464,2.172730775379783,16.455599699139956,3.6520447559445426,0.9294117647058824,3.576470588235294,0.8890724531721919,0.03821526735862601,0.07961117311385642,0.01775389831870325,14.758823529411764,36.705882352941174,8.025545287557087,0.03620250751917713,0.051430153353661356,0.009216264736975828,25.97476315359812,33.54368686777135,3.1016254898812132,5.404298753202317,5.585551984405692,0.14245784087277122,4.759785410654768,11.235765178306181,1.7839124941415598,0.3212822805510694,0.745391135396004,0.1375862282815554,0.8934540751317628,-0.03423131683163605,1.0369932359653444,0.027574431195173554,0.8541239345152344,-0.0657191664434516,1.103654579105641,0.008252063744877677,0.9461168888574444,-0.014966893886462551,Train167.csv,Normal
3.727777777777778,0.44033946455628514,0.5642968094736142,0.0708462668860602,0.2100204467650359,0.35720253104933397,0.07431443902017135,0.23860016057971134,0.31227074103429053,0.03429931992779753,5.059051513671875,12.63427734375,3.5150367688428377,0.39153800404274647,0.5580123995906374,0.07239458703494954,0.10557172918384042,0.22877964441312582,0.04607944132386391,6.419353459132174,29.799517755260105,7.95279988318935,1.3165618448637317,11.0020964360587,2.0789712782314305,0.05554997700879791,0.13147855171804443,0.03452969496432606,17.49266247379455,34.07966457023061,4.553667600078108,0.02763834261317984,0.061104594131372925,0.01002694318962664,26.267151847162978,30.901911533997893,2.4712078907783477,5.081364464560088,5.250778568509816,0.09371732355205108,5.799575820702701,10.311305507840698,2.1379961724929935,0.4436716211822976,0.9368428470216958,0.22568540843570412,0.44316729523016335,0.5982888276706381,0.07459397377877122,0.2173729561630622,0.31445506658490235,0.061034996023416506,0.24020862741741933,0.32271648829092786,0.03943089453444548,4.880523681640625,12.26806640625,2.5581148250807018,0.40649350106866244,0.5559156463976662,0.056340461534171896,0.08763517536784654,0.1488574551979256,0.025709732254800065,6.875051847423862,42.87161742365112,9.00384929517738,0.9727463312368975,3.220125786163522,0.8610816035551153,0.053002487772788855,0.18269460177968855,0.0358867204345864,17.60167714884696,54.742138364779876,7.180973815878788,0.027282241319983927,0.048979125447396146,0.009580992981679934,26.937507469925464,31.45069729548684,1.948415893238811,5.088685229214622,5.309905413605122,0.13463264725127536,6.285642383819436,12.661987326436513,2.36221674653747,0.4260844176236337,0.866643434260523,0.17607189624221534,1.0412763334915536,0.01758720355866389,1.0810014925458589,0.07019941276117281,1.5369041649410773,0.07992218921520022,0.7196630317349574,-0.05121605006164412,0.9676318111925774,-0.010445747256637328,Train168.csv,Normal
6.066666666666666,0.31347912199777805,0.5375821031751798,0.0772797720187769,0.1448991581527565,0.22990382118147537,0.03527921280160489,0.21278522426194216,0.27968764435750854,0.02854816189991971,5.469512939453125,14.697265625,2.9611565348790414,0.4334601062000511,0.5838168833828288,0.07617881723191972,0.16233655881040637,0.4204295757627534,0.07858295163082493,2.719107373422208,16.572011653492698,3.7808540339942343,0.6804123711340206,2.804123711340206,0.6014825627140132,0.0670074821645292,0.14854175993665417,0.03299532314253346,19.489690721649485,49.649484536082475,9.81218976139881,0.028994977752049234,0.048727852360683215,0.00791510930437435,28.25020820956974,33.78922603857719,3.2661036183279384,5.599222743742969,5.753878877093749,0.11811673364694734,5.57497419351055,10.078283499571585,1.6689711201293425,0.5207786940287521,0.9261734932282404,0.1982263941908834,0.35718813621705725,0.5437856453542596,0.09786677256684996,0.15527556960157834,0.2294188819849416,0.03587285722943183,0.20764779956742757,0.2955565442952689,0.035972896039321,6.284332275390625,12.4755859375,2.9097297495137124,0.4043258558627635,0.5362371255561391,0.05628855401408446,0.15755528440163935,0.28987861106163076,0.060664566927286355,2.3466733652000693,7.268224422210235,2.093265979743171,2.144329896907216,21.278350515463917,4.736168197097725,0.08075499116269651,0.20239088044557466,0.0460659675203145,19.149484536082475,31.010309278350515,8.522361538318957,0.02901548199540203,0.06039653590461092,0.011124191010217598,27.07899819870036,31.64332641989414,2.1104988885471734,5.573804321354772,5.731487885771584,0.09585797818900504,5.391609581006495,9.764333569295092,1.3413142277264727,0.649374982452303,1.4076910741349344,0.30965128921406865,0.8019691353986439,-0.12859628842355086,0.6579380302879748,-0.48151758090669405,1.4503642499618645,0.13055096470112265,0.7339350413205193,-0.05384912050892049,0.9463084097091914,-0.01586889993776036,Train169.csv,Normal
4.9222222222222225,0.35010670968700774,0.58074263865543,0.09670908909355658,0.15347107521804887,0.30120873711515217,0.061167033706386036,0.20956631997209413,0.3247851877917823,0.0435281726031853,2.718353271484375,13.83056640625,2.573322167320816,0.41757138579724906,0.6322450239382066,0.09892076462924135,0.14401724310304803,0.2612768194573717,0.04630168431810384,1.5669914074329043,22.256847267108675,3.9383376695436523,3.66984126984127,31.695238095238096,7.498893846369824,0.03100542447901307,0.14248676336442267,0.022373447193577995,28.685714285714283,63.593650793650795,15.488269116389937,0.04128051088619908,0.09822175685181811,0.01739540109529073,28.38016050990975,34.50083249608596,3.056518573949532,5.318773728678209,5.478002565554577,0.0975286558348155,4.780805022128215,8.436768426726275,1.4271543997842977,0.30438394459645124,1.584489913399739,0.249395084419832,0.3083274284761468,0.4934377186556821,0.07749038045338681,0.13292997289077038,0.23002331131596238,0.0486079424395271,0.20453368716977163,0.2851549614672277,0.03671380038432481,2.1327972412109375,6.201171875,0.8970207694382363,0.43148189437171525,0.6128529270573789,0.0933072708868218,0.15954973976965664,0.3203675044293561,0.05476756854336874,0.46840400457422504,3.047029016181627,0.8322042444865758,7.593650793650793,41.65079365079365,12.056378855238128,0.03154015978431969,0.08346822685802088,0.013096455040397437,29.530158730158732,63.593650793650795,17.557390185143653,0.04650861940900216,0.1448203611310631,0.02360492249217956,28.76888476128087,33.12602573047335,3.030579735020967,5.335466668649523,5.505925537438715,0.11685734996313016,4.216592641678593,6.388559370234618,0.7388939798667536,0.27018482317024434,0.6448088077203924,0.09679964875317627,1.1265767628927148,0.0341991214262069,2.457301904023491,0.9396811056793466,0.8155534348192051,-0.059090684971984386,1.7070778549029708,0.05901853650640179,1.1389778560459356,0.039630226324554596,Train170.csv,Side I
0.9944444444444445,0.17842641912914659,0.26132510373755025,0.03916469866523832,0.16391653219079705,0.3478598600522531,0.07574822474324004,0.21322868132124434,0.32098807176601785,0.04381456111492513,0.3749847412109375,1.03759765625,0.17745478025410752,0.5668901803446067,0.7108192014761464,0.058083424868848176,0.12433096270456348,0.2020379045914172,0.039087188164804776,4.379365952980892,22.11564918491217,5.666958903646332,6.551181102362204,34.26771653543307,9.441256816476319,0.00422956346838977,0.007381666275620604,0.0017421256504423575,31.2755905511811,63.496062992125985,19.052358751208416,0.06123520773472608,0.10692878058835568,0.022443911624948912,32.211317297016215,41.52994190401539,2.9939571701160195,3.9985506574313856,4.066883009750196,0.048380734838958356,3.272315900385676,5.52130687837067,1.0248928278858689,0.0774621280757029,0.13535418046893782,0.028773717511857113,0.1987976577689422,0.2715664948829581,0.03665227301523692,0.17360539044359735,0.3501631581313463,0.08328564757489651,0.21775685905563402,0.35339359149297067,0.049150621139225865,0.3978729248046875,0.6591796875,0.1627150611466176,0.5585963021494839,0.7216055253210006,0.05062652861345284,0.11686354488344376,0.1810496920293123,0.032316660345513386,4.725025173521026,17.320960901422385,5.399293072444197,5.102362204724409,29.22834645669291,7.241355182177557,0.004103709772006562,0.007185749162687093,0.0016203642287073857,33.16535433070866,63.496062992125985,19.14688646246492,0.05771857726104351,0.1381978890377638,0.023992032011203424,32.048384293999995,39.84857996105709,2.147211035209345,4.017697062043873,4.064715520133436,0.030266194335031076,3.96900465528717,7.526966918702091,1.3546065405833239,0.06251495253553031,0.14510119672238386,0.023405587098071,1.2390975869745686,0.01494717554017258,0.9328260730687102,-0.00974701625344604,1.1159251430418438,0.020988212562104924,1.0272645316769888,0.00019591711293351095,0.9083019007267444,-0.032405519726952825,Train171.csv,Normal
2.1166666666666667,0.22302457239230522,0.3778214298938437,0.07598812109007264,0.17012513585285724,0.29861149900927086,0.06813166875517739,0.24730384506785075,0.3746744281040574,0.05430310095341939,2.4379730224609375,7.4462890625,1.580693404449033,0.6311474746530613,0.7670980339704873,0.08668194403007938,0.06709197814602622,0.14729513316303838,0.027991115242384162,4.137732060859572,39.42040977167661,7.175604813336858,2.9667896678966788,15.586715867158672,3.9627354206747083,0.029727897865762777,0.07297514961718281,0.015462365965081356,30.199261992619927,51.011070110701105,8.846587769715345,0.030642433586991757,0.14210242521726332,0.02385029789373331,32.14393472859412,37.942222127539985,2.9378503461349497,4.6069617711987085,4.744417292910528,0.09707481290523273,5.267988532182458,13.756749316175021,1.9981376605420704,0.24137921620626945,0.4237870403012645,0.09178930518105885,0.20966675121247205,0.40308668597857955,0.07839635191610549,0.17093967560975548,0.3457407020930671,0.0605443349002424,0.25255436288961586,0.37334703597517904,0.04728329521679689,2.6424407958984375,8.58154296875,1.6268674007439383,0.6521854725954259,0.8063490373535656,0.08460864833612976,0.06348818756081445,0.14620885887134497,0.025098544413562903,2.7621595636862883,29.310165992828672,5.424482184222084,2.140221402214022,22.199261992619924,4.08018644926484,0.03383019952924608,0.08571980835515061,0.02083847894792453,30.140221402214024,44.87084870848708,8.237326162005521,0.02946525701204988,0.08450389717278711,0.017385456586999703,32.410698497212245,39.332446357899734,2.844200914562194,4.613655521880162,4.76693630908408,0.10244551162722697,4.973282404621265,10.63514364421918,1.6394870701516415,0.2878267432267664,0.5779045818892469,0.13400635494467614,0.8386267817284452,-0.046447527020496926,0.7333166284692393,-0.15411754158798235,1.007429599633355,0.0010862742916934176,0.8513218842430612,-0.012744658737967804,1.0035553814478688,0.0013273921288783352,Train172.csv,Normal
6.516666666666667,0.17186049745660573,0.38663129994751616,0.058873443078941795,0.13934887703490162,0.2259559727649516,0.042947872212188945,0.17992048580571993,0.2324408739557358,0.02700482290865886,4.70428466796875,15.1611328125,2.8183751697322403,0.5293260855952732,0.679596434124951,0.08771788536011467,0.18889011714632462,0.39662701156824975,0.0842540957566912,4.158130527665735,26.015346853080977,6.275456574036657,2.071942446043165,27.62589928057554,6.029721256383905,0.05472567430502205,0.15381822285559374,0.03194241270256572,25.57314148681055,58.01438848920863,13.239620293013155,0.03808399387057787,0.05548320740662221,0.009576444532482117,31.06961196755502,36.41358424488751,3.535615896230418,5.725700115144615,5.858754326958977,0.10545732358552641,6.0970087368615875,12.341447907760596,1.9779379393214782,0.4120551168981875,0.9223065012978251,0.16221242713786163,0.18238919161999273,0.4935951496954926,0.0707927096002904,0.1370184895380548,0.20691946207470005,0.037866682683631955,0.18002900521594106,0.298069157192119,0.03922084722362976,5.107879638671875,12.51220703125,2.597251978048191,0.5095994163351145,0.6295997957918983,0.08889759330207447,0.19763993679125197,0.3627451140040084,0.07139743290269887,4.147656591402846,21.64026627282418,5.509116317696512,2.2589928057553954,28.086330935251798,6.548824790939531,0.056650511790032665,0.12606751223502816,0.03266667663973358,20.86810551558753,59.70263788968825,13.399871069988087,0.037171856442251794,0.060780113000949584,0.009651677505200225,30.711441588982062,35.802408720429376,3.543780737042749,5.712125504144447,5.8261996511329635,0.08903048483792098,6.2221927554317595,10.697787311765605,2.1105765877439246,0.44366492225760784,0.961654101258821,0.15679595626241347,0.92875297391706,-0.03160980535942032,0.959083415888756,-0.039347599960995905,1.093404142916899,0.03388189756424137,1.2201257795006222,0.027750710620565583,0.7798219559700877,-0.06562828323638323,Train173.csv,Normal
4.633333333333334,0.33692977215575026,0.5552217391363499,0.07692021496739919,0.14603599846768364,0.2620516847116253,0.04962188617614781,0.22215088251861878,0.4061406484652495,0.053879228540580235,3.626251220703125,12.20703125,3.3690797240516512,0.3764838137469528,0.5974306645630206,0.08963928014777472,0.17454229168553126,0.30634789580873045,0.07037589102417525,2.3060783721841998,14.087105487298558,3.6299505296306043,3.912310286677909,42.09106239460371,10.516225753464795,0.03958892708364345,0.18281421883550425,0.0338820940931749,18.66441821247892,61.51770657672849,14.991102032481562,0.058099090617423334,0.19607041556535962,0.04491687145939049,26.5413311871444,34.08249249132272,3.673016049055918,5.29716093502468,5.471305317212678,0.10152161887726664,4.796104318064955,10.591992342292958,1.5673893354118003,0.3675115248651117,1.1358407749411303,0.2746864757201792,0.34292528416887524,0.5223868244245938,0.08948395564868361,0.16394260400802274,0.28607112498721854,0.05645582601928033,0.2168682591138032,0.32539384373188324,0.042414651874226855,3.2909393310546875,13.8671875,3.342445123625591,0.37658303618524797,0.5506776675522955,0.0833222338122244,0.17095447109525702,0.36796262925474377,0.05778723534033005,2.386412886120068,16.07259718326416,4.243592685232255,4.897133220910624,41.65935919055649,10.284773549984202,0.03792850312516083,0.15070093107420185,0.033756404379568235,18.66441821247892,63.24451939291737,13.658796232647848,0.05209822535840876,0.13441020852682295,0.030114671797117604,26.707322380794253,34.26658165195337,3.0522246311524666,5.313277673633542,5.424298617032059,0.07836330394418911,4.558972688869651,8.594222931136505,1.3530423965223601,0.3427927067923715,1.3490582788722574,0.2856974723342785,1.072110101851152,0.02471881807274018,0.8419508570442807,-0.21321750393112704,0.8325516523149188,-0.061614733446013314,1.2130928211213088,0.0321132877613024,1.248150986998232,0.08074680473336626,Train174.csv,Normal
5.638888888888889,0.34553865515092486,0.5347897745136355,0.08429923052629082,0.18030306511122587,0.27374394377536293,0.05344871021259849,0.21929293136921565,0.3522107701594665,0.042369829609558915,5.31005859375,16.22314453125,3.195546011098675,0.3989665730689011,0.5507879684819648,0.0793499908328994,0.16791201179650678,0.2977649798629197,0.05223139039629339,6.8014929942911255,29.0473362478874,8.05782070196894,0.6814404432132963,3.0138504155124655,0.6300949665111535,0.04400407279390646,0.11287493908457447,0.023195003264784773,15.174515235457065,56.73130193905817,9.182098048005912,0.03326859355524012,0.08149858737925635,0.013103215156594314,27.337754840992503,33.60436491541906,3.236410644747755,5.549833441160747,5.68228482950331,0.11198776366014843,6.872098392633481,13.455645756527549,2.639210682815328,0.4202597787488103,1.2923697210521936,0.20413319699964141,0.32634631324112207,0.4691649016485323,0.07186289435762616,0.1759997917076715,0.2975120936127919,0.04603646303059758,0.21429803290902028,0.3086891623491881,0.03960651486285244,4.4887542724609375,7.43408203125,1.6442610388843475,0.4055782605702536,0.569158463020957,0.06916606588217948,0.1846055819833322,0.29463754723353713,0.05586832396394356,4.832242116542287,17.502336246790957,4.864808089142229,0.6204986149584488,2.8365650969529086,0.664819944598338,0.03711532484327963,0.0968244073164459,0.01690050881831853,14.049861495844876,57.08587257617729,8.25686268142581,0.03122456713331139,0.05950297762693539,0.009019121203483927,27.476938878412867,33.962683432367534,2.3659366484862456,5.577828439278692,5.718527770059062,0.07636299633059969,6.678015393649386,11.699473043922312,2.2476742780106713,0.3685515692698419,0.573872130740568,0.10185648578465913,1.14030114819782,0.051708209478968425,2.2520168685180884,0.7184975903116256,1.0106145046621948,0.003127432629382587,1.1657694691577303,0.016050531768128568,1.1409884504466614,0.04352160781027842,Train175.csv,Normal
3.261111111111111,0.34726459159673584,0.5476328269301745,0.07718230295622583,0.15170586675280678,0.2385899764409614,0.047316286534660246,0.24530182864432654,0.343457018235709,0.04372560720531521,2.7317047119140625,9.48486328125,2.3265720410288253,0.47662326101656327,0.6581521611124855,0.1027073817256249,0.09315677771425059,0.2044856106239542,0.045998070325057566,2.9396841814478316,19.864224390262528,4.892467757090179,5.323741007194244,26.70503597122302,7.52649264921341,0.032056334295065166,0.0964327998579815,0.02051092361730534,23.942446043165464,48.80575539568345,10.560693669483573,0.03266103141655966,0.0641887839481373,0.014932478392591845,29.367831413717575,34.378365084866616,2.8348922096455245,4.980446174372056,5.210349273170545,0.12333678900036106,5.146937796538428,12.265535210170542,2.070592203191383,0.27473869957940866,0.8136560578624212,0.16289071802830818,0.3850993758468607,0.6139982072106519,0.09396122630042467,0.16651940753066652,0.28461995115048816,0.057225657343256686,0.2608568685263556,0.38885686136643927,0.05866732868900289,3.5175323486328125,16.9677734375,3.9344308815839666,0.4392810284008447,0.6855298873964325,0.11345180648680887,0.10056058097227291,0.2573169686678991,0.05081064239624907,4.520644483244239,32.55139459268667,6.880820299715713,3.175059952038369,26.09112709832134,6.081073294188747,0.039090435213689705,0.18188488101823566,0.03629477373122563,22.733812949640285,48.80575539568345,10.491865156118013,0.03260767518462684,0.07161325826285204,0.015282807227451595,28.0787359790141,35.71423040899918,3.271494697753681,4.96013755207672,5.144047471241882,0.1110819205142954,5.494699372571436,14.982566449002594,2.5567189502726193,0.32934228358257,1.5887694372718386,0.3237660181490015,0.8342041469944573,-0.05460358400316134,0.5121297264803029,-0.7751133794094174,0.7946837353473786,-0.0528313580439449,0.5301858999381445,-0.08545208116025416,0.8832479286736935,-0.045399843130730255,Train176.csv,Normal
5.866666666666666,0.3143690001991547,0.46600407681946443,0.06415213332024619,0.1644697358336529,0.22872127611522242,0.032217141961109634,0.2239712396851287,0.32385668736441686,0.03697672574918768,6.871795654296875,20.41015625,5.655420169942462,0.3957717002567418,0.5370847948755207,0.07280361227224617,0.20159920428161646,0.38405559973967796,0.08182231462248096,4.693087043018026,22.538622013212,5.757157146332036,0.6018641810918774,4.26098535286285,0.8129267446148641,0.07728434764268298,0.27907799278639284,0.08122700202706795,13.288948069241012,37.49667110519308,5.281127262150895,0.033537491880567885,0.05501354191097846,0.010211834854017878,27.201789329931927,32.51629584691355,2.649122403284342,5.60471273746964,5.752595937435569,0.09530669969250379,6.132380086527601,11.465817720266966,2.2962838554201617,0.5784968810173599,1.4714153535886763,0.38628232600918694,0.3089611458465097,0.445968464020844,0.0629414566656717,0.166768235655751,0.24706357987012184,0.04047978970626028,0.22174998786909073,0.29289699325657426,0.027138081011611463,6.7951202392578125,23.6083984375,6.127609464458869,0.39876430160544485,0.5275384989418009,0.05839719127028456,0.19755292061865026,0.3582919325116396,0.07011602914414078,5.854044771810847,25.7907651419087,7.530174907573378,0.7030625832223703,4.26098535286285,0.7772649308955398,0.05425242763657867,0.17668308737582267,0.04621354127154427,15.07856191744341,38.00798934753662,7.880978299311687,0.03353098637154958,0.04785817108708996,0.007673269359675932,27.473336243122855,31.43544426327504,2.0696547521833164,5.618680504327472,5.73019751957491,0.07591127610998545,6.423012111730586,12.905758598059997,2.693285489069639,0.5182161803074211,1.2941376568328138,0.30643361525930923,1.1163234609113422,0.06028070070993874,1.1369851921724732,0.17727769675586247,1.0719069111479211,0.025763667228038356,1.57953992853445,0.10239490541057017,1.1057016415836698,0.030959694107842606,Train177.csv,Normal
0.0,0.20234712175031994,0.22986016030661502,0.015829073235906595,0.12216948402272299,0.18586483403040083,0.03740840792089545,0.19809379436058594,0.21714830509162578,0.010481460912406988,0.3025054931640625,0.62255859375,0.1745310505041538,0.4886306875589334,0.5866159389275424,0.10355776659259769,0.12943194213568582,0.1811167534354069,0.017265545657399434,11.65170921147096,76.36810146966877,13.432749749229787,2.4188,17.9584,5.226959269020566,0.0013357245518806817,0.004989244745794685,0.0015315354175816556,12.978749999999998,58.56,18.668093888704867,0.14089273851955314,0.2910111232701008,0.07957181517191313,25.884083265423325,30.012754431901016,4.37960839514411,8.181726783437462,8.380640559639854,0.23719791948553431,3.5102064078421487,8.668008429102581,2.1729912492445576,0.07087655191786518,0.12878591527266522,0.02901005850485932,0.1964820531896995,0.22196390884735595,0.023183383584447857,0.1226976038313116,0.18789711275289206,0.0399935130182213,0.19390501620613604,0.22693630834742626,0.01441512371929024,0.328826904296875,0.54931640625,0.17241587660397445,0.491505461549676,0.5936371054386199,0.10058314577374755,0.12918585105935854,0.17825540551390137,0.017782305842353494,12.976232781425967,68.8135049565264,13.880521412605045,1.01,11.4688,2.8034362628745457,0.001535199422170067,0.005908845858388253,0.0017107791701358613,10.736999999999998,48.0,16.39353534171321,0.14334280049093498,0.28573245800900593,0.0839342732681077,25.897267879141566,30.22579655280448,4.399098719049985,8.171195841559452,8.378302884637549,0.24861569898962416,4.21059714789261,7.462562274517712,1.7469469914775628,0.05299865646388903,0.12667381665896893,0.02590921051337877,1.3373273080767634,0.017877895453976153,1.0166735135383895,0.002112098613696295,1.016051950274408,0.002861347921505525,0.8443685993844818,-0.0009196011125935681,0.9568689369984614,-0.009788003255800481,Train178.csv,Normal
5.011111111111111,0.3700754398071693,0.48218216164032957,0.0639077092665512,0.1670295647308389,0.28208462558261377,0.045087259095202975,0.21423937501126095,0.27260733481270305,0.02475537140554572,7.6381683349609375,16.3330078125,3.351223662804475,0.41777996105624804,0.5765617470793809,0.08053169453375408,0.13311671880058357,0.25388832999416516,0.06517561385371211,3.2384497005627986,17.30803234052706,3.877017167803348,0.686427457098284,1.5975039001560063,0.37998969978504415,0.08567216058424532,0.25898680816949604,0.05567132888227831,17.10452418096724,59.90639625585024,8.582752746346278,0.03366098870694373,0.053179400029039425,0.009032428360747986,28.27773926075099,35.079537534176126,3.091380144400766,5.475483640958912,5.609996873095339,0.0888452808813795,5.194706764867012,9.721715466887849,1.4281107621008327,0.8034242850066127,1.8533043776180975,0.35778792701049167,0.39380244805736114,0.5851096933038893,0.06830205893223101,0.17041220178132413,0.2539162817348712,0.03353648460279529,0.2223218134217327,0.32577188622034026,0.036414730530952864,8.369827270507812,16.015625,3.5394426163993766,0.39143933710977896,0.48827685250001795,0.05635142421459361,0.13450856016781954,0.29470953998219146,0.07526469471710777,2.3241856392055964,14.94715946678016,3.43130803395357,0.9485179407176287,3.9937597503900157,0.876127489536811,0.10572361056311283,0.25837045431511413,0.055824512449277795,16.074882995319815,22.96411856474259,3.9990604449004494,0.03368574269703137,0.05899623220302108,0.012275557305476147,27.512082394716753,31.572760959644953,2.5279994655872673,5.439871813573865,5.567529954274318,0.08634451041666447,4.889225997086897,7.88602628954226,1.150709208994834,0.9439617654061023,1.8026209554815342,0.4076326509719619,0.8511195194541079,-0.14053748039948966,1.0281165160952583,0.050683422136563294,0.8614866323907272,-0.0408212099880263,1.0023855392197616,0.0006163538543819125,0.8368043576096588,-0.053164551407637206,Train179.csv,Side II
6.944444444444445,0.1577455626633902,0.25357264067820345,0.04297072645435626,0.14256169042956363,0.21678748522952657,0.03176734177301497,0.19073433090735462,0.2814519886092169,0.030441120256423614,7.0034027099609375,23.2421875,5.185137007274236,0.5007315231878662,0.7290631831946438,0.09693727086667232,0.22977127134600406,0.3429796275346539,0.07301797789247477,6.309845683206218,31.19368002099243,7.4382405518060954,0.5354330708661418,2.303712035995501,0.5268570499434069,0.061665646376896685,0.2785543810115978,0.048721450082052156,13.786276715410576,48.665916760404954,11.225865000955691,0.06029949275666382,0.09947032658613883,0.01876223260987206,28.436116072088453,36.73322986174077,2.904564868385826,5.782361272775604,5.924254856155574,0.08013274673459211,6.344784521437768,10.947845765128378,1.8100197463880665,0.5538698138252272,1.2700040611724048,0.2920220822441632,0.15766791711586575,0.25913539336036695,0.04522380136598782,0.1484593450027546,0.24365968592945192,0.032962005453397364,0.19168472575144757,0.2487439871758202,0.02883343523226916,7.236480712890625,16.015625,4.490429531662538,0.4824089206382241,0.7280661435284024,0.1149031743332311,0.2577950730097572,0.44965446246830515,0.09169324693729553,5.8750816765226705,19.416990100950624,5.913843322035237,1.5298087739032622,22.317210348706414,4.203890763266421,0.06674938206629819,0.1427535917719884,0.0380760504933522,11.167604049493814,52.55343082114736,10.028538803381885,0.05554635951233846,0.11005099217475864,0.018182643314453,27.831828292323102,36.936295757008715,4.20650264084113,5.737699724058306,5.8999807271097415,0.09098738728386213,6.540048769716355,11.082169906181523,2.236959809068652,0.5696445798985736,1.0653921972124574,0.26467369334134017,0.9723077027284928,-0.01577476607334649,1.1920530892785308,0.20461186395994746,0.7627626442071992,-0.10667483493365126,1.9512950644717972,0.1358007892396094,1.1314926269103542,0.032708001433396694,Train180.csv,Side I
0.0,0.20094091338086773,0.22113771117744538,0.016407392219909476,0.12719914422078377,0.19770832966094293,0.03772195009411665,0.19603346592409124,0.21457643826666645,0.010937169432845503,0.295257568359375,0.62255859375,0.14901947763663967,0.4762319676315534,0.5836553946138117,0.10309160733341453,0.12995481837204215,0.1623859858114162,0.013840590552871885,12.052903173190456,35.523557834925505,8.996015822245818,0.1492,1.7664000000000002,0.4171014265139836,0.0015848549156470258,0.005018096667482347,0.001650675283210776,7.575749999999999,42.54,12.427718412383667,0.1522851644520345,0.3006525980862639,0.0845768585724073,25.388094823110066,30.070619885273697,4.4082257230139605,8.15044450662342,8.379367023914106,0.2598747722243112,3.2316033046432047,7.591833937689687,1.7703808091217579,0.07052683002127663,0.12295898447195044,0.028803977363306553,0.1941157664084571,0.22461589785972186,0.021504011473265184,0.13256815109265185,0.1949762102389791,0.04193360306469668,0.1903827657935664,0.21554335628142782,0.014875495559338573,0.3650665283203125,0.5615234375,0.16224217361443338,0.4672376298228388,0.5842746541930994,0.1028975725981633,0.12874103346094692,0.166464790861414,0.013665310743093923,13.752307461290687,52.70668076878494,10.89878727703231,0.4232,4.9408,1.2109196505136086,0.0018991288794578108,0.005435450924228301,0.0017475519759916852,11.202374999999998,55.512,16.988156605687827,0.16374848432081054,0.28715318847513277,0.0890613842146366,24.84886627673015,30.027374098845236,4.5772205205591625,8.102546326468733,8.37832251007158,0.2751435524219556,4.582834111395628,10.327129015737656,2.2367805190552827,0.05522506181196914,0.12734800694377185,0.024275782625770615,1.277080123229685,0.015301768209307495,0.9655352011963996,-0.004389022471821408,0.9754974850574197,-0.004078805049997802,0.9232160890089726,-0.00041735425674595435,0.9955140393702836,-0.0009669180147613698,Train181.csv,Normal
2.0944444444444446,0.21253612218350487,0.5120196837405856,0.08910474774439711,0.16030727221772,0.353688985910622,0.056056269481784965,0.2481067678591416,0.37089357335617157,0.042858847223286325,2.7095794677734375,10.41259765625,2.447080663751163,0.6461361833619726,0.7661890330954827,0.08963652833198646,0.060105497956576014,0.14999910013585926,0.025375648356478847,6.25900648005749,52.88546635891607,11.167588676318118,2.91044776119403,24.35820895522388,4.807893376195383,0.02984497639743855,0.09990315643371978,0.019934852177482764,33.86567164179104,53.492537313432834,9.583798145897811,0.0265798316018702,0.0730191127409905,0.014089474826912972,33.35964832459649,38.9443246038298,2.846659745489213,4.615364847537478,4.746946425343095,0.0879966183117319,5.234948196307541,11.222978572841916,1.9740524319177262,0.2581687680231532,0.6106105407595949,0.13791160670114957,0.2066448552874562,0.4644547306497161,0.08952913989799145,0.17932513556186044,0.34693262924620016,0.06382647136856898,0.2538780148688873,0.38114583082469905,0.05029566705249865,2.8293609619140625,11.26708984375,1.9601165906755684,0.6535116134755232,0.8599243608412366,0.10413331592225464,0.06613449966978155,0.16315727149341194,0.028920054886844012,4.631808306468285,35.78046755961345,8.995525126895219,2.5522388059701493,13.373134328358208,3.4100149958938575,0.04077555736927707,0.1308819792274539,0.029287921687398806,31.64179104477612,49.19402985074627,7.634324710756194,0.02864173597679683,0.06181897901640399,0.013251204520554255,32.70914047742052,39.79254630919076,3.190850299866131,4.596150122827089,4.741472227115344,0.09717918551459553,5.123012162660288,10.982703844409487,2.2042407920309453,0.30383960833198503,0.7200429109859479,0.16244491433790256,0.8496876644580911,-0.04567084030883184,0.8480196535446368,-0.10943237022635299,0.9193528295952362,-0.013158171357552678,0.7633071891187968,-0.030978822793734123,0.9731014808178649,-0.010252257468527481,Train182.csv,Normal
6.461111111111111,0.1930645381922243,0.27242217527410373,0.03415965554094272,0.1564497845792415,0.24072878611751142,0.03656539766841861,0.19192523098831876,0.24733867465212614,0.02740103576143415,4.3254852294921875,11.92626953125,2.4108724653930627,0.4463728708823651,0.6231243493547834,0.08031618790237653,0.25803281425394486,0.40131419584703093,0.07277888770838936,3.712917188547694,14.179992766669965,4.221846351192146,0.7303506650544136,3.714631197097944,0.7199951326816951,0.04645786259530994,0.1865217933829035,0.033951082089151804,13.049576783555016,30.80048367593712,8.306207298823004,0.04838896485173921,0.11217128047421106,0.017814414937411514,26.49291004769737,31.56429007418067,2.6013994076921025,5.659683144596282,5.813104802521055,0.08393223245066005,5.816384048525988,10.04084049290761,1.7365912728239057,0.3976240774611459,0.9385580053329171,0.1827589591378254,0.19268578915303183,0.2585777177537891,0.02607369268721381,0.16577992051636012,0.2771972008499064,0.043245638923728534,0.18081820654499461,0.2437570022376034,0.026246441075863207,4.637908935546875,10.15625,2.421376918327497,0.4455046040981071,0.5936600751957619,0.06625103629064827,0.2620815521088874,0.40559877627454344,0.06287755478370809,3.936837778293521,16.4460910691751,3.7612693714197483,1.891172914147521,23.37122128174123,5.1344769406519495,0.045018502149910704,0.16577779837313095,0.033241504824678976,11.516324062877871,30.026602176541715,6.751740148842858,0.04752232803334712,0.09589488611324432,0.015866609254610784,26.470455597296528,31.59649449061961,2.3905020470386704,5.681337729905874,5.791019196478816,0.08839593606381412,6.068267160227913,9.40065681901119,1.7548357077566756,0.4322458771159797,0.956333863875549,0.20982421824537686,0.9199025313885257,-0.03462179965483381,0.9814124959958989,-0.01777585854263186,0.9894364044775895,-0.004284580427512508,1.12513131485768,0.02074399500977256,1.0146936144067684,0.0035816724145227297,Train183.csv,Normal
0.0,0.19860196753171064,0.21997241416184857,0.01562694681484317,0.12576662632017993,0.19836215894703,0.03867772569102336,0.19595591846659272,0.21706417197058117,0.01426316804142346,0.307464599609375,0.54931640625,0.17066496841616313,0.48971579845966084,0.5956339765452464,0.10810076481456136,0.12636857208708002,0.15357177082462628,0.012480450568507375,11.858280462425208,32.297206990118745,8.911336185057134,1.2448000000000004,14.5792,3.2182535388001985,0.001557198418144177,0.0050136339707485674,0.0016567200797095514,13.068750000000001,54.876,18.604162502985723,0.14589399201700373,0.2901853239578784,0.08716769068197114,25.813022506970803,30.004457045375748,4.657072707432985,8.154873413022218,8.38299039925063,0.2567685462026253,3.4636148344151434,8.532868879228268,1.9875279224258149,0.07076856731988548,0.1274438032019858,0.02925108358997819,0.1997215078720948,0.22379380487501258,0.01509752604115958,0.12191631998307338,0.1960357009031537,0.03494538933404146,0.2006115961112092,0.23600219010747114,0.01226236511362402,0.3170013427734375,0.59814453125,0.19618042684435255,0.4948171108904071,0.5967573749507846,0.10040704019305405,0.12680509229664355,0.16057519194243247,0.014877612063144753,9.222535206038584,37.97324254593415,8.025009954123437,1.3928,17.216,4.158156437653591,0.0015250476377749568,0.006150921882611977,0.0017579137691606714,12.2745,53.76,18.717214396111405,0.13950080830973566,0.2792324283388231,0.0784734188886232,26.047223898013392,30.228106670305465,4.341536762058856,8.170260783392866,8.37990092372301,0.24303652707927662,3.8946013306505374,8.783007481095781,1.8606515618024806,0.052695101753644606,0.13565488793621458,0.027324335666867573,1.3429818640023592,0.018073465566240877,0.939470771760466,-0.008211084734228769,0.956385404311381,-0.007003421117806191,0.8151027197758555,-0.0011372879118634093,0.9197549012234978,-0.018938018136889972,Train184.csv,Normal
6.888888888888889,0.14736696917364,0.23810629814737685,0.0420646369378006,0.1460773215538708,0.2034346603202275,0.027568366026225307,0.18518922361495838,0.24907034388156496,0.027747948376329667,5.8284759521484375,14.501953125,3.6902301473632204,0.5177011183439889,0.7434294636752321,0.11492827036884058,0.22701565842534321,0.42886032321538375,0.08674249693721874,4.8140870943794285,18.604322673540064,5.23097278261437,1.1065759637188208,21.62358276643991,3.772675694369909,0.06030780126339959,0.303188966681827,0.052070700956128604,16.258503401360546,52.390022675736965,13.442531078841746,0.05808278753801899,0.1078023084780355,0.01657355415512487,28.84324392919664,36.40811504286697,3.9106652790669574,5.760783922732541,5.895963703164188,0.09195807455599064,5.863323307534308,10.350619168825219,1.9272667886966073,0.4961481826742129,1.1439795287220502,0.22468901195597904,0.15233954230420466,0.27709616717753227,0.04961890961807086,0.15164832117977378,0.24178834762195808,0.03177976407198504,0.18948321604401486,0.256317215714612,0.033571824020146294,7.135772705078125,20.5078125,5.087194173138035,0.5023239356572263,0.7311790203721374,0.12729626369696012,0.23117394820704934,0.4421486016971254,0.09651479113107106,6.857755008516754,34.19053505518274,8.112329941448586,0.834467120181406,11.464852607709751,1.9898498613408926,0.056164122576991216,0.13440720122061614,0.032842299107968834,15.09750566893424,52.390022675736965,15.495864663482152,0.06115814064368699,0.11961276382642724,0.020190040299629685,28.657501615246556,36.43629240742971,4.681659934180959,5.7448973043514995,5.944399739771338,0.10302182990050598,6.478165972242744,11.702731862936865,2.2760860361342434,0.548602354220622,1.111726652534154,0.25373389479264774,0.904385805042134,-0.05245417154640908,1.029011515632341,0.032252876187896184,0.9699461235415365,-0.013288278481741633,2.2557494068225026,0.16878176546121085,0.9717269369341043,-0.007246871833047064,Train185.csv,Side I
1.7333333333333334,0.24633026480096584,0.4505088934410391,0.06625583059292238,0.1814176172122423,0.3466610111452694,0.06020070975290929,0.25305559441963954,0.35301748382205056,0.053154973821697815,3.08990478515625,11.0107421875,2.449074623059165,0.5696232426607784,0.741059160836349,0.07542933377256235,0.08098438291867854,0.13379792872137597,0.02139018891286188,9.35628748043003,56.25062150225062,12.179121922007889,1.3693693693693694,4.036036036036036,1.1598902298689067,0.02683411537330859,0.10154378101802955,0.02110262214918665,31.00900900900901,64.0,14.022591254754964,0.037415698603022615,0.06561928336209101,0.014895086905144704,32.575381560584,39.70589697887236,2.8101324395890983,4.505671954433444,4.5908484347669045,0.06741481232188987,6.409953444199184,11.727985773128124,2.550462806128262,0.24957183323389245,0.6375319898283272,0.12753273419755867,0.26174184248982085,0.41773485435377194,0.08207271081247185,0.19219033555475185,0.4435095920916083,0.08079910537997777,0.24336325012217347,0.35868411396697325,0.06059690779455829,3.1208038330078125,7.8125,1.6848594565959758,0.5552776611145906,0.7851623275378707,0.10223702125967868,0.0837241546246553,0.14726535845087746,0.028944237075830895,11.62822311653191,79.46342048552782,16.863049427242437,1.7297297297297298,7.495495495495495,1.7116168774108709,0.02889304409914826,0.0700522811194996,0.014215277573185102,32.45045045045045,61.693693693693696,15.702607081834016,0.037107170998695344,0.08509576373512201,0.018238551207346906,31.740964291225204,37.141363506137,3.050836428839834,4.4753615405381275,4.588328146016465,0.09148964155533669,7.031922595160983,18.88405290314867,3.3596856078071733,0.24662386977584128,0.4459889444137761,0.08020211906418656,1.011953273009532,0.002947963458051178,1.4294793545540523,0.19154304541455103,0.908549907597287,-0.01346742972950149,1.4495427978321929,0.03149149989852995,0.9842016110876711,-0.005666630144922691,Train186.csv,Normal
0.0,0.19701941080353425,0.2281034455452803,0.019802065531566725,0.13033830396592588,0.18925552408026314,0.0376369555150107,0.1968809343376871,0.21498315674333177,0.010582010386111318,0.3265380859375,0.5615234375,0.1528318362493764,0.469285726465255,0.5871725492094109,0.10156876159872091,0.13232306715301606,0.17586724351417368,0.016303919158531976,14.223984854174402,53.90401414861207,12.263396775218961,1.2176000000000002,17.8304,3.997893525345566,0.0017460053460557645,0.004813754822296251,0.0016366103951029431,4.30125,39.288000000000004,8.240326112327109,0.15822666350167103,0.27891699585158275,0.08055784518767095,24.96591165026301,30.003322990874253,4.381552725099473,8.117090493304202,8.381356843698521,0.25689601696092534,3.713720841633223,8.448826996726591,2.1015337573387853,0.07157369971929294,0.12819829798043206,0.02802157357115155,0.19288165150763992,0.22428871035887119,0.020117518001656277,0.13912741848664023,0.23667809521397756,0.04567045376486525,0.19149063779236425,0.21345535325894627,0.013174919131987184,0.35400390625,0.57373046875,0.1698598638925262,0.4624892687908231,0.5875656366900278,0.10937042215688084,0.13414297040001752,0.1703658502486613,0.018351883131282627,11.14688569257583,21.68817102841242,6.058615748973525,0.09560000000000002,2.2272000000000003,0.38811111810923427,0.0019791591763841133,0.005741495890020266,0.0018904168066961693,8.33925,55.512,14.723426925736414,0.1671052848481104,0.3116415363926118,0.08963459073317136,24.6434555671297,29.95499804761005,4.722650437190612,8.104194276394413,8.383026384064548,0.2651727835440494,4.353031290022525,7.614734945910799,1.8917503956515769,0.05529253459778527,0.13507812314670578,0.024327293045419376,1.2944550099843821,0.016281165121507665,0.9490677990256833,-0.006879825166273723,1.0322916372335833,0.005501393265512383,0.8384146006703244,-0.0009277410677240149,1.007157480259465,0.0015278034843854982,Train187.csv,Normal
4.572222222222222,0.337317808119735,0.5383118275765335,0.09134760768327865,0.1580528478434255,0.2615184479994469,0.06077688524263638,0.21888208851437874,0.31245760218733964,0.045367087891314356,3.3061981201171875,8.349609375,2.176025535660958,0.3848246461779384,0.5417525868108819,0.08327014542910309,0.16628123668736675,0.30700223581547426,0.06009629326610244,5.628791909653384,48.39122343773275,9.497812910679174,2.263247863247863,42.88547008547008,7.496933115368832,0.03542542339049236,0.13031749129607423,0.024250668836499012,24.218803418803418,59.733333333333334,18.69948837959365,0.058682083463958964,0.14911519275301618,0.03183093239414963,26.41294448717324,34.032792054957824,2.9638107737587447,5.290381417234839,5.5416562079608465,0.12006236851971232,5.8443337715787775,12.06267723143974,2.2660480506861616,0.3065306582316866,0.9332481127530056,0.1876678330632663,0.3463405416500723,0.5123528186276832,0.09221127738750601,0.1555230284916621,0.3325712111411517,0.06792580949238818,0.22312038147728513,0.3038608920116442,0.04711086604110165,4.19158935546875,20.0927734375,4.7890022450619005,0.3773309874921647,0.5545633043224338,0.08147831630786932,0.1663376490882641,0.3313456875386357,0.06702652237186536,4.263692609518866,23.264603144058572,6.207217438747412,2.5846153846153848,27.78803418803419,6.2066641220308645,0.0635298058074697,0.5594558768733063,0.1246353942435274,23.630769230769232,63.452991452991455,18.587830140250745,0.04938997561069991,0.12440171283825399,0.022164579028420592,26.812606599986573,34.02164844756769,3.420719865027957,5.2829880410568215,5.514004680541465,0.12326573448928403,5.781109952110595,11.051127866175916,2.554781916925876,0.42637692650700604,2.9512902595208894,0.6473815851088519,0.7189194312739866,-0.11984626827531941,0.31621698659632735,-2.018042146767884,0.9265315543095622,-0.024343451723161436,0.23293613750463762,-0.4291383855772321,1.028291594520411,0.008596710175695466,Train188.csv,Side II
1.7277777777777779,0.16986646724678048,0.2937956621644763,0.03995001854374526,0.16691811323605998,0.2914109554781119,0.057348275783570914,0.25318845693211683,0.36675665773553395,0.062258291635942944,0.97198486328125,2.83203125,0.5452642390747892,0.6591291086201743,0.7445463758744598,0.05746429170395089,0.08006074197442822,0.19584493757176555,0.03972278241156279,1.5524961224779856,17.444222142715173,3.7689528279296205,3.7466063348416294,12.162895927601811,3.2116880789605546,0.01689386978854922,0.039472074929748205,0.010876572117910916,32.217194570135746,50.96832579185521,9.97073172256235,0.04605528893091465,0.08943371799661436,0.021158388503503024,32.703850392291244,37.42404329700286,2.024781716799945,4.427469301994747,4.591013367615052,0.10222171833619903,4.051012656203743,9.921814394869628,1.3667827527383634,0.1351419869764091,0.20290865747858633,0.04683926456760389,0.1734065069173623,0.2789179629661718,0.04859111594662335,0.15509947060691195,0.2705117432178072,0.046738520676067756,0.25033013842591567,0.37395759342330986,0.053336974097869014,1.007843017578125,3.3935546875,0.7102400842237212,0.6618811703575023,0.7645311030882609,0.05502880692298883,0.07017822126528403,0.11605593201423445,0.02649818491431092,1.9082445765673561,15.862693087939139,3.8417283367213124,5.46606334841629,24.904977375565615,6.356111673576036,0.016111931723011386,0.056749519790500115,0.011209784110447622,33.26696832579185,52.70588235294118,7.900281443002334,0.044292003476048905,0.08521715757138829,0.019337450866165326,33.51894663780817,38.7964720334784,2.2950466180133335,4.458881780401416,4.568271701723098,0.07017535491284133,4.3748003685541,9.106873586958677,1.6119010848173598,0.12243333527228412,0.24345316419043525,0.054267601783596596,1.1038005749991306,0.012708651704124996,0.8334607492979852,-0.04054450671184892,1.6875047443524052,0.0797890055575311,0.6955490439375805,-0.01727744486075191,0.9807439752657499,-0.007200935687775911,Train189.csv,Normal
4.638888888888889,0.3712993036678993,0.5963382318630975,0.08209887608793191,0.195773719757459,0.3046147903669674,0.05235626289151488,0.23724300473315169,0.3350833522723091,0.03867377404355974,4.744720458984375,13.76953125,3.2226901160974952,0.35322890955104236,0.5232436215005752,0.06507650163961767,0.18828703029461058,0.3190207015879872,0.06346508983775474,8.057727173886107,54.23284475523365,13.464796466305094,0.9158249158249158,3.8787878787878785,1.0020781272855634,0.042000553599001435,0.12067768557720994,0.024724465746991813,12.962962962962964,21.764309764309765,3.6446781114666065,0.050564268086734865,0.16282571021568706,0.02460083073884723,24.86668600987113,31.017140362429743,2.4879694249842528,5.329986365759402,5.562984307801286,0.11175657839332605,6.136962820634995,14.403992207953976,2.3589725520915694,0.40034512616028894,0.7682129755846293,0.17610987079138624,0.38159370390984815,0.6546812239710292,0.09496473574023485,0.211777012140694,0.3212486638319651,0.05654759166119011,0.24100059299216098,0.34459314686890363,0.04056617839404801,6.4212799072265625,21.435546875,4.822924981376028,0.34257944881639435,0.4858333296465708,0.06288106426963753,0.19407880229429408,0.3563150733729251,0.07634226563664753,9.081928214102383,61.15758607609264,12.609400389875436,0.8148148148148147,4.7407407407407405,0.9342327110054772,0.05355478747093012,0.18797504960424458,0.03554932328794351,13.845117845117844,25.427609427609426,4.505005208813366,0.04510993311975915,0.0907409063339646,0.019626435721353738,24.667769200368255,30.7125603118126,2.501790094164198,5.29848496096656,5.545238201795685,0.16031233053116828,7.153750326487025,17.6762160736043,2.879961454624743,0.4848948251282459,1.2796655837011628,0.26848686803012334,0.825632909628953,-0.08454969896795694,0.6003232287942073,-0.5114526081165335,0.8953331602639267,-0.03729437178493794,0.6419877807682046,-0.06729736402703464,0.9724028302495079,-0.009509794596594512,Train190.csv,Normal
0.0,0.19677675215915555,0.22737957289091648,0.018929144312405038,0.12966273679365942,0.18621856998184413,0.03929537423990582,0.19777034984942182,0.22261515922779215,0.012011735783978284,0.3276824951171875,0.69580078125,0.17379243288718285,0.4692907389748445,0.5903279484256421,0.10625045449275378,0.1316931368902608,0.1663488685884157,0.014853930760130035,11.857145863641684,36.71983397439026,8.363377708735644,2.2720000000000002,23.1296,6.191665934140827,0.0017780985368559964,0.00458577581823485,0.00163919982212269,6.166124999999999,46.896,12.191210890816999,0.15947496632533203,0.27199994959452795,0.08533361277736909,24.949943620810046,30.05164831695207,4.585102726836207,8.116486657037305,8.381544698647144,0.26088406520076185,3.4727931240415657,8.399200137193413,1.892429252688941,0.07156878184429968,0.12959153634915732,0.028244206780461537,0.19245347665073548,0.21854102145640214,0.019936156990270005,0.13741482045226244,0.21945174659409428,0.04623633041505272,0.19333306258562769,0.22600875166038034,0.013994804795342715,0.3635406494140625,0.5859375,0.16546422534223598,0.4632752355523734,0.5884079193360793,0.11001875383982858,0.13272669363703232,0.16643848065865804,0.01766553686382928,14.491127566628116,61.97612661958078,13.1950814706717,0.6756000000000001,12.7104,2.529317599669919,0.002012851132814581,0.005322884159620733,0.0018667539625804813,11.313375,53.568000000000005,17.368921659371228,0.16770142775018845,0.3094427000381212,0.08960321911888239,24.653050788808372,30.12395345064956,4.780182539616179,8.091951283090356,8.381003094951131,0.2802661185184847,4.553571930618929,8.138434316467354,1.9983102213625366,0.05479412106104854,0.1356245120870366,0.02458611254848381,1.3061397674108504,0.01677466078325114,0.9555170625091377,-0.006032975737879281,0.9994615844283767,-8.96120702423564e-05,0.8615207130566003,-0.0007371083413858833,0.9849846813778593,-0.0033935924325881883,Train191.csv,Normal
0.0,0.19957884056001418,0.22231717966853393,0.016206518910997884,0.1267547862450809,0.1950822753112337,0.04077968017771437,0.19657347656721325,0.21808665819208595,0.013751905708023796,0.301361083984375,0.6591796875,0.1716986721638925,0.48539871849208305,0.5971388998903459,0.10698684528878864,0.1305772086798755,0.17300183627891835,0.017933340687990892,13.59973668169398,52.09120518543876,12.102850733949525,1.2964,17.3568,3.392650857368026,0.0014350408302763837,0.004291113545570387,0.0014616110992552802,10.795874999999999,58.428,19.500625515207837,0.1448571919038985,0.2774723298354966,0.08326472057306586,25.712218223695693,30.255004499900938,4.559572173807361,8.156961611782089,8.383592048155794,0.2555436187489526,3.291264292605372,6.59565808566641,1.7733964793964636,0.07003637345333635,0.1283598793841788,0.030030922637460277,0.19341354935335742,0.2185982487791006,0.021100092776496722,0.13054337560099727,0.20677911619166717,0.041205029237181376,0.1912515877898203,0.2162245828503372,0.013838975823059558,0.3143310546875,0.5859375,0.1935160993956017,0.47898193298029246,0.5872423889124619,0.10455005658028574,0.1292360814514835,0.18150084478028508,0.01526419919937044,9.041439904200981,18.35369230430749,6.82451313010579,1.8236,15.8976,4.165366365639402,0.0017458494662326244,0.005365114201197637,0.001815401353370596,11.832374999999999,56.616,18.77534666415976,0.15491548758512733,0.2935500505910107,0.08957687080677135,25.305407994168945,30.111132475220884,4.649191185096692,8.125880988775656,8.378542339443223,0.28301645960457583,3.9798225172875084,7.565649546831257,1.9335253963064125,0.053475551919817906,0.12733197538082824,0.025663698699982366,1.3096895614777468,0.016560821533518448,1.0080726227030066,0.001027904003350566,0.9531737195778407,-0.008499008501366728,0.7998175965750922,-0.0010740006556272507,1.0086117605528038,0.001862075341748759,Train192.csv,Normal
2.0,0.27184001406688796,0.4842224527854396,0.0914450294775433,0.2233461331275377,0.42861374063351615,0.08163100559322824,0.24331840299485968,0.34385141172362793,0.048304533358944864,3.41949462890625,8.72802734375,2.1922663931744846,0.579515167217578,0.7669044779348128,0.10415516452386255,0.0699954460877874,0.14305594890647244,0.029711566652575228,13.868535656871758,77.92793708656816,17.48064305250369,1.296875,5.5,1.2677451377840105,0.027661831230704256,0.06714524671615901,0.01748013211449482,29.3125,53.0,12.117749120608167,0.025217455724831347,0.05341426726001755,0.01094879868091214,32.37799444481814,38.448524687055944,3.0849373945848964,4.5965736172718845,4.719806177506838,0.10334745935201,6.678464267963384,13.016431802030345,2.639027825124255,0.2647353064900839,0.546042448916767,0.11348795858711254,0.2631322255702285,0.45620488747944565,0.08833798944897951,0.19993768853351962,0.32901813070454666,0.0684169865721965,0.237131177720027,0.34040709103215117,0.04527978365925181,3.070831298828125,8.447265625,2.261856861995386,0.5762910507837016,0.7660374213828024,0.10369220311543396,0.0765805393913406,0.2417692905485391,0.03525478398687923,10.550159631093766,89.25708757642931,17.376811924888518,2.515625,22.0,4.5816965590679395,0.027214621822844683,0.08201374290474761,0.017493086103455097,29.21875,56.0,12.850059277587011,0.025487023882631733,0.07697599064271832,0.013201308928320173,32.54177738663117,38.74188007036458,3.0948347857139185,4.618192606266861,4.705076473981773,0.050038237866735405,6.605478754532398,14.111032738610444,2.6919396999839416,0.24720858459171086,0.6271471691801872,0.12582023531685102,1.0708985121063723,0.017526721898373065,0.870676732480324,-0.0811047202634202,0.5917043806109331,-0.09871334164206666,0.8187072497768525,-0.014868496188588598,1.0101182371698396,0.0034443206914767655,Train193.csv,Normal
4.75,0.3667336034248081,0.5176624587411118,0.07619945406220965,0.18665262566545227,0.28549471863639836,0.05205553981297057,0.24930767056851807,0.3449196680657066,0.0443233933637699,10.406494140625,29.4677734375,8.123041545061774,0.3584344382489002,0.5585135166435085,0.06714307995869175,0.1802970069204799,0.25358167546768096,0.04972770345337832,8.228461316215991,32.08809990977601,7.96955401408999,2.1578947368421053,27.157894736842103,6.461477580304338,0.08994950753440659,0.2767646331600325,0.06880173021894244,16.546052631578945,54.52631578947368,10.622958904487326,0.0535005665771535,0.15874808502690094,0.024730670433808104,24.859247894586822,31.94980822152088,2.1316104330368697,5.347220484256374,5.565336551797127,0.10093236579998145,7.190320772355105,12.87000558476725,2.30752477186251,0.785571244917999,2.2537241520036786,0.5372679007515135,0.34543640131244296,0.5059123971125629,0.0823623434658075,0.18244544284217254,0.3281395619320925,0.057403474732497586,0.23927077226252053,0.31685249935260373,0.04437402957099379,7.9868316650390625,18.00537109375,5.211592202020992,0.370040323385365,0.576944728871512,0.08034298198125939,0.1830649458202584,0.28115346496949734,0.05411363289244203,6.073345717086638,21.037196157201482,5.325893791321919,0.631578947368421,2.9473684210526314,0.6337681357259103,0.08477614032785985,0.2815459773995821,0.07385829051709357,19.539473684210524,54.52631578947368,13.96061312538117,0.057524836992463926,0.08976028412816964,0.018879288517883622,25.585798172910152,33.67054551730765,3.0375730078388625,5.363234089783609,5.54916368694368,0.11372379825396235,6.566101987528519,12.210444463536332,2.024077920575925,0.6579862841752283,1.4003543130803513,0.4032286064950419,1.1939021566517813,0.1275849607427707,1.6093956574724142,0.8533698389233273,0.9019333074670056,-0.02757178950181638,0.9830175331690808,-0.0047813442395495676,1.0885811779356918,0.028067168713102886,Train194.csv,Side I
3.466666666666667,0.3376777109677135,0.5716749753951214,0.07653974721663316,0.17592660772906532,0.3289905591766448,0.05616113564332927,0.22446157752739554,0.3009397506652378,0.03764313992665952,2.2182464599609375,8.2763671875,1.5065061537608255,0.42593327968670514,0.5946559339892098,0.0818845849743701,0.14202536096802193,0.3539074388043379,0.05854849999419862,3.3848406164821645,12.342595470063342,3.244693045175675,1.3693693693693694,13.54954954954955,2.410915846295889,0.027872749390196495,0.1827443394757854,0.03150811426841654,16.1981981981982,29.405405405405403,6.09230195986683,0.04122394471403101,0.0913284052886031,0.01598262821193214,27.376147805264033,30.778374899242472,2.5091409203105135,5.0789965090842895,5.226709903957464,0.15011904755136793,5.482626622059694,9.559518924941171,1.7245039287152424,0.2264914186492875,0.8641739885445507,0.14328752993422839,0.31012715005920266,0.42729994230274515,0.06061760081131927,0.1578437806440749,0.23328922852550144,0.036905501004696854,0.22922606577445384,0.30103363866038735,0.033980986750117945,2.1778106689453125,5.3955078125,1.1013034969866904,0.45642455680609006,0.5910199885814674,0.07017305582637069,0.13504431238637055,0.2771242028266668,0.05335240007511884,4.264369244126096,23.940588043974394,5.231755458826953,1.5495495495495495,12.396396396396396,2.236267601311741,0.023519876644875884,0.07566093321773608,0.01601501479514841,15.333333333333334,55.351351351351354,8.347438756159994,0.042865208901819093,0.08054958783117604,0.014451961964605641,28.520595066417183,36.502851651404065,2.7331497993820673,5.126243689317667,5.256576340340617,0.11172831470609247,6.120130638705274,10.953576303921459,2.096214072491264,0.2013466559813082,0.4076702162023264,0.0882705028304271,1.1248829359521655,0.025144762667979326,2.1197869063750168,0.45650377234222433,1.2770715582306076,0.07678323597767112,2.415306410966141,0.10708340625804931,0.9996881112846542,-9.388799514953305e-05,Train195.csv,Normal
0.0,0.19726649577524155,0.22351411683212108,0.01780132775566484,0.12270870766639683,0.1932675460755718,0.03733486284389163,0.19529801096665272,0.21967001969150748,0.011927036946762096,0.301361083984375,0.54931640625,0.16175575927061372,0.49094654989379993,0.5956924322345417,0.10189636510303299,0.129054681248981,0.17189369191607376,0.015608192672950364,10.461656635562433,19.563276529248995,6.878190991829851,1.9216000000000002,35.5968,6.604845542478643,0.0014012609520340016,0.004192840407314494,0.001580081454744947,5.84175,49.14,11.595669231980533,0.14347958789963305,0.2837887000127656,0.08343843063803419,25.908485429483456,30.25568061270721,4.434227702913255,8.172494878301723,8.37712107588379,0.2549666733945201,3.272719437316401,10.913638599995247,2.104719012528397,0.07071486522275958,0.12643202425780797,0.029132773625667137,0.19672571035633685,0.22162769994186415,0.021287775127953348,0.12705395248725032,0.1995139187385845,0.04196832859285218,0.19520676113565202,0.21194338273970365,0.011296902146639604,0.3337860107421875,0.5615234375,0.17369862820049678,0.4881812241676248,0.5946254909912606,0.10369038430120972,0.1298936353958005,0.16456575294450548,0.016529369217449585,14.071184101855334,74.19553406077233,14.00237359815472,0.5124000000000001,7.1296,1.6554502952369181,0.0015494090558973047,0.005851059998191483,0.0016551541245009291,12.865124999999999,56.64,18.71817379538867,0.14462112808746447,0.30263525103134864,0.08566004927989468,25.72512716302989,30.09425661689749,4.5263939668882855,8.158730566479226,8.38286034834178,0.2507948205742859,4.2129578671213945,8.36622350704627,1.9126338246702714,0.05257672011033382,0.13472338028155517,0.02656770561387684,1.3449843149092984,0.018138145112425758,0.9384564361072613,-0.008291356023747198,1.0445289362818426,0.007327938971568276,0.7165948891338627,-0.0016582195908769887,1.0364561318946066,0.007726636951803839,Train196.csv,Normal
4.088888888888889,0.4030146704394275,0.6168667879205255,0.07894163967902253,0.1557500155947807,0.2990938867420867,0.059257678807023394,0.24140518963341112,0.33552288691740884,0.04584413519211675,3.5465240478515625,15.24658203125,3.920007540787663,0.41764980196147566,0.6006864984540662,0.08931955543521106,0.1070726230345033,0.2359259921868699,0.053654907121151896,5.976247061324459,39.37238703563068,10.813509942676697,1.8279158699808793,14.684512428298278,3.576071777623481,0.03525453352952637,0.11616544549988306,0.02746353786433386,20.5736137667304,47.235181644359464,8.692630829515299,0.03228933914290693,0.09139135914161299,0.020372499869413904,27.584135236118286,32.16716195794768,2.97989809783018,5.152567638805618,5.355663588661129,0.1326004077413845,5.407077329717064,12.412777630561337,2.581401472913389,0.29561879460190177,0.8317711920708584,0.1935661431210991,0.42582161202957747,0.6069790647040632,0.083345566380506,0.17379769927172392,0.25588419311653426,0.05094330809712059,0.24594007331822007,0.33916259707490326,0.04277191190862778,4.38385009765625,24.25537109375,5.326276326667823,0.39971307932257,0.5516445479722553,0.07228011711889312,0.10485665843930017,0.27534469563579655,0.04794901605174673,5.521870726591563,32.728040004060674,8.501822115665687,1.84321223709369,14.684512428298278,3.471963665563617,0.043841242016971906,0.268529305282934,0.049706889102915826,20.382409177820268,47.7246653919694,9.341406986115967,0.027150581276339892,0.0640538519388671,0.01196092594005517,27.086962779470422,32.078067902472824,2.426353562211439,5.1553879327649685,5.367992812305433,0.10767176039541823,5.7567863938642745,11.305865530546905,2.3754762187741414,0.3611278523743857,1.7685655733612897,0.3567331037033064,0.8185987091265156,-0.06550905777248395,0.4703083697483194,-0.9367943812904314,0.8568387009789896,-0.039418703448926645,0.43259876215330534,-0.15236385978305095,0.9892685361588998,-0.0036397101574944246,Train197.csv,Normal
5.9,0.2914001166765978,0.4582829556912281,0.059642759115345154,0.1550936726948528,0.2764388306215747,0.042255618034295346,0.22851168291740281,0.3140934089158469,0.03783660375593366,3.827667236328125,10.41259765625,1.7621012859691572,0.4377451679422288,0.5721767579425551,0.07211249314325158,0.18621846682611803,0.3487776949443675,0.06847311064162115,1.6475647962668638,7.895567511748988,1.8200843688573465,2.8821192052980136,22.37880794701987,5.615374210603292,0.05606460721323275,0.1346065883424748,0.030252066211810695,22.99337748344371,61.71125827814569,11.656919856288857,0.028828018021230594,0.046916001560218225,0.007992655095462228,27.588001213177797,38.58432585689958,3.5800207885764217,5.524211824679443,5.7082100226403325,0.1270301998553244,5.1581371110803005,8.683813901008318,1.2732363761834584,0.39968653558863887,0.8668125476082127,0.15699878931593997,0.32737249050096995,0.5032437533189189,0.08380314423060081,0.16108809518255496,0.24302871652495517,0.048423377325746676,0.218948986556586,0.36073379319736126,0.05255122200895742,5.2265167236328125,21.13037109375,4.370832234894476,0.40791314526603584,0.5076690901959479,0.054760187735099636,0.18525484917477014,0.31817583442690206,0.07235240396162602,1.466561570696808,6.378348025484277,1.6765005552050602,3.4013245033112582,20.68344370860927,6.751448505863594,0.07970919882555702,0.3594176596328353,0.07285677791383013,19.81456953642384,31.703311258278145,9.170822668744634,0.02890992743942395,0.06732204087163628,0.011406522474177743,26.57229668902,31.87011064631199,2.155754795689126,5.487580673010876,5.678738109523859,0.11273219397689557,4.967196151586176,6.730216578262079,1.0023019317904118,0.5524827389864438,2.0717043426620343,0.43109328474223,0.7234371441150287,-0.15279620339780497,0.41840552695661065,-1.2048917950538216,1.0961790812190573,0.03060186051746544,0.37451300558094375,-0.2248110712903605,0.8707069145398756,-0.04664038428151435,Train198.csv,Side II
5.211111111111111,0.38077906442061954,0.5864690022583725,0.08944919792717253,0.1897816800521465,0.3091573746687226,0.06018630835514591,0.21138889183859355,0.3008327296481683,0.03261238794205525,8.893966674804688,19.12841796875,4.518346562172197,0.379831279727899,0.5532068966910698,0.07232437633222046,0.1556591836124246,0.2808292110477233,0.06793788468311057,5.076109971954939,17.53156845583105,5.202006926353014,0.7136431784107946,2.110944527736132,0.47307942241134937,0.08138720786073257,0.1821541064792989,0.03605992622895514,16.755622188905548,63.904047976011995,9.308884090649968,0.03124552879760905,0.05757485225730222,0.01170378187394006,27.45572287167898,36.48067574757363,3.0263239008512546,5.481915471791973,5.631910547495899,0.09054779751184806,6.007097733685701,12.747528921174922,2.1860360470101967,0.8148781643018344,1.751860523647197,0.338942567143909,0.36899318924482305,0.5237938803298068,0.08965269684082333,0.1749984570130761,0.25948074465624654,0.03743843491197852,0.20215481165291013,0.28822872574529196,0.0314143636958562,8.559417724609375,15.39306640625,3.632925654130849,0.40241963600772923,0.5109805356380143,0.051194499572821836,0.14407113068277602,0.3357067061724394,0.09018500482955383,3.3650138976116564,22.71323589822013,4.686822782753195,0.7376311844077961,5.181409295352323,0.8847762289513879,0.1009488334622225,0.344788761639314,0.07577984333187722,14.950524737631184,21.493253373313344,4.2361377044582955,0.033431789801303805,0.08178513444371713,0.018880323676859517,28.01168182271826,31.921588045150376,2.0532563036990417,5.495284860447747,5.62886772704699,0.0756680545620579,5.471449267553246,11.838001065273497,1.7450800401127513,0.9066570859552281,2.140100338256957,0.4586073466804786,0.8987721775146441,-0.09177892165339374,0.8185880313702688,-0.3882398146097601,0.8365314277247141,-0.054877495124716125,0.5283063899325849,-0.1626346551600151,1.0437291696952,0.01260400390287636,Train199.csv,Side II
0.9166666666666666,0.2006854163693807,0.3458572867378292,0.04622971168797005,0.17663759626705666,0.3006457700869486,0.06112320956223165,0.21675319429309242,0.36078120025016736,0.04484177651609441,0.45013427734375,2.3193359375,0.366118737376236,0.5830268297057499,0.7154597392529674,0.0598942334772132,0.0905647315215081,0.1519422553055455,0.025933357643423163,6.293238882260099,35.515762933015225,8.272501586270312,4.786324786324787,42.66666666666667,8.578403876957099,0.004640955813968782,0.009584073241027587,0.002373840673815281,32.376068376068375,57.98290598290599,16.27490477346476,0.05501543673842335,0.16647818830554734,0.030302699395869714,32.79174931399211,40.868706112571445,2.828375321063692,3.9230930784209592,3.976407411306531,0.03330867080559741,3.6883737221423996,9.780293439130906,1.768067002213603,0.08051393715791401,0.13604565187646794,0.02852402762579829,0.20414527092958168,0.30418145258684165,0.04722549215475809,0.17660984045015005,0.32970260918642813,0.070542308586208,0.20584689297881562,0.31202506409904207,0.046429015311557666,0.455474853515625,0.9033203125,0.20338168569204393,0.5672292105798791,0.7276487409194028,0.06471781633441633,0.09058568702732267,0.1651588147234611,0.028715448607174236,6.021014884152668,37.042232914461486,7.501074152350719,6.085470085470086,35.00854700854701,8.883364489750177,0.005330397328694489,0.019496201007816776,0.0037883886446666553,27.897435897435898,54.700854700854705,16.39657549382221,0.06491183978296455,0.20491922435577767,0.03574848104835945,32.2487552182874,42.51582623176948,3.443040619106048,3.913168074849227,3.9883499790986434,0.07517154331578962,4.378520357373749,11.051229478304935,1.7822981003723026,0.06434140455056135,0.15022719780197763,0.028803203410779216,1.2513549629350855,0.016172532607352658,0.9055993386110918,-0.014181545925509687,0.9199766578609696,-0.013216559417915608,0.4915866812000083,-0.00991212776678919,1.1562571107409247,0.048756136151125284,Train200.csv,Normal
4.011111111111111,0.4257087978150068,0.5537155842974525,0.06478192030807897,0.21499258947529037,0.37870881808463225,0.07127910034331215,0.23244909515110845,0.30799242444153907,0.03538466349621669,5.2516937255859375,12.46337890625,3.5327662170605456,0.3768683125518155,0.541753583876392,0.07640417169171489,0.1321145180641379,0.3080539156500091,0.05743437871574033,9.724772677095352,28.326852355035314,9.471445236573508,0.6081871345029239,1.746588693957115,0.4039558314850251,0.04390715604396622,0.10422668952558467,0.022444715503154772,15.04093567251462,22.955165692007796,2.4536389998263375,0.028301159014401618,0.07699009274349611,0.013184758367509805,25.87680126272515,31.37292952096726,2.7225113048824032,5.169797270370677,5.370220028559762,0.09805480939623487,6.742668166541664,11.45747134750268,2.333211159380288,0.3961929317358369,0.8022147582906124,0.18813852482143206,0.4377515674399475,0.5799884451945374,0.07347701663991886,0.2137133791225809,0.37731182901165444,0.06537788821606184,0.2335598032717332,0.3189940497546291,0.03434943194955289,5.6011199951171875,18.1396484375,3.3740023894902507,0.36950565487702197,0.5494217292814273,0.08180318731457997,0.13293316092152008,0.30297320680351303,0.04711999725153886,7.857960401443913,31.20688093455385,8.152165614712915,0.8031189083820662,6.237816764132553,1.0451542962335159,0.051202173683142005,0.10126220995574085,0.024587277237949845,15.165692007797269,20.709551656920077,1.7496318518104796,0.02635328622774879,0.06513923807898953,0.010266790154653857,25.64925072847425,31.586372031854605,2.8323890732814707,5.143401886729157,5.351642556421429,0.12423010381238782,6.6502936174050635,10.884564551718773,1.9302372236352903,0.4380518613575777,0.9734613694254105,0.17870264984624168,0.9044429798872269,-0.04185892962174076,0.8240848406136939,-0.1712466111347981,1.0167694955053288,0.005080708846496085,1.0292752700327619,0.002964479569843817,0.9655115000199408,-0.011001625313090013,Train201.csv,Normal
6.966666666666667,0.20346795205035062,0.2851552434456604,0.045122146034815666,0.17075405182655545,0.2494774495342662,0.04320462832645947,0.1937808745505435,0.27608454821242373,0.03444011829862167,9.855270385742188,21.728515625,4.8168327081785725,0.39528200404071895,0.5248748297693778,0.06708589832341523,0.3019366494869681,0.41480073353458863,0.07169094791206938,9.872323399101305,47.48000541634173,9.342908425198013,0.4260089686098655,1.8654708520179373,0.3838470725131519,0.09633881188014427,0.3331064336435076,0.062151689983877934,9.067264573991032,26.977578475336323,3.7767858668773644,0.051704502400999226,0.07635098176376268,0.012744470942599943,25.352583436426222,29.91337966522071,2.5217597447791804,5.730549951576851,5.881109479491201,0.08690198939115307,7.665951683780293,12.38354428886065,2.011131361085738,0.7149768642681446,1.4706471091820243,0.30652579998816926,0.19718685742944242,0.27951480244488996,0.04544012344150357,0.17151747754320992,0.27351052843358986,0.04213709410606003,0.1899396630768682,0.24855194088939875,0.03544071949035295,11.220550537109375,25.0,5.7025754656483745,0.3975028964316336,0.5326222841483189,0.06305062954915777,0.3077369606631466,0.5097376034401304,0.07430263150118298,9.461023403051318,29.717315272220226,7.698969792445759,0.3273542600896861,2.295964125560538,0.39824566524392935,0.0883909566158056,0.18421905785944123,0.041011201921438575,9.41255605381166,27.982062780269057,4.83691481603321,0.05275101374243214,0.08260123611547789,0.01226033498872338,25.38569233312561,30.391453365407443,2.6579110255509804,5.732625057750807,5.862767718925273,0.10978380087153203,7.5358733051644275,12.64057929472119,2.1621017056731575,0.8005220649940492,1.4242162973337822,0.2658886620495301,0.8931382339602609,-0.08554520072590466,1.0326009545759043,0.04643081184824216,0.8137534486791188,-0.09493686990554179,1.8082083130045037,0.14888737578406638,1.1107720427116055,0.027532607323024982,Train202.csv,Side I
3.561111111111111,0.3223112954211287,0.502113863597086,0.07801031433380497,0.15574769460771948,0.32141882788030846,0.053590595986767756,0.22946044537148008,0.3216153617927293,0.045352427499957826,2.8995513916015625,11.09619140625,2.565733478085776,0.4568124918714873,0.6185899431453679,0.08870413269307294,0.14295963237806486,0.4288015576447702,0.08419458396818219,3.5145092276301613,25.278823267891397,5.513304331074486,2.552631578947368,21.614035087719298,4.264195599645316,0.034179677401054896,0.19641139439262775,0.039571804314818194,17.105263157894733,42.10526315789473,7.381087692527224,0.03488743829149448,0.07610855196511572,0.017256680955824444,27.904271268721352,32.80208252168504,2.9799067634134437,5.10160118363874,5.236064807300052,0.14001754395880353,5.267693892589264,11.775461445399563,1.8594120736738449,0.2867584749312784,0.943465572405779,0.2135298371453671,0.3052102802113298,0.45100456252978266,0.06404751806767135,0.14523444724082646,0.2410228872799575,0.043335665527496035,0.23846069068901007,0.30886959600749864,0.03815170118050875,2.6996612548828125,9.48486328125,2.150853076513428,0.48174887342396566,0.6255697887538838,0.0782383409057214,0.13792725907818215,0.3751468498923539,0.07691284181806302,2.286416743518586,13.078542880030671,3.3306734843342936,4.552631578947368,33.122807017543856,8.092945565651199,0.03345921075372309,0.18089311576106995,0.0344758432906806,19.096491228070175,49.122807017543856,10.482595609437006,0.03468155770377854,0.06032145509768223,0.01231155466192871,28.363176834793215,32.59053435806693,2.684297364902125,5.141580782366972,5.270697519892121,0.09858460284241288,5.269973306832137,9.853153993636985,1.8802204807852587,0.26936057632832544,0.8443992377472459,0.17404979069796314,1.0645896210036203,0.017397898602952933,1.1173216757105422,0.0990663346585331,1.143023209777155,0.053654707752416264,1.0857869990269164,0.015518278631557803,1.0412658445788086,0.012745765785230678,Train203.csv,Normal
5.25,0.345519991560912,0.49397689471769907,0.08111850200335097,0.15683466927887146,0.33535146469078253,0.06794258865482354,0.2515229681327225,0.39049946761830623,0.05643191315744151,3.435516357421875,7.84912109375,1.556533919605536,0.3900942073561094,0.6401261818919454,0.10511882612156076,0.182534709447934,0.40984602708975243,0.07399102440130995,6.23029525960143,55.948527123138135,12.219790421617473,4.482142857142856,35.047619047619044,8.51076207781211,0.04258243449498035,0.08631746963937427,0.018384857983326158,17.988095238095237,59.238095238095234,10.48905460181752,0.04234342705066782,0.07932435205573601,0.013051603557880046,26.4759568072655,33.33343750477722,3.475415203240845,5.425647763722388,5.664372529431862,0.12127253556153542,5.635711562595398,11.646981435335274,2.51178993842463,0.34334303687844897,0.6116322501302675,0.11114844172296341,0.3281762698477042,0.45963465492198496,0.07853651151505238,0.13721470051386903,0.22714282311938597,0.03261116503160893,0.2590226356341607,0.37356494010747915,0.04665611407065138,2.7587890625,5.87158203125,1.202315119848021,0.4097389535673262,0.5887111293021685,0.0836832642069727,0.1719763789375124,0.28484069423270975,0.04021126803729126,1.8446093178997565,14.490288660230362,3.4895160113881314,2.2321428571428568,15.238095238095237,3.669520959239064,0.03568128742392317,0.09210297128171922,0.01859112356213851,18.732142857142854,28.0,6.706785641382597,0.048076334466416765,0.09862460120032235,0.016615858889197407,26.7918492218645,31.32583150730544,2.2839682583063583,5.471623393058492,5.616503622633519,0.10311874483115498,5.172549060982899,10.71625861293411,2.1246606494715934,0.2989520899076431,0.6031126386729622,0.11113764832710075,1.148488494715094,0.04439094697080587,1.0141260684934825,0.008519611457305287,1.4388605067647218,0.12500533285704268,0.9371844089390666,-0.0057855016423449535,1.045332215760458,0.01693452751082708,Train204.csv,Normal
6.561111111111111,0.19975354126484826,0.29697153314982266,0.042469715962743015,0.17955856780908885,0.33787770728555216,0.0544315197537967,0.1845784754264313,0.2843999662678884,0.031482949973055716,5.998992919921875,26.77001953125,5.121466050538203,0.3874377931887862,0.5509292665590396,0.08443092629887093,0.3146845215214462,0.5395227027818544,0.08059062988501609,5.249842974042932,33.05507017414678,6.252001073612127,0.42380952380952386,1.0666666666666669,0.3380281623604058,0.06044797959836948,0.226537189599555,0.049344837924590684,8.533333333333335,12.495238095238097,1.5142557649029937,0.049760676104768864,0.09011292510327353,0.013090814905120136,25.042504865322826,30.566890880080965,3.0725224890930583,5.6621995940613825,5.868327241298244,0.1322526430015501,6.048444397491279,10.468608220609443,1.6203475582202207,0.5159658107819818,1.4470811641377364,0.30525722680255607,0.22129573438136946,0.3289182085089293,0.05120847915593538,0.18819669378998186,0.27775643862435845,0.04908730097319413,0.1997637864068803,0.30906256919242453,0.03970694238870827,5.8132171630859375,17.822265625,3.883690941883792,0.3879621521223844,0.538789178187948,0.07893573739167914,0.29377800495496653,0.5050632671593234,0.0813132891191856,7.901000046052898,44.534024896511966,10.85345111648416,0.5380952380952382,2.5904761904761906,0.5598631190015472,0.05582565585609619,0.14978850522937295,0.036307463771658006,8.523809523809526,11.580952380952382,1.0774539570109054,0.04876703782848313,0.07081940746652664,0.010750699225967832,25.043985114070928,30.51090642790199,3.092956863026393,5.678250142501554,5.828006001643279,0.11248699123135734,6.869210350356301,12.94128700429342,2.621951319684871,0.46820457687404066,1.0028371944697625,0.23566530903613847,1.102009324908374,0.047761233907941125,1.4429871275963941,0.44424396966797386,1.068227956366965,0.034459435622531065,1.512380324112825,0.07674868437018204,0.9202019063350795,-0.024662602924536148,Train205.csv,Normal
0.0,0.19763906949891494,0.22112375696033665,0.018926741539780155,0.12246941823041624,0.190027477753154,0.03664389602080289,0.19636421666142284,0.21724686891100434,0.012040755200800914,0.299072265625,0.537109375,0.16848356618459792,0.4901909784084231,0.5929728526021377,0.10057394308137303,0.12872296797555322,0.16565848296801697,0.01562335352233197,11.816522284085124,81.98700242733295,14.240942813873104,1.0820000000000003,10.201600000000001,2.6679346018971306,0.0014348879340468908,0.004652003746579617,0.0015969840506943668,5.63025,59.976,13.43636583818333,0.14461684218364368,0.29827335999123267,0.08257512214585319,25.846104344088673,30.185460957555375,4.384212159184644,8.170796000201591,8.381746323146169,0.25131293531427756,3.2763261665109615,8.795134114199351,1.9869606278668561,0.07070823064360446,0.12709073165037013,0.029234470386576863,0.19788037858957847,0.2259297536032932,0.019844201131037822,0.12557587753692953,0.2028410375788067,0.041367116407998825,0.19721175936677282,0.21768432484191755,0.013006909025955476,0.3307342529296875,0.59814453125,0.18045050332171328,0.48847728755079667,0.5932808909145372,0.10499585302686026,0.12905047172741563,0.1712962823167606,0.017319698954694724,13.45462229988232,52.27360643461908,12.33363255007689,1.5472000000000001,16.3584,4.267038617120778,0.0015023375685658783,0.005891507634977692,0.001601624351365895,11.217,53.736,17.29472055281611,0.14562565004837813,0.301287362251259,0.08600039416632002,25.753479413414645,30.223094000759403,4.56423143229809,8.163881865846324,8.383142630259956,0.24076030148585043,4.184539213582854,13.96514649023822,2.416750120244184,0.05278470623731085,0.13484593085760982,0.02622230706365086,1.3395590189732902,0.017923524406293606,0.9424884377273705,-0.007755199207239688,0.967087433308064,-0.005637799348743644,0.789611631723804,-0.001239503888398075,0.9979904068461461,-0.0004374559309132109,Train206.csv,Normal
5.122222222222222,0.3754741324537977,0.5493573842048391,0.08497653197042256,0.17888788574905967,0.3432796642021716,0.05346238203529654,0.20697692526004566,0.2791040626824853,0.029709555773436085,7.3764801025390625,15.85693359375,3.230742560512529,0.41203557040279937,0.549506808828861,0.08301511727175064,0.13159527715488295,0.269884031437606,0.06295235050225548,2.746954817038336,10.354412734927497,2.9188249189075077,0.8916030534351145,2.3450381679389314,0.4528976175325596,0.07937281728346005,0.1715858053663701,0.0355394656296841,17.642748091603053,52.56793893129771,6.9422598857259965,0.031740296720177745,0.06472004408255816,0.010353301272387146,28.384065664793084,34.52110058152068,3.131159592526108,5.481656079682141,5.630056670230434,0.09150034393295237,5.05093194660135,8.566940854688678,1.1627896568425635,0.7819817826346822,1.6098021569997754,0.3111705006061709,0.3940881788281698,0.5586058184912823,0.074831114839113,0.16731318605723272,0.2388703425993533,0.0370520234003945,0.2096444534781985,0.27571872301827177,0.02890647214495241,8.231353759765625,14.44091796875,3.1186552570318065,0.39603483790743327,0.4960136216356562,0.04766129459071291,0.13300453493868328,0.2695565807594748,0.0688791273454955,2.3976291541528045,14.732694155584056,3.193897928533586,0.8061068702290076,2.73587786259542,0.5141389967596748,0.09636718056361929,0.23532161409519148,0.053871180813788375,15.1206106870229,20.519083969465647,3.4909083845858375,0.030017329017584807,0.06379395539842313,0.014546563943421053,27.81367094634777,30.724612762299206,1.9112980620352864,5.462986059363214,5.601675240211401,0.083190095822292,5.011129271791246,9.83909020806642,1.3724615893125225,0.9333541524628767,1.7666785169112533,0.4182605354684173,0.8378189347884922,-0.15137236982819446,0.9112026555363603,-0.15687635991147797,1.0012147715926423,0.00032745067813116924,0.7291544607874666,-0.06373580872882137,1.0122782327397872,0.0033853396642135047,Train207.csv,Side II
1.9944444444444445,0.2649836238163595,0.4655521789153772,0.07711116283916003,0.1940912109715039,0.37649111064272817,0.07890704330585861,0.23569974678864147,0.3440867000098492,0.05031486385917066,3.1299591064453125,12.060546875,2.4397021247019843,0.5866740172442148,0.7512684131616615,0.09000676276433006,0.067627082499189,0.13824284699845674,0.026167383194357696,8.78645210277947,40.21814144210337,10.334368305233534,1.9137254901960785,14.054901960784314,2.5454333746878954,0.025953937263451354,0.059168639421474024,0.012890878747655073,30.949019607843137,55.71764705882353,13.485735696720987,0.027621878939334616,0.08584160493216825,0.01702874257038714,32.87559864950051,38.28674179745203,2.5980756570867753,4.603076944764559,4.697090441010091,0.06621244961862559,6.308838153777517,10.668412047719483,2.1628120976302645,0.25626236528468205,0.6224567404809895,0.12420860708754561,0.2826948851576325,0.4566487388144796,0.08512711999476512,0.19843347968199393,0.31359819255364596,0.05313849263848746,0.23754143717038562,0.38569364424101543,0.049540529949002904,2.751922607421875,8.06884765625,1.9574069233146125,0.56496946713515,0.760936242096375,0.09173487958317673,0.07568281562281258,0.2323442898463382,0.03812413602362182,8.065668023045728,57.25002800222294,12.978955254630337,1.788235294117647,7.027450980392157,1.5820601327840589,0.02408133044137448,0.048528081439312955,0.011008064140965727,29.67843137254902,60.73725490196078,14.440508617066415,0.02545749661327231,0.07419919308193015,0.012802835857842436,32.608796971527404,38.149644919012374,2.9791995256216017,4.615392636629298,4.714722072885782,0.060934513542315785,6.3377825331336535,13.343448349153297,2.589826520885919,0.2269268282071515,0.48816955814838014,0.09593686199845602,1.1292731061374477,0.02933553707753056,1.2750830706586367,0.1342871823326094,0.5949913660236402,-0.09410144284788147,1.2192659682250515,0.01064055798216107,0.8921243693160499,-0.04160694423116623,Train208.csv,Normal
2.1055555555555556,0.22197488728027986,0.4436834459827414,0.08429982947376297,0.18784662318486728,0.32607697374620354,0.06275057933806186,0.23866933930739553,0.35050916346944844,0.057375854376708765,2.96173095703125,10.68115234375,2.061000407960119,0.6442657451241537,0.8076074923234151,0.08440855069792634,0.06209602745199942,0.12204248087538463,0.025078011291116847,5.433322944212719,17.31792143978667,5.868023913948807,2.0817843866171,23.315985130111525,4.063372182186724,0.03804095181745331,0.1100931012091233,0.026687586010871213,33.17472118959108,49.48698884758364,9.256848950798133,0.028736857245862033,0.08256299398487858,0.019508382851583846,32.685657327856546,37.564883367077286,2.861624419242713,4.610119688615665,4.770001049944465,0.1001392772466239,5.421440189926807,8.218612469211017,1.8641343761253983,0.2859549575989371,0.7604689982883918,0.14014377224718516,0.22473848199501373,0.4117138001188555,0.0880794811944086,0.18315040365741647,0.3285976524518976,0.05966206363635842,0.25855504285523434,0.3507728291584677,0.04768757671050626,3.4420013427734375,10.90087890625,2.3934780771122512,0.6444947761959412,0.8043814409222406,0.09595664685595223,0.06619301242525312,0.14941131874774474,0.02540401462211545,5.23811995402016,27.683752433918283,7.09932540679326,1.8438661710037174,6.661710037174721,1.7513673593261512,0.0442423840481293,0.15088418276705776,0.03082388494865036,33.18959107806691,49.48698884758364,8.85586442013252,0.02546596931792753,0.07019454219103045,0.015261632216029846,32.38719388638995,39.50179899073558,2.860423887826562,4.595831205177464,4.743377237464509,0.10574602200491774,5.753537261692319,10.86662670878177,2.3297572145920062,0.3242598084407863,0.7370470013531527,0.15652739686913533,0.881869874937911,-0.0383048508418492,1.0317781577843208,0.023421996935239053,0.816822186440976,-0.027368837872360108,0.7296530256550303,-0.040791081557934455,0.9992483263629621,-0.0002636656890192546,Train209.csv,Normal
5.0055555555555555,0.24887781958001937,0.39051214898039743,0.05669253130179992,0.18224184996143594,0.26658015539793833,0.04372471601267439,0.21863200378816122,0.2995175489318678,0.029945098527510157,4.07562255859375,12.841796875,2.745335189945941,0.39627719465517536,0.6118489173185369,0.09244069709076466,0.23671812713926918,0.45402621538254395,0.07984335440113122,5.268975579150264,28.540219039622663,7.30303966282128,0.83125,6.0,1.1114285570831803,0.04039841773434224,0.13193301365396362,0.03156074537957892,13.068750000000001,46.2,8.878430234985236,0.06376561977868955,0.1301372110136279,0.02176447378450929,26.631777622077102,34.625164166019864,3.8741223365350437,5.45823560846712,5.624985057221858,0.11456430127742417,6.10567329060983,12.69549116480106,2.2344079620018547,0.3730294180470448,0.7559864716044761,0.21056028066059954,0.2449017041943968,0.40986013555273043,0.06175914720604417,0.1799070585930329,0.30593517042721075,0.06395972328727402,0.207899794463293,0.253875555796052,0.026421673868415384,4.460906982421875,13.19580078125,3.202944403738496,0.4187368443555297,0.6726920424227256,0.09642025592107761,0.21584990213070462,0.33689626503226733,0.06557999175502927,4.785279695990228,20.800819476242474,5.3444518423362455,1.14375,7.2,1.708240597076419,0.03944606332001617,0.09612704697516833,0.02628752524561845,17.075000000000003,56.800000000000004,14.187472466933636,0.06064771957008075,0.10180341368750788,0.015203574241907608,27.861582381846723,38.185556456348266,4.181858273768203,5.475044920308191,5.621803036167029,0.08478831091520944,6.223388174244008,12.218827928188492,1.9969367541244667,0.3736756126624073,0.8143744213397882,0.21195525593365855,0.9982707043442597,-0.000646194615362472,0.9283033097140293,-0.05838794973531214,1.3476736347652427,0.11712995035027662,1.3724858552615153,0.03580596667879529,1.179780963208214,0.04564199313581585,Train210.csv,Normal
2.1166666666666667,0.22863539027577529,0.45464889640679124,0.0838456387011088,0.18927772671026336,0.3071786474612138,0.06247357489380035,0.2466384386075729,0.3448978460102128,0.04306740733196778,3.533935546875,11.90185546875,2.743083845400429,0.6407294926131757,0.782454450694401,0.09317905174727224,0.06486109855259423,0.15415448021003156,0.029316080399867727,8.682079073933817,37.87679299725861,10.181421124417316,1.5055350553505533,13.697416974169741,2.4441306975896278,0.03471324213896701,0.09249372134680092,0.024024771014723445,30.095940959409596,49.594095940959406,7.429018510947572,0.02565153931084448,0.06249777999095711,0.012322962110032304,32.13021289370842,37.714234829691044,2.9751402844747368,4.619402544523632,4.737131966071127,0.08153671257121778,6.099838488682901,11.931282419190294,2.2903828163268125,0.2946755518229024,0.7265064566542583,0.15096951096839595,0.23200319695579819,0.3994073778256231,0.08477268671537196,0.17704116097703576,0.32001768295963023,0.06378757856888836,0.25994988497635824,0.38339205919547414,0.04987323971689656,3.2199859619140625,6.75048828125,1.7732439186900975,0.6366098245967551,0.7756714436985374,0.0937486723961778,0.06653420726712994,0.2003657357677057,0.037418610593783486,6.177455664534655,40.389791405795144,8.408453713801654,2.2287822878228782,14.169741697416974,3.2471989263614445,0.0346041276052647,0.08728263947086622,0.02013767718526638,29.66789667896679,48.64944649446495,6.879622303130294,0.025533016119605734,0.06805302494253507,0.015084334308405936,32.07150268670116,38.278224272499976,3.0257595561180475,4.615722191120311,4.760513115831061,0.08626480975502,5.826500377039853,13.905796808633935,2.2662273373725066,0.28996476445516606,0.46913970006999267,0.10564570425164344,1.0162460647946023,0.0047107873677363354,1.5485929990518283,0.2573667565842656,0.7693654748403954,-0.046211255557674136,1.059703520056478,0.005211081875934706,0.8995956928121178,-0.03849421318526136,Train211.csv,Normal
5.144444444444445,0.32363743539717954,0.5660263501950022,0.07995904901279931,0.1858539391561525,0.2643769441317405,0.04317777493314414,0.2402893206231488,0.3573245431458671,0.042497071409153916,7.39288330078125,15.83251953125,4.322936126701569,0.33758629420686165,0.4468497409660137,0.053951342357492466,0.21400795942387157,0.40393857613799977,0.07109655946744181,10.828414120347414,44.85272248187184,12.151180579072118,0.668693009118541,5.057750759878419,0.9416803852027364,0.059718153568516105,0.1419993325460187,0.0381171582389052,12.911854103343465,40.851063829787236,5.744729097110089,0.06493688099594386,0.11960986431317015,0.024032181063234667,24.94418557761646,30.025519343273725,2.2276895364481213,5.455643473310309,5.612578549657068,0.11841864653833216,7.739032237357856,15.835222397816064,3.413854004469346,0.5322680538545818,1.144838409088576,0.257098424964014,0.33540500531502393,0.715641013239542,0.10399379439391841,0.17910858589893489,0.2937601140120977,0.0504805937248943,0.24002763157135987,0.3515114320270607,0.041699850155517394,7.837677001953125,16.29638671875,3.477069166183347,0.33777127272279805,0.45923166401530974,0.058336109968527686,0.20496670892438731,0.3798381404693493,0.06986642582878926,10.37217288402006,55.39793178941797,11.917404682154489,0.911854103343465,5.446808510638298,1.1083852418900761,0.05715629486785911,0.12511836046594893,0.02862828094794641,12.194528875379941,18.869300911854104,3.2813010747276232,0.06693610061909874,0.13108108960313514,0.030336999726697695,24.9279140300442,32.45335446223449,2.3313893237572976,5.432999754255901,5.597860334495244,0.1288230093197042,7.836228595817644,14.183756465937781,2.646502166923256,0.5521312975253525,0.9849876208059977,0.19280866921840756,0.9640244182428672,-0.019863243670770747,1.162287102643471,0.15985078828257826,1.0634492222803675,0.0241004356686505,1.1349200139954194,0.016880972080069778,1.0165374709685726,0.005813111118806391,Train212.csv,Normal
3.816666666666667,0.2977821177862933,0.5856589181224396,0.08366263082160928,0.1621271109904025,0.27873832843943724,0.04602666693408978,0.23699590216210886,0.3396896475618347,0.050370198753170434,4.2057037353515625,17.98095703125,5.021641269570227,0.5069691564394136,0.7327162384802054,0.12397160289565948,0.13643541899728756,0.45505352514193015,0.0918789137002508,2.3290004079882616,17.603236228034575,4.0175338950699775,4.795081967213115,24.655737704918035,8.010537101174167,0.0660255937204747,0.3755662251965767,0.0957285524002045,21.909836065573774,45.114754098360656,11.998205433313544,0.02602966555698414,0.05934055624738547,0.010013173127300145,28.516717640402035,34.432386945671716,3.7402948283410944,5.120604185306258,5.315844858858189,0.16802840477733258,4.864604466451066,10.54570480471867,1.8184866928362808,0.4432671326777426,1.9689019575966038,0.4957236923423284,0.2885171462340834,0.5366848788770461,0.07330544208648641,0.14333800013747922,0.22767501996563536,0.02840509068941675,0.24472943694842114,0.3391456153413357,0.044710108957191054,2.7820587158203125,7.31201171875,1.9022425779717207,0.5370436352578366,0.6811950008025803,0.08239789972657004,0.10889790286681375,0.2631309241108959,0.05047339268068671,1.8156020771213341,14.423342954457073,3.309895676242232,5.032786885245902,24.655737704918035,6.5127786654114495,0.034493240967369096,0.07658679705297249,0.015900292471225055,21.75409836065574,45.114754098360656,12.35433808197339,0.030010343950938635,0.057253403361958326,0.011958862672757484,29.49637682752886,34.77282427751317,2.613239975693767,5.172454258361185,5.343248766087216,0.08214951173747445,5.147404317761897,12.652301167683406,2.113005581673785,0.2830957179419646,0.6029603743335958,0.11751453464529668,1.5657853616946202,0.160171414735778,3.265391953007331,1.365941583263008,1.7293806303844708,0.19192260103103426,4.9037984971876,0.2989794281436042,1.00160412281417,0.00054403222049898,Train213.csv,Side I
5.822222222222222,0.31327895210568735,0.4699080934240288,0.05743873417718711,0.16043683306650208,0.29482195500570063,0.04992595805721915,0.22015510541286695,0.3355586946025934,0.041675138821094256,3.5999298095703125,8.5693359375,1.6804336381441396,0.41120225870564026,0.5239846377903274,0.05736125361421696,0.19239674305097407,0.33905939500000126,0.05923871023845068,2.2780636383321857,12.318922031892416,2.713285708876821,2.926174496644295,25.428187919463085,6.66595506914948,0.0533570919376503,0.1486192704849416,0.028214710258358203,23.44697986577181,32.987919463087245,9.70224815217288,0.02910813689236784,0.06237063778845768,0.010023456556254093,27.098291119184324,33.03895575934901,2.509642589172728,5.51668342486596,5.710055016807177,0.09407043264699635,5.584283706931942,9.289736668240213,1.6039619266365395,0.3612431988217224,0.7027993083680961,0.13955698955304777,0.3230067837892247,0.5040639438336452,0.061244444465650805,0.15672469259316474,0.23864181201017678,0.03756549207020261,0.226184683903104,0.32119200364726785,0.03109833976247964,4.0584564208984375,13.37890625,2.7439239938675413,0.4075242136541884,0.5360458140339396,0.05523847168228344,0.18477940203940535,0.36133021161000495,0.06653595042290038,2.2041602404804586,8.388418019015875,2.4176096476035327,3.366442953020134,22.67919463087248,6.497680321185884,0.05332672842298766,0.14288622150983002,0.03283327457289547,21.78791946308725,32.64429530201342,9.119649195082918,0.030349588194822294,0.04651256635615553,0.00929886928040284,27.05427932073422,30.130887730794193,1.9870441666759089,5.514268847612447,5.673481193021541,0.09320881116945921,5.490626842495763,9.214609899094704,1.5100398135487387,0.397695875491987,1.094577142759421,0.24059926222273922,0.9083403177528317,-0.03645267667026458,0.6420738020842188,-0.39177783439132496,0.9383643635855015,-0.022270816610003685,1.0401231684511583,0.005733048975111593,1.044729288859799,0.014366690955325556,Train214.csv,Normal
1.9833333333333334,0.1855355421506953,0.372448730963591,0.06511691256240311,0.18750656250040232,0.34294803026703313,0.07778643599052344,0.253370399842438,0.4067210578632486,0.05595772673323033,1.9596099853515625,6.25,1.4404393353381577,0.6262685674265493,0.8190518360343909,0.11724710690713822,0.07882110388820074,0.25574948082606086,0.054933335081160675,7.520935274142525,48.28157646562788,11.604637298552126,2.803149606299212,30.236220472440944,5.678994321352417,0.02097488866709698,0.05849412938873996,0.012465603082964415,23.48031496062992,37.29133858267716,10.556292098582993,0.055856471338191924,0.2616834512551308,0.06878534793758577,31.69629193698231,39.221485014002965,3.711700244388224,4.564422527384561,4.715823250937138,0.07993338952932072,5.642465790794873,12.005998187399491,2.2175206367071087,0.18242301725156101,0.38744811433620496,0.07718991277666135,0.17327180713817425,0.29957647151542705,0.04651423097527229,0.1675545076518934,0.30765530543434455,0.059061143266862806,0.2488431590313335,0.36798367024188194,0.06469075495787355,1.8146514892578125,5.1513671875,1.3346639042329993,0.6288413399435244,0.7702509435766155,0.10958109519941697,0.08319420869362087,0.2720498173655804,0.059901930138235325,7.640202434694435,48.20915490499003,12.224983815973953,2.5511811023622046,22.173228346456693,4.531822709995852,0.017653639565124828,0.059645850347642,0.012424314391941646,26.409448818897637,54.92913385826772,14.96184827198189,0.05702425096204078,0.32293008278464785,0.06250634428525666,32.08557739437977,37.63239755980466,3.7923040249519393,4.595433524778834,4.699071880655326,0.07275432270365571,5.670374469582948,12.233785416306787,2.683676660455793,0.16722647306089314,0.38926848431862604,0.08223686797374742,1.0908740274290198,0.015196544190667877,0.9953236106926789,-0.0018203699824210773,0.9400832625529814,-0.016300336539519567,0.9806906610790196,-0.001151720958902036,1.1052693085283771,0.03873738762136664,Train215.csv,Normal
4.377777777777778,0.20017937868060814,0.33967339122141743,0.048089526112187767,0.1271250857086579,0.22446792630801563,0.037199644060139224,0.20179735176679547,0.38731089134406504,0.05234705108653155,2.2556304931640625,6.73828125,1.3461148886610745,0.4980724836472416,0.738019795910672,0.09874985768246897,0.20858904792005045,0.3662538220996806,0.07373796190236245,2.554721407676144,20.895810245289592,4.513154364406629,3.3357142857142854,33.371428571428574,7.955767385606341,0.03048103775520016,0.08213572839894277,0.01859347364400403,23.00714285714286,45.94285714285714,15.256780025113224,0.039540799006775124,0.09169257230094868,0.015949657701406963,29.967214011992873,39.610531407449294,3.5700522304522035,5.246738260092903,5.402844411948726,0.11159966926998162,4.916722175337263,9.664951619419922,1.605385026025841,0.24595123090092236,0.5593236143069528,0.10483380435529106,0.20299096498985475,0.3077889463778383,0.04403032695173939,0.13974992399410358,0.2618078473001013,0.05020807445247319,0.18657423086939257,0.29236570207827123,0.032499342261650715,3.50341796875,15.68603515625,3.7932171116611655,0.4615832325057405,0.7254446746747554,0.1384114688222776,0.24542396991675205,0.6113683866310313,0.13711728470113996,2.4619710237776857,15.548355099850038,3.6428091726752716,5.657142857142857,35.65714285714286,10.891824307006328,0.05728285952992693,0.32662440821553157,0.07509582799555643,26.028571428571425,63.77142857142857,18.653598438206973,0.033855208567413864,0.08479733398047243,0.015691354899623228,28.681187246342688,36.68811813765529,5.2290667937679105,5.139841820969236,5.438412426177431,0.2358255556728041,4.863158707168726,8.11955507150824,1.3445929554233744,0.38046621988854346,1.6588634932858166,0.38654124562247316,0.6464469574369207,-0.1345149889876211,0.3371727789740505,-1.099539878978864,0.5990722279882085,-0.24511456453135072,0.25146843310397965,-0.24448867981658878,1.3247480373591405,0.09494518926579382,Train216.csv,Side II
4.888888888888889,0.29037099089663443,0.5158308126034513,0.08515329289251942,0.18653096236606664,0.2990597859129629,0.04756927531316091,0.22207126046524966,0.31081055655449,0.033827108595079446,5.5988311767578125,14.55078125,3.526467728554866,0.35507054311039177,0.5141208466946326,0.06859500342315929,0.2430763948847382,0.3952837277493438,0.07713762691518662,4.113450587880566,13.366307877812957,3.258305991466644,0.536741214057508,2.862619808306709,0.6679685288369063,0.056332745800646566,0.2283044740128164,0.04806939931689089,11.079872204472842,20.856230031948883,3.2198133155596285,0.06252924934003945,0.13406805807605843,0.02378666743575304,25.11640101119588,31.114997107926335,2.828397331262941,5.405913111527193,5.560063528181466,0.104376345434789,5.7663944642884974,8.137666126998061,1.051695422698801,0.5268960409668292,1.5001524212008315,0.3476019262059465,0.2689516733634686,0.3771650301333006,0.05476827301326202,0.17989827739318148,0.2702294330927709,0.0371658573796883,0.22343091159422673,0.31090046746614197,0.03772859278105529,5.973052978515625,15.33203125,3.919348734113672,0.3509678067820059,0.5270275014391526,0.06739494856622932,0.27071678895619916,0.5332060511845386,0.09199621899845999,4.139360510033505,14.043123428458951,3.3289720671982783,0.5750798722044729,3.680511182108626,0.6828396169913122,0.06702179691268073,0.22418963940509135,0.05652446692316161,11.840255591054312,51.118210862619804,7.696365598248224,0.0614529670133855,0.147773649354342,0.02469268308168825,24.948633498066116,35.943926785090916,3.487001763418477,5.374380638120437,5.5108679897133195,0.15887199418247186,6.0349701537348786,9.488615532717889,1.6471525834599878,0.5593864404753401,1.4994338079625453,0.37085921548669554,0.9419177904583816,-0.03249039950851096,1.0004792557257218,0.0007186132382861476,0.741333910464578,-0.13792232343519478,1.0183542540158854,0.004114834607725049,0.9997108016205457,-8.991091165194698e-05,Train217.csv,Side II
0.6277777777777778,0.15880542306620976,0.37245664050198646,0.06029082821698267,0.17139360074684948,0.2920465494563696,0.057413616530674325,0.23644976137185397,0.3124590823550258,0.04726917305943628,1.4862060546875,3.02734375,0.7257667819286181,0.6323801775283446,0.8145752580895553,0.08753688610514702,0.07236985349064805,0.12337271966554217,0.026080544321322067,2.637748511267647,12.252115695641663,3.640490814191594,5.300000000000001,20.8,4.407947368106838,0.025069464117282107,0.0497158677466538,0.012460896748606475,40.95,62.400000000000006,15.045846602966549,0.049780890267064046,0.10336370151068922,0.02159951001541001,35.859055375042956,42.849640327859916,3.594367385607898,3.5232831498004895,3.624472690684387,0.06720656203462588,4.314981626478049,7.774066946533227,1.2920337453032023,0.19086779975340268,0.41569438584606233,0.08310886148486306,0.1648645207377649,0.3896228959466358,0.058344697324474275,0.163830891910188,0.2611476197512727,0.05498896789577198,0.23569010471974683,0.34975829896499105,0.05667166475354202,1.5438079833984375,3.18603515625,0.694004781805564,0.6172152709190383,0.7418933449471306,0.09669450181663328,0.07710086289285926,0.18451459010699992,0.03688091568158853,3.024549759392994,28.498394322220726,5.71346949498937,7.65,33.6,8.165629185800688,0.02630993994647012,0.07304465088051867,0.01703912004334038,43.05,64.0,12.870800285918511,0.05028120064846379,0.09825790530684324,0.018285614543816105,35.35866001539663,41.541499285349175,3.522223532916587,3.540606845332812,3.654376730854832,0.05442279738820129,4.62189461330824,9.420416170923188,1.4314503242517707,0.18399114037658304,0.339526850833824,0.07056359971066369,1.0373749427574064,0.006876659376819638,1.2243343452832922,0.07616753501223833,0.668633948813286,-0.061141870441457746,0.6806229678248796,-0.023328783133864876,0.8933571623212408,-0.03729921660996527,Train218.csv,Normal
0.0,0.19930324345385686,0.22503728835341777,0.016530710449734407,0.12317130007770832,0.20760219786686465,0.03759183798892311,0.19585292563260903,0.2146846562892411,0.012518746458345782,0.2956390380859375,0.62255859375,0.17178806292631538,0.4915891051573194,0.5932412958263745,0.09711746283286458,0.1281291572852526,0.18241900671292324,0.016459430135769157,10.140286937705767,32.385265736004115,7.791640619062806,2.0068,17.625600000000002,5.085416938659012,0.0012776548235715675,0.005321500899998698,0.00146596924895072,8.167124999999999,59.148,15.174452798515503,0.14184117115504252,0.3090369680167767,0.07790714879554836,25.95165378752926,30.36649654505428,4.175471092844755,8.181978661959896,8.380897270545756,0.23264161677124226,3.233296905011848,8.693124129890204,1.8858500680615122,0.07081706154742923,0.12938980957629287,0.029548579448490292,0.1965657532737988,0.2202940686465457,0.019408597906848603,0.12335954055340302,0.20161932194635307,0.03838723586523283,0.19334297821357999,0.21488304565186883,0.01437443872207738,0.324249267578125,0.5859375,0.17655249784630897,0.4898747092675788,0.5880428659027392,0.10122998577526326,0.12818323630338999,0.1727959155277769,0.017605678941485244,11.15224457823394,34.0489053660293,8.475146078670765,1.6032,17.6768,4.193762072411833,0.0015266901725616883,0.005879092909172805,0.001694978571453105,11.983125000000001,55.284,16.73660660750485,0.14418091445758713,0.2936015930044843,0.08183801273996441,25.806510709826995,30.09298422177278,4.428336514995695,8.15989829567085,8.378047712235759,0.2643036329449158,4.167830123597268,9.811819047316407,2.0384228068063868,0.053452596488149706,0.12696216257645218,0.025479496043264677,1.324857254376257,0.01736446505927952,1.019121019455366,0.002427646999840688,1.0556904953457014,0.009623091185146343,0.9051566418586838,-0.0005575920091741068,0.9990767519089157,-0.00019838936262772666,Train219.csv,Normal
5.294444444444444,0.32289878940967315,0.5507348154814147,0.08326952889805556,0.18185184639424,0.34132995255464,0.04748634522798019,0.21038827306264157,0.29057503772008175,0.03626268531920446,6.1443328857421875,15.12451171875,3.5697148422985006,0.3847607471544573,0.5055437835083596,0.058597787999088206,0.19682359200333727,0.3081863238070131,0.05775275417113333,5.9101785094886115,34.42451121207916,6.691886889105992,0.5731166912850812,2.646971935007386,0.5893926093792268,0.051569098303406266,0.12625577650970649,0.028248069857804186,14.912850812407681,63.527326440177255,9.685051251671995,0.036097430829445214,0.05990207937876974,0.009946987062818501,27.536263189823103,36.15803481520233,2.389470337200695,5.53171289672093,5.631913545820658,0.06336836790520921,6.27799007347695,12.106132951951615,1.876325317344901,0.520076499091023,0.9860416260641447,0.21827821460632915,0.31837316331323307,0.45866253160835296,0.06100336970281505,0.18460098723653917,0.3209812914099372,0.052034704974781125,0.21545959663549424,0.26824335055715914,0.02683957564250642,6.16455078125,12.2314453125,2.446501183973611,0.35164533957941535,0.4414491471525579,0.059473244765999064,0.2367730953813077,0.47765018871174514,0.09514046617734417,5.652254578597609,19.61264405130679,5.342665504206102,0.5199409158050222,2.079763663220089,0.46312361458825235,0.052037589613225264,0.10219482932027217,0.02324419791304585,11.923190546528804,20.041358936484492,3.131060981498103,0.03881294451128501,0.05869433523773306,0.01026140283318545,25.947531055764887,29.779229857864465,2.704939944758808,5.495783190809016,5.629675255457716,0.11928736203038401,6.168552063259497,9.251270790853743,1.5255602769210412,0.5372192679690286,0.8878672971400727,0.18291299950658538,0.9680898082622686,-0.017142768878005588,1.110573199542015,0.09817432892407196,0.6452134437400705,-0.16946386490473203,1.2354419114355277,0.024060947189434315,1.0832515923816437,0.02233168716292261,Train220.csv,Normal
3.7555555555555555,0.4497807405454771,0.6349733533082259,0.07055398802488955,0.2332332685573635,0.3294193352453232,0.05768870673476812,0.25483286366732477,0.37958091617894935,0.05226638908013973,4.863739013671875,13.04931640625,2.8698954019523626,0.3922935487571235,0.5538773090858734,0.06659980125477687,0.09967121675907448,0.21025327883427636,0.03592172819222108,8.624713321647732,33.87107641218217,8.237017791562742,0.8416666666666666,2.933333333333333,0.6899577281737387,0.04198208307597892,0.08583951093645478,0.018724479823253006,16.05,26.4,2.363084142951043,0.027057477689823,0.048616859733917044,0.009118377544122059,26.059577242842142,30.858670932962966,2.092267905370138,5.09671611794246,5.26661255159647,0.11182784425511573,6.441896285962626,11.243035248961815,2.0804545186012944,0.3839811063881996,0.7476936183507874,0.1567191992530619,0.43783002508090185,0.5972705464937011,0.06664731583376193,0.22716813097894598,0.3378809379798927,0.06156765315432309,0.2454035463818424,0.33685667579296885,0.04190782404549997,5.56488037109375,16.56494140625,3.580328131383805,0.3791165142650311,0.5406522367706008,0.07704842867766738,0.12076056744902787,0.34091874153838436,0.06471968096049574,8.93028840174341,32.25492969759197,9.318310357321526,0.8166666666666667,2.1333333333333333,0.5413460589637238,0.043206376478014355,0.08779447289566138,0.018190851703112708,15.391666666666666,21.866666666666667,2.406689173486634,0.02912416115249881,0.07970847314879569,0.014089253443825524,25.716608548479403,31.528834481629175,2.8755567211872872,5.097839520585868,5.276724087782803,0.11240352088458237,6.9452693191899035,12.573863715513282,2.3567417017366044,0.4106311544191157,0.8902969592777648,0.17111132086955427,0.9350997880233529,-0.026650048030916085,0.8398249704430235,-0.14260334092697735,0.6167254908568242,-0.130665462704108,0.9777325055614553,-0.001954961959206594,1.1268320990182974,0.042724240385980494,Train221.csv,Normal
4.488888888888889,0.42178064540096794,0.6988020790123889,0.08634059531931099,0.2012529017366,0.4072939789637982,0.06664124610902838,0.2560916498238501,0.34884334812997836,0.05491524890248214,7.93304443359375,19.091796875,5.852170926270365,0.3424378332322604,0.4806231347509711,0.06508099096898823,0.15415501799999898,0.3127709707967262,0.05215567580044522,8.41452050709611,27.314624032109855,7.679299624832019,0.6689895470383276,4.2369337979094075,0.9075300680752449,0.08722748591230492,0.2600388593878458,0.07488619672687477,19.477351916376307,60.65505226480836,13.740843877553061,0.045479553639950765,0.12321445360870634,0.022083976146917844,24.583098670750964,34.48216558184236,2.651226599035174,5.235304191717294,5.440602354461214,0.11349643252654368,6.836208033948047,11.948244961873023,2.24510217247535,0.6034370423123788,1.3316809285857931,0.38042496662178693,0.3988351351834969,0.5643022494135955,0.07793732916518967,0.18109151660822426,0.28129345845956655,0.058587006221161815,0.24696630629865715,0.3580382372154801,0.039636299185160505,6.552886962890625,20.98388671875,5.388747971295735,0.35161155356743645,0.5391562016117434,0.0713906258578343,0.15869718831799234,0.25880717918901014,0.04441457810129372,6.725116681214991,29.949017047503418,7.99972680493585,2.3066202090592336,42.146341463414636,7.2466597062275575,0.06905415208579055,0.2434955283259942,0.061279856743760526,17.853658536585368,54.857142857142854,12.735831764156933,0.05310861052712551,0.17275554827773437,0.03441056658311676,24.871100928470252,30.111406874037698,2.4748897277517603,5.265217789646014,5.486543536186193,0.09669661482881442,6.351410956745223,10.415533818008633,2.164067990452541,0.5234158771518268,1.2768799175890364,0.3435136807275792,1.1528825691018498,0.08002116516055202,1.0429179041810857,0.054801010996756716,1.2085096347338804,0.05396379160771608,1.0679410012481307,0.01654333106185163,0.9743186925191829,-0.009194889085501756,Train222.csv,Normal
1.4111111111111112,0.1957426232899808,0.2686326482147295,0.0439601363159355,0.13428702124723788,0.2733457279073317,0.05148034224410006,0.22022284321702373,0.3130919881707229,0.04463037557724318,0.45318603515625,0.79345703125,0.1752769335369834,0.5672816404701795,0.7572728135900157,0.07874522128863135,0.0916413669881156,0.15751518331711917,0.02942403334338417,1.7386985269307054,15.799883822021098,3.963078947670962,6.8,33.422222222222224,7.848315066478667,0.0059679485709034415,0.01586102847298317,0.003428698661681311,42.644444444444446,64.0,15.962904528551634,0.061974844656794065,0.12809249404791734,0.023093030747372036,33.24691667876027,40.227079985039545,2.9181813874751716,4.34580360747027,4.425050045677423,0.052846380715758715,3.1763971369855795,5.711804408623978,0.9145912280387896,0.09044583732542275,0.15072174281582157,0.029790701803408183,0.1893067803377227,0.27651097631530663,0.04579123420427383,0.1297491338476184,0.273440756272833,0.06528063488935942,0.21568714829557978,0.40656827611858565,0.06948397603425178,0.5268096923828125,0.9521484375,0.19857798579723118,0.5656792182983552,0.7910919364612641,0.08534159163371809,0.09030617202891977,0.17766114072487738,0.030718488411476237,2.5650283311417477,16.008415568168193,4.168504676203289,4.444444444444445,21.333333333333336,5.395196766397696,0.007025968536328214,0.02958140421787932,0.005201625111646336,41.400000000000006,64.0,16.87553565679335,0.06158456486603903,0.1034988758255615,0.020222051473301708,33.61589089225258,41.54814009984957,3.3797034076458328,4.3407056790615925,4.419035812098928,0.06403930149518425,3.9396517076176716,6.512417575586155,1.0461484287922462,0.07962070195044177,0.15810626797300312,0.029590577080351756,1.1359587892827179,0.010825135374980976,0.9532939066543752,-0.0073845251571815484,0.8866045877440333,-0.020145957407758208,0.5361823874207501,-0.013720375744896152,0.7700846470109667,-0.09347628794786272,Train223.csv,Normal
4.305555555555555,0.40796362271126674,0.5467194038408285,0.06559581434914075,0.21085683557170848,0.38089342136364507,0.06847352692365849,0.2126115417232197,0.31934554274206517,0.03776883330459899,6.2030792236328125,21.05712890625,4.7499805098048675,0.3808359165513037,0.5329881359453227,0.05897275760485176,0.1296176867433315,0.21414395211849607,0.04828017045899569,6.847984460462158,22.779414847678908,5.950659499825817,1.0453720508166968,3.716878402903811,1.0241853844529014,0.049841497627026554,0.15263417642605454,0.034718496021614205,15.411978221415607,24.62431941923775,3.277377471731999,0.031528154078898724,0.06973326822916616,0.013491541203719542,26.62395657995578,32.246109905287526,2.750823127503055,5.2517686570868936,5.468977799527218,0.10484659490780901,6.425514809286691,10.031031305134125,1.832967913835618,0.48006483237360054,1.28834251757803,0.2828249379897917,0.4219836206901568,0.6838873608930722,0.09787967838778565,0.2232773952211309,0.3607885090269537,0.07107697891439141,0.23554518481378128,0.34250995633150455,0.053066675097149865,8.149337768554688,20.10498046875,5.378889892915297,0.3653013465986281,0.5724547645497267,0.1003306591813144,0.1376490254493532,0.3510513879717661,0.06468981510628727,12.048989693805499,35.98117558269441,10.22167978047618,0.4936479128856624,1.6261343012704175,0.37073380282551593,0.06817155196588895,0.20476695990338142,0.05061700603343344,15.448275862068963,28.805807622504535,4.3649991838231115,0.03181929760131805,0.05576745770063407,0.01122229227386236,25.475706738327197,33.00595803207204,3.475588505241482,5.190209088586805,5.431099624871106,0.15156370761393123,7.631667927149816,12.562324516613069,2.5024821078753354,0.5745103473701245,1.3491117053925397,0.32552652715740715,0.835606936821131,-0.09444551499652398,0.9549561474216219,-0.06076918781450957,0.610007420126513,-0.13690743585327003,0.7454043159729974,-0.05213278347732689,0.9323686389443583,-0.02316441358943938,Train224.csv,Normal
1.5277777777777777,0.18999600767885122,0.29750799527374777,0.05098524363811922,0.18427102224997133,0.33050542292367757,0.06495295082541432,0.23090836365348394,0.36607525689230785,0.04710792374626999,2.4143218994140625,7.26318359375,1.8230638584745018,0.6153174608394634,0.7681955158816249,0.084438901728744,0.07594510851321898,0.14047075509735277,0.02721975351499581,9.63144309946443,43.955725194209435,11.884758577229475,3.8769230769230774,23.630769230769232,5.71623522676008,0.02409428760272706,0.11390174992619333,0.023010182408839897,40.59487179487179,63.67179487179487,12.145928395735991,0.035592835943271534,0.08699001101364216,0.017899677664612403,34.51574274183475,38.88142954881945,2.1787321941183087,4.364089523174894,4.512502178308892,0.07650284695578134,5.824071681688498,11.120586658243347,2.2742248480269645,0.2115669267434367,0.5095906450594931,0.10860208266458506,0.19091277038091065,0.4300539556850825,0.07140029880797552,0.19545301324066638,0.3938474032873504,0.07372582010756334,0.23314685300012705,0.34161943045061705,0.04853459916097131,2.6256561279296875,10.65673828125,2.1178503533516317,0.6126903522661502,0.8019424907117474,0.10799540858532924,0.07208306622182081,0.19059975819559966,0.03349143711646664,9.714169057682792,43.87098896969028,11.59148582281933,1.3333333333333333,4.5948717948717945,1.106742232633125,0.028420684652122562,0.1506113069490657,0.027747800602846377,39.07692307692308,63.67179487179487,13.267958071010625,0.03496065360469119,0.08644029004132633,0.01611736175627371,34.42021075868154,40.40061734817024,3.3689494115933054,4.328021662352192,4.456798054503256,0.09475609957046369,6.413652982936153,12.361077166797102,2.39011972597894,0.2122564889256908,0.5094503692145268,0.10404052895639085,0.9967512739775565,-0.0006895621822541054,1.000275345456923,0.00014027584496634216,0.7369933503074215,-0.05012900309824689,0.7562629358793768,-0.03670955702287236,1.0715879226712723,0.02445582644169081,Train225.csv,Normal
6.261111111111111,0.24187257954137123,0.38397527761201344,0.05462458904681861,0.17518865878192702,0.2508927592484707,0.03815425659338141,0.21384744365089395,0.28503719562020136,0.032422021237402,6.052398681640625,18.0419921875,4.247296406786018,0.38399038777634414,0.556162795709253,0.06446573932491946,0.2741867791830595,0.4044059610826879,0.06772421665664695,5.1339031900517735,15.765582249035006,4.765543572830358,0.6641697877652935,2.077403245942572,0.48124385607431425,0.0597120231936733,0.18232997662863773,0.04213746324606981,10.846441947565543,25.56803995006242,5.378849759184732,0.043809222274187584,0.08722242227002862,0.012314580909776983,25.74237430754583,30.790208760758144,2.398211959649409,5.629823767508374,5.772961397124193,0.0999432641096192,6.163449674917372,11.250756335420967,2.0712009992787777,0.511126447031173,1.2634687068763992,0.27855654373316874,0.2460850800653328,0.3407216361627639,0.039513882059996,0.16902964175970625,0.26836786361891635,0.046983773322035,0.21294166881678653,0.26895135402834613,0.02685067593353582,5.487060546875,11.328125,2.500579885940124,0.38609525034678666,0.5250465835641068,0.06532086335663796,0.2708010260868473,0.40552327428197094,0.07538217133589088,3.449993057582512,10.458178983303116,2.401082870094733,0.9687890137328341,16.779026217228466,2.868052098586695,0.05604060530860723,0.15688786935264576,0.035130986398949036,10.696629213483146,25.8876404494382,4.65172761082605,0.04375797030495619,0.07610540368134114,0.012820107023081301,25.443967087440466,31.030989940895402,2.545104154950121,5.6379096896580805,5.770830207498804,0.09628018302440346,6.0898917915230735,8.351566588928264,1.3469045086762572,0.5166758345472386,1.065007469650275,0.23769888917742948,0.9892594386377913,-0.005549387516065596,1.1863472714467882,0.1984612372261243,0.9972447593827847,-0.0011173131992830432,1.1621674525812882,0.02544210727599197,1.059809479636791,0.01608584159185522,Train226.csv,Normal
2.061111111111111,0.21163625217209137,0.407579993439096,0.07534402964765982,0.1585751348450083,0.2734045663491432,0.048433494965503636,0.23564058655976994,0.3744492906152498,0.047574233363747456,2.04315185546875,5.1025390625,1.0828140315888597,0.6439499017006621,0.7848096030685192,0.07849584578733938,0.06077732525471513,0.12433408127767577,0.024481948145730997,2.116322793761499,13.299564250543295,3.320478537137097,2.9393939393939394,19.87878787878788,3.8463367901677064,0.027661881831208414,0.06629520129706715,0.01518700915427046,34.27272727272727,51.3939393939394,10.698600613931653,0.027822717290053568,0.08487317597012917,0.01585129059458001,33.86084241958393,40.837605267658944,3.0718335359711633,4.626319854651374,4.734668588058046,0.06943968546248222,4.413634196693103,6.954421498076223,0.9814884816139429,0.24663902876043556,0.4298696651987378,0.10373766975684956,0.23902188062580432,0.4417928474068646,0.08045987266173053,0.1642345439549505,0.2942474838457169,0.05813003269168591,0.24720598469869787,0.3230160089857346,0.03831387420654278,2.570343017578125,10.58349609375,1.804631475666854,0.6229012767531499,0.7664199080756022,0.08632453018985724,0.057755334164275376,0.1112685973192437,0.02015865400605629,2.971376464829941,28.955944725901745,5.510568165725658,3.2727272727272725,10.666666666666668,2.9242031713490473,0.03275635993925878,0.07241915795212556,0.01675634912415324,32.22727272727273,63.515151515151516,10.625944564506755,0.02855230626939744,0.06067087510419641,0.014203199194843906,33.068893081626925,38.765212171339,2.966216018128897,4.62627338166417,4.736550491290791,0.06685242224217623,4.813101011964972,9.408685512524466,1.3912759310962868,0.27965583666545246,0.6007061721658983,0.12379658464579595,0.8819377089330981,-0.033016807905016904,0.7156072043228693,-0.17083650696716046,1.1174229131650022,0.013065483958432073,0.9154373270323838,-0.00612395665505841,1.1592282705485297,0.05143328162951516,Train227.csv,Normal
0.0,0.20075005015576766,0.22120067595177714,0.015133879675629597,0.12470926037466624,0.18965180364641526,0.03633898798709302,0.19641755131799493,0.2210985654663592,0.014973909249412635,0.324249267578125,0.59814453125,0.17122339960497843,0.4878656275432973,0.5953473928172417,0.09980709644862137,0.12987541065621275,0.17793669700218215,0.015196675683175693,15.33805359548779,71.61442062084156,16.246602365754566,0.74,9.92,2.0591184133021585,0.001415002839551613,0.004617751408309527,0.001471206808453864,9.289874999999999,48.720000000000006,14.622143139238345,0.14298599343233592,0.2697465366862806,0.07816827164408646,25.78986689101754,30.001661478884998,4.260039656973912,8.171009445714853,8.38073401579975,0.23452468463037632,3.24249346506417,6.855644406788996,1.5554775396153837,0.07020931103075298,0.1283724744152733,0.02981688543990106,0.19263453351127513,0.22740108383215146,0.023494621584811096,0.12787593228711816,0.18862797156269623,0.04099499055897059,0.19314039590935744,0.21494419714043417,0.010675103661291511,0.3387451171875,0.54931640625,0.1628335152826428,0.48113747820786834,0.5825504447315019,0.10413558051760151,0.13160175157574408,0.1652514412062847,0.016336382655933016,12.888007737917789,57.2786474212892,10.690450651479267,0.5844,14.425600000000001,2.5315592349380256,0.001739270072954147,0.0052843948812666556,0.001784654405226273,12.229125,57.564,19.71968788379712,0.15304942596794585,0.3099008387514346,0.0886900618615069,25.429536232532676,30.103675980606596,4.592675784873079,8.140443396173868,8.380068025779142,0.26134676299394516,4.127944884536009,7.608343069340714,1.7930622436722452,0.05384653443559961,0.12804256438935657,0.025117358246001767,1.303877964715543,0.016362776595153367,1.0025765574511376,0.0003299100259167298,1.0767633530245524,0.012685255795897438,0.8738466065117483,-0.0006666434729571289,1.0286323956597518,0.00615436832592503,Train228.csv,Normal
0.0,0.20058509478444458,0.22124956862736114,0.015069610367992769,0.12199758525132122,0.1991200576681606,0.03762862939151513,0.19841337105793766,0.22323327852726213,0.011802473280274105,0.28533935546875,0.5615234375,0.17138140417482772,0.4936772072706552,0.5946362447658512,0.10146380036610968,0.12936058677261697,0.17840017600735822,0.01611375819552406,10.722434827937551,25.726169764275838,8.512967439971566,1.4032000000000002,13.824,3.4527076910737757,0.0013424425941033968,0.0052538905168385995,0.0015343752918106964,8.859375,46.632,15.569243980019548,0.13812804275723664,0.2726479556492457,0.07819467064364903,26.060598651157633,30.357203234191218,4.337061309856545,8.17535536883065,8.382667508534261,0.24973689081388603,3.3029093455816048,8.668864520962956,2.107809063508365,0.07061026391443528,0.12621415082500403,0.028778520386404754,0.1962509522477992,0.23267740075732604,0.024845072528120217,0.12473956085276579,0.20415207750742406,0.041106203062923424,0.19548189627586637,0.21742560416423723,0.013804976870461123,0.3147125244140625,0.5615234375,0.17652076229453886,0.4905276284153229,0.5905607570654361,0.10031047685226906,0.13010175433972718,0.18285456598016672,0.019722314346500902,14.072792947327686,76.26952338727789,15.158435327762687,1.2776,12.288,3.0493723944444704,0.0014927963099565095,0.005719030259053084,0.0016447101803445392,8.880375,50.616,16.051675842707983,0.14357930131061036,0.2978874273740866,0.08451518829346955,25.861707592212692,30.085458518599562,4.415954492925176,8.163281387664249,8.378463881329846,0.2603714395855617,4.305976039622477,11.942129298766307,2.363798890437367,0.05242057639706552,0.12724376568014922,0.025556722934752606,1.3469951576380006,0.01818968751736976,0.9919083198964604,-0.001029614855145189,0.975639706208204,-0.0044543899728085035,0.9186679139971166,-0.00046513974221448415,1.0267110828949422,0.005807674363024901,Train229.csv,Normal
5.594444444444444,0.3683623249465994,0.5403902857764384,0.0986496060676663,0.18759866547295795,0.26881721497841876,0.04805223679182298,0.21982075927007752,0.29176682671161475,0.04310762874247114,3.894805908203125,11.0595703125,2.307227677547076,0.35386298797922994,0.44823346613338044,0.04869486970115078,0.20078047938299864,0.39673190901679184,0.08647695486341594,3.8732952478743297,14.516356124968784,4.384208801220442,0.7486033519553073,2.8603351955307263,0.6529385623994182,0.04658122052578258,0.12658249385424533,0.027836639428248305,16.072625698324025,34.68156424581006,7.100853146955303,0.027539061529882003,0.04902124983676895,0.008898900618963743,25.808632197415445,29.169575357245336,1.9988850978794686,5.449563695398173,5.691941648147772,0.11088333582285094,5.542146238486674,9.019179247666091,1.5529587541171936,0.37476821111607106,0.8922199056322003,0.18544246189287036,0.3410653883057316,0.5806595250229605,0.09646924182684141,0.17190922114991142,0.2735702446055151,0.04568192784999208,0.2175606424825377,0.27806839622455304,0.035558730130739666,3.49578857421875,8.6181640625,2.018367534426791,0.3816912616635756,0.49989648783189006,0.06399959927834853,0.19185707492893184,0.4341544376794488,0.07698442777262844,2.229878372167108,7.926075036863942,2.113989541721353,1.7039106145251397,23.24022346368715,3.9814141723948966,0.04522948369958529,0.13291719557954104,0.02995168330784169,17.262569832402235,33.96648044692738,7.667760069920835,0.029356606215947365,0.05092510923608226,0.009066244531927309,26.842052589964126,34.52877654711639,2.581802016393406,5.472855584847098,5.677506493746864,0.12894573110218185,5.561697313341828,10.477380775086859,1.469413155768266,0.3495356139152138,0.7876493528064488,0.1834823634120532,1.0721889133013751,0.025232597200857243,1.1327628231019256,0.10457055282575156,0.913803646056266,-0.03742252866265694,0.9523409845504464,-0.0063347017252957105,1.049262805927563,0.013698430487061708,Train230.csv,Normal
4.083333333333333,0.42153162333205546,0.592593642000353,0.07570292409706456,0.2212988753196307,0.3135245475069046,0.06117189415907995,0.25645713860802116,0.3368149572550259,0.03769103216614763,6.1542510986328125,19.5068359375,3.86793190767593,0.38598694648232224,0.5939065118991761,0.08606866992768894,0.12616222614411193,0.3177776803675571,0.061739257286347195,9.67497827000215,34.311635988224836,8.260842322463091,0.6973180076628351,2.4521072796934864,0.4382579070598867,0.05048005587149115,0.12007545730819741,0.027933250335225934,16.61302681992337,26.973180076628353,4.66424387718063,0.03202940492453232,0.08917390610835997,0.01541254111015691,25.45999503147869,33.760377193849756,2.914031741058107,5.181726301431924,5.40162274030938,0.11975527106884588,7.011904803388621,11.854951382677314,2.1922721244253554,0.45802897701809264,1.208774647062005,0.2086519720739242,0.4177746668392205,0.569184822113478,0.054240437816720034,0.22750640765667948,0.36328032268853677,0.05529604036852216,0.235086846513531,0.30962064129894995,0.03912494849667844,7.1208953857421875,19.5556640625,4.762435621072039,0.3740956070561144,0.5271928019519565,0.0772213174890775,0.1451928689940234,0.3210827339279784,0.06670615988036435,10.813672464336253,52.12780987125208,11.06377991821082,0.8352490421455938,4.413793103448276,0.8289686197700891,0.05910408596107236,0.16314080065649314,0.03557913015329163,15.601532567049805,26.973180076628353,4.102587815955668,0.03151501122826354,0.061368661582865316,0.01223013776746761,24.876790760042248,28.75674224725374,2.2166378990206987,5.166135867940241,5.380424745925746,0.08806204905480165,7.334492927662402,14.679338805660999,2.4837957117630394,0.5181590333010287,1.2891035998179121,0.2754706561834487,0.8839544361818402,-0.060130056282936106,0.9376861924014952,-0.08032895275590701,0.989706532924722,-0.0033050535604213227,0.7360234600356232,-0.04306534334829573,1.0878310785552174,0.027194315956075965,Train231.csv,Normal
1.9,0.22511671737324773,0.3321145460269826,0.037349787504248125,0.14227032963471856,0.2562804978802954,0.048142207435354176,0.22671764880896322,0.33130915055266963,0.04150726366781148,0.6282806396484375,0.96435546875,0.19131343827142938,0.5773946079239001,0.6835008786959115,0.046982304320893425,0.0907304600163638,0.15744119919267494,0.026901256771935934,1.8283254289245783,19.986947372911267,4.854734033834007,4.493827160493828,41.61316872427984,7.9602562365194895,0.009143464256064202,0.017061049641096754,0.0046206364203808725,32.06584362139918,58.46913580246914,14.68460381218709,0.0520539073194142,0.12236371856592201,0.02304926336834934,31.706321464410824,34.52155902479941,1.4922629111107906,4.620749994477734,4.690016396640967,0.05019990631469594,3.3892303992341892,6.590907347081673,0.7732178621337834,0.11014167637179856,0.1819086046405612,0.03115455582447336,0.21721460302607365,0.29716175780714926,0.04148512918718743,0.1425047064621306,0.29892545771014994,0.05325333734073797,0.22421199118518068,0.35978727306050534,0.05166514228444888,0.628662109375,1.06201171875,0.16709593288578883,0.5698190130438568,0.6678822888342699,0.052983161837580006,0.10047429262261537,0.1541008626568858,0.02968634152040804,1.7427914598859058,13.343849452350984,3.56570563685459,2.584362139917696,13.695473251028808,3.4575347032708406,0.007473852349456091,0.016084554555924013,0.003173970819724369,31.275720164609055,55.83539094650206,12.940742599044176,0.05614961456479273,0.10925342850934668,0.01951066142924177,31.63747512797201,34.9668095962283,1.954182228312944,4.6332149009845205,4.6963626484683,0.03166660731701463,3.7862089092310565,5.475147304812369,0.7279594856366969,0.09466525063599876,0.15915675085780268,0.029686447686064776,1.1634858035904116,0.015476425735799798,1.1429524824877424,0.022751853782758513,1.0216762934127779,0.0033403365357891346,1.060710044600088,0.0009764950851727412,0.9208473296277662,-0.028478122507835713,Train232.csv,Normal
4.7555555555555555,0.33988305432512045,0.6178486038645714,0.08610627763505072,0.15400748704616835,0.25609433924453023,0.04881204730381225,0.22133067931001552,0.30552160512724263,0.03524357366957157,3.4770965576171875,12.2314453125,3.427713819826611,0.3886912798482412,0.623589665591916,0.07902996940931824,0.1654271289038312,0.31921509504729373,0.05058460719027615,3.60438141024333,41.258241505340116,7.817088069593114,2.7434210526315788,40.0,7.27354032438231,0.03537173223596144,0.1641913253711624,0.03634913101138941,17.14473684210526,50.73684210526316,11.400531831400725,0.05414075714838479,0.15565111198978757,0.028200705610993616,26.743448379031264,36.402439449619315,3.055999706048892,5.362389372232994,5.559445768727385,0.1181058661955051,5.071431784152692,9.977198077155677,1.9417388225604468,0.33228652218895977,1.345192683707208,0.281060162811439,0.3475656562453098,0.5498750999582613,0.08676481476418221,0.14807151227209436,0.3000432621617021,0.05435517760105839,0.2225228413466971,0.34048214813766914,0.04516752267933023,3.4412384033203125,14.697265625,3.950077426899578,0.3946603940919261,0.5648640665999971,0.09444767599807796,0.15226937714403435,0.2710370466810081,0.04526117878060282,3.2499968119939204,28.39698454364841,6.088298501659489,1.9210526315789473,40.21052631578947,6.914345359117691,0.03534896272027764,0.17125472501846148,0.04165988916602401,21.88157894736842,60.63157894736842,15.230631176638122,0.05283385655870759,0.08928843444982332,0.017462361796920203,27.259994577356235,34.793135977638656,3.6490100955454254,5.3808574334139205,5.566779063400259,0.09648082963401672,4.8188662366430925,8.453101083706603,1.5135469256425946,0.3391766659302449,1.4961488877935247,0.3437984654172246,0.9796856758937895,-0.00689014374128516,0.8991034874824216,-0.15095620408631683,1.1777544722335813,0.04817804836628564,0.9587550030792281,-0.0070633996472990734,0.8973204789179984,-0.034960543010426504,Train233.csv,Normal
2.05,0.27002484992702536,0.5304865547981168,0.09507551208527956,0.18532583864427352,0.3320956660443452,0.05173036603226179,0.2335336316380897,0.34280540446082486,0.04977532173433717,2.9857635498046875,6.25,1.726304864041677,0.5580647133143682,0.7479478674837041,0.11313943994556716,0.08740217686412116,0.2048310368712201,0.04795345186379931,10.383873996394575,33.15907189024213,9.855376499472838,1.9847328244274811,15.14503816793893,2.6979306709063504,0.025028929977000784,0.059246083452086415,0.013227064801308565,27.114503816793892,53.74045801526717,12.392583747025633,0.0315683924538494,0.1470180853425837,0.02451216907358307,31.61752321268351,38.14339294332598,3.0300672542986584,4.63876296777187,4.748301949645837,0.07865098343298096,6.883040648161243,11.851731394773457,2.534841923339174,0.2302931533652493,0.4912486128265752,0.0903889892030591,0.2688882985726654,0.40728304756353756,0.07209067501901097,0.16894404821652417,0.3289083733164243,0.052445314750527994,0.23694646942008604,0.32694951194203903,0.0464322092847465,2.7530670166015625,8.5205078125,2.135986280108822,0.5599065301486019,0.7503305437337018,0.08591321846323233,0.0811238505169821,0.19976529103573065,0.03299410632513662,7.883327305456226,33.30623595471695,10.60443569467811,1.6946564885496183,8.305343511450381,1.7315292600654468,0.02268176546657652,0.07498778815561301,0.01386530916065665,28.076335877862594,55.20610687022901,13.262448757841346,0.03357007194943552,0.08990669282174926,0.016656883884547675,32.066315724554684,38.091917259441075,2.4383032845263615,4.663545367238088,4.747738584764254,0.06708223724228987,6.170093312905097,12.284013024754712,2.45223978220598,0.22248925253236773,0.5314128009198316,0.10741460950739219,1.0350754012114398,0.007803900832881572,0.9244199820776703,-0.04016418809325634,1.0253584833674878,0.005065745835489438,0.7900764126962091,-0.015741704703526593,1.0484964524831597,0.01585589251878583,Train234.csv,Normal
1.3222222222222222,0.1554404492626822,0.27550294436487965,0.055337153766294035,0.1370351780439274,0.26980342598024204,0.061255407759085584,0.23062584059569863,0.36771692839714926,0.06243321850152612,1.031494140625,3.11279296875,0.6576945210399013,0.6480100035940555,0.8061313200413565,0.09358854542388345,0.07502853595074951,0.15121053160470607,0.03216019742450618,9.231437114103299,77.72987079883633,15.107773468532809,7.384615384615384,45.44378698224852,11.870241339574894,0.009313370102648301,0.021765729288250015,0.004877912146789344,46.485207100591715,63.62130177514793,15.872324174369174,0.03669526029042113,0.06976361424133158,0.016849818621978856,37.03494382047927,44.06115815960032,3.7014270289547926,4.224964647864974,4.333266896963241,0.06797648093198864,5.099777876996778,10.07258271402003,1.95544693050402,0.11126045985487654,0.16845504096140831,0.032045668034310935,0.15838904162475637,0.2761734071115353,0.04974131532539641,0.15451585231383505,0.26505887966075076,0.05084404133505255,0.22125382556774476,0.33205999959245985,0.06089758892390568,0.9227752685546875,2.64892578125,0.5382340479638205,0.6337588756531893,0.7795842026799653,0.08903990496095678,0.07218107407398797,0.16599669196263533,0.035247184789192434,5.056396638089125,24.118737320405117,6.264618957739254,5.207100591715976,37.8698224852071,8.56216084691268,0.009761489967492968,0.02180295818835727,0.004538920226197918,47.31360946745562,63.62130177514793,17.435531514183943,0.04446572268322828,0.16506617869747933,0.03163632119667448,37.2767763906902,44.59011737472616,3.6952925211993333,4.216635237199547,4.3309745163668545,0.06517176764033714,5.034876882838045,10.499341552309785,1.6728280467293335,0.09807337270202157,0.15663052952071266,0.030702999737975793,1.1344614308152747,0.013187087152854965,1.075493011492622,0.011824511440695656,0.9109249642626464,-0.014786160357929262,0.9982924382059507,-3.722890010725635e-05,1.1073809785613156,0.0356569288046894,Train235.csv,Normal
1.7555555555555555,0.2214596131718123,0.36240306751839163,0.0658331006271548,0.18671478112737194,0.3871733976930292,0.07259134662750517,0.2424074278384919,0.3583970006373012,0.048856994528681766,3.23333740234375,11.9140625,2.8706559833585827,0.6025096940624854,0.7466565013284967,0.07512559398319685,0.07406606878600241,0.13358023351664924,0.02408706629648656,10.392257441930294,47.15136425892317,12.496120743601379,2.589285714285714,18.285714285714285,3.630888953388238,0.025236576257710662,0.14268298852570382,0.023522334207259413,35.49999999999999,62.857142857142854,14.432637333771096,0.03209218087689232,0.06438692768826478,0.01383141163106481,33.33769251749897,37.95125433180865,1.9533837752199386,4.504620980997331,4.61465164795568,0.06571609835556437,6.896562614436517,14.436712825614798,3.121060130528038,0.24511152946227593,0.8149487293387504,0.15573598766554397,0.2139703624146505,0.3504705120273978,0.055461265606267275,0.18141168020473117,0.4375958116522089,0.06274470296995326,0.2487339823026064,0.34786283670161255,0.05811200816258195,2.5875091552734375,5.38330078125,1.4213739640768668,0.5981619686015588,0.8097494878187936,0.07069413733221422,0.08177592133553734,0.16095763070400063,0.026799978045033014,8.32002313921328,42.53595879616005,9.824119076548158,2.4285714285714284,14.285714285714285,3.063944369932459,0.022052618601939467,0.0397952018318582,0.009271986123584802,34.535714285714285,58.857142857142854,13.337026486822467,0.037842512395983005,0.07340012527704218,0.014246440308207686,33.18562163026734,36.914538103144636,2.2396284778906175,4.516992907973739,4.586395421451571,0.04768991938934815,6.779671967308075,12.233363264537994,2.490231609402468,0.20676315289714875,0.3600371314807456,0.07108023695367423,1.1854700648656338,0.038348376565127185,2.2635129985719815,0.4549115978580048,0.8299092879441832,-0.027377397187351382,3.5854318704836055,0.10288778669384563,1.0302825188378544,0.010534163935688623,Train236.csv,Normal
5.533333333333333,0.29105603955823267,0.4462563090491157,0.06004585028070996,0.1512446859898254,0.24444864311834152,0.039421289724906994,0.20781553798477895,0.29931261389255986,0.039488003607711535,4.47235107421875,14.2822265625,4.08090515437848,0.3963976094084508,0.5207844200537308,0.06448059566720028,0.21420109816340488,0.40291801142162326,0.07644503223540257,5.262438055431601,23.440772849744608,7.579808959769985,2.468926553672316,35.25423728813559,7.172157838760519,0.04061499339508834,0.1252823470985588,0.02705120095586136,18.519774011299432,39.41242937853107,10.28791686212815,0.03469827225041168,0.06298768762150611,0.008969371620241615,27.654525804280716,32.89771823172,2.7802950658241765,5.5020359439939615,5.699930281216767,0.09994628831981354,6.066728645180509,11.168255959148016,2.2103828832691392,0.3722568479444721,1.1127252227528948,0.2356195389087579,0.3066362262707546,0.49354613245070844,0.058192343186062354,0.16533227444284843,0.28126737811646246,0.04191738482761465,0.1976862752710485,0.29114342073639554,0.03972037734731837,5.611419677734375,21.59423828125,5.024890856182507,0.3714019927160461,0.5178718335697864,0.06059186469987606,0.22421694063171999,0.43189363151152516,0.07136539019307239,6.018282059337257,34.49992958139206,8.522229625668595,0.46892655367231634,1.6271186440677967,0.3723245286010261,0.05926515357998637,0.20645937163529962,0.05267171141892136,18.93220338983051,40.85875706214689,11.702395326150024,0.031375817603785244,0.057917740760730786,0.010078073198182633,27.100316738483237,32.32791473741225,2.682013334768885,5.468741687031649,5.634409099966896,0.11488265818515773,6.4613400372279415,11.17869445245238,2.081334823855516,0.45410658790082176,1.1748420791827179,0.300452024041261,0.819756544042954,-0.08184973995634964,0.947127483363413,-0.06211685642982312,0.9329102841331455,-0.0289756200899019,0.6068135609414251,-0.08117702453674083,1.0280589961725488,0.008169193156164323,Train237.csv,Normal
3.35,0.365501234865224,0.6133771275500118,0.09197183939940243,0.1539064749117512,0.3433495177920647,0.06873502087189808,0.22754014015184454,0.36103682672368553,0.05450695066583377,1.4614105224609375,2.67333984375,0.5515940125567127,0.41068951373672224,0.6321958218033435,0.0797947373675563,0.10573294519432344,0.17373374614512987,0.03307122579738442,1.8797818223529872,15.281519945604078,3.193931150934243,3.878787878787879,45.35198135198135,10.11128519289582,0.018881045105690077,0.05893017683941005,0.010509842208948296,30.713286713286713,63.85081585081585,17.948957707356364,0.0344793758708695,0.08011511156674084,0.016178549603618433,28.801341903698074,35.76133431536117,2.6173985539628304,5.022249262557683,5.167596386661373,0.10994614027064932,4.656191892046742,7.230196575453548,1.2239296901745427,0.1733796274781217,0.2916786015430188,0.046052694093045146,0.36646796369461543,0.540819793667647,0.08858959423940743,0.1392369709410516,0.33326234995689397,0.0650173856190313,0.22560131871387717,0.3626896285631624,0.05827698889117085,1.2195587158203125,2.64892578125,0.42879488059104703,0.4099693238663779,0.5903762264293027,0.07696245319006252,0.10469752278244701,0.23234889113868942,0.045866717094341196,1.1172743294699954,14.595278514674071,2.8657021814701045,8.42890442890443,47.73892773892774,14.645332778467884,0.017498599218327048,0.03594695850058263,0.006696605682217355,26.386946386946384,62.955710955710956,16.417194973046765,0.03676143081013482,0.08704176438937233,0.019601905064464437,28.79328414856902,35.91390563865182,2.6989831698987055,5.022177677166696,5.211463564369833,0.10865216050519913,4.162083301447037,8.524107555933872,1.1582873266655795,0.16021900274450368,0.23770017595417026,0.036609158625232854,1.0821414652821388,0.01316062473361801,1.2270861775557527,0.05397842558884852,0.7477278869116705,-0.05861514499355955,1.6393647100655315,0.022983218338827417,0.9954429277686611,-0.0016528018394768584,Train238.csv,Normal
0.0,0.1975732853903832,0.22765562635365497,0.018122720854785123,0.12768601649956476,0.2095809787029256,0.03753967257283068,0.19447019995880827,0.2205828922998048,0.011572373280430343,0.34332275390625,0.5615234375,0.15569199822342947,0.4722215092595499,0.5850103972004449,0.09910273883730215,0.13304835613243826,0.16409436796318932,0.01648450118400486,12.634941961201825,36.12213144381717,7.855241697930879,0.12319999999999999,2.3808000000000002,0.4586254245023928,0.0017027295437347515,0.005487302921525005,0.0016828105140432605,9.4635,58.98,17.538489237958895,0.15497163657010946,0.2898295997010956,0.07959119752876985,25.116886047976678,30.050148686511058,4.294846560240426,8.13441438459332,8.380076588536632,0.24949539557868294,3.706925746507938,9.013347465045022,2.0171718796705167,0.07178728200957409,0.1270798270987348,0.028499839998239906,0.19160224298294531,0.23152655154403098,0.021542547410636874,0.13693271121738182,0.23279179019454316,0.044628380898589,0.1913350010250586,0.21393103404106123,0.014870415654131778,0.3620147705078125,0.57373046875,0.16196209108341045,0.4687647227696282,0.5868754468529873,0.10407886155618674,0.13269861461520432,0.17558878678551393,0.017572502986183364,13.906920914800875,82.65020642639065,13.57227463559088,0.12560000000000002,2.688,0.4929292038416876,0.0018459887976475155,0.006595399965612816,0.0017911269989360039,10.976624999999999,53.556,17.51336155937446,0.16296584776782547,0.3192846118033303,0.08703206398007393,24.849781501971478,29.99116415890652,4.535424842413364,8.108890277463443,8.380685983645002,0.26339733593521497,4.444877804522169,8.139228939174314,1.9224260700875158,0.05498490520898375,0.13630373498860726,0.024279329606798662,1.305581603371819,0.016802376800590338,0.9323282753552447,-0.009223907889872457,0.9345378485307084,-0.011494418822324604,0.831989283158791,-0.0011080970440878113,1.031093465506147,0.006651858258743565,Train239.csv,Normal
4.883333333333334,0.3103212945120873,0.46703340107447167,0.0666572713753191,0.15318238433665493,0.2423261078075151,0.047970150184285666,0.20833737847644945,0.26237161913076323,0.031153418471668574,3.0120849609375,11.03515625,2.923728923350607,0.386594266242694,0.5429433505230378,0.06115263224918119,0.18471248013521552,0.3115724880220518,0.04757754596665048,3.5006042859895627,26.288372709833705,6.176030242846645,4.614400000000001,47.7184,10.356455795299858,0.028561073431576527,0.052284579905453245,0.012703917955352211,22.5024,60.211200000000005,17.699266823233103,0.05942544845576162,0.12724121777685804,0.023709883592358396,26.73494197010274,31.70029674883165,2.620909184940698,5.371718474133399,5.580705615466744,0.11567393566997912,5.078290325756628,10.212975548684584,2.1115301479223434,0.27597432020454293,0.6968680458406118,0.16027744046763184,0.33324411052823927,0.5075141728208533,0.06983984623266914,0.1543527614796868,0.2857639427239354,0.05624494767873122,0.20811292170636103,0.29350691502949156,0.04614587064338361,3.3145904541015625,18.1640625,3.868749120652046,0.37774019493177363,0.5181941028401135,0.0732055305438306,0.17746576293604296,0.3131967716933038,0.05448249089050313,3.0821091229081894,29.95035857547837,7.31011717628129,2.8608000000000002,27.648,6.949347986681916,0.046291664467857714,0.3398522135688512,0.06414273806450718,24.512,60.006400000000006,16.562027779230416,0.055875952868969736,0.14999975536443513,0.02968028696273607,26.65791412625744,33.9307620903637,3.619679112685781,5.314808540677945,5.476044767074052,0.11586080227808415,4.81150256372525,12.460721015620246,2.0830538722324445,0.38515751692071243,2.446072871540337,0.49483142123198326,0.7165232596118097,-0.1091831967161695,0.284892594028439,-1.749204825699725,0.9948138524631522,-0.0016242836712520026,0.15384504694719542,-0.28756763366339794,0.8939197163735663,-0.03113529589872832,Train240.csv,Side II
5.3,0.3264162056749309,0.5935239833378311,0.10317594267901978,0.18485073365778937,0.2775078507559055,0.05278351331799943,0.20678317994698198,0.26202741073479935,0.029099726068735655,6.7691802978515625,16.5283203125,3.6502888763485113,0.3776572937390754,0.5224832020698069,0.0643326424959564,0.196518368732466,0.36809446912111177,0.07990965081237955,6.516849407248934,29.955483493136633,5.5461060678538265,0.7846607669616519,9.817109144542773,1.6553588257128062,0.06411294158216135,0.17900975081736997,0.044347080261632976,15.008849557522124,64.0,9.8392081651037,0.038224735951858796,0.08438981931101251,0.014900164451239241,27.43906127443332,33.43918132878596,2.929994646571258,5.5101112978909965,5.652047356815663,0.11167475348940584,6.728264420548095,12.016737720258744,2.007100340312911,0.5587149347190113,1.1739573352045636,0.2529511526630616,0.31717246647802105,0.43766114718056504,0.05551531740525612,0.17741856840798717,0.29850810906875835,0.04688979868961967,0.2156737594875286,0.2857784049732065,0.027634116662375377,6.73828125,13.18359375,2.429962038432407,0.3726862156251953,0.5666189223496125,0.06578651004869372,0.21704132586565583,0.4898730016728584,0.08914528401441942,7.039540927507342,33.22636412575948,7.572680313464026,0.56047197640118,2.0766961651917404,0.5712364817415069,0.05469453719199462,0.12000476709908685,0.026632607054542443,12.625368731563421,19.82300884955752,3.1292248961483753,0.037869796231715484,0.06650169572350474,0.01235070392720695,26.61584403473955,33.26731736834322,2.675952536067407,5.510427657636789,5.626728642447015,0.10853533985403607,6.547915270926627,10.8869300950559,1.5724878199742771,0.5661298119225681,0.855366269596806,0.16985878346857106,0.9869025124020966,-0.007414877203556713,1.372461570626897,0.31859106560775763,0.7514079508621718,-0.12177853255174664,1.4916886524839017,0.059004983718283124,0.9168901682493323,-0.023750994238407153,Train241.csv,Normal
5.311111111111111,0.3667340710251875,0.5797005309073415,0.11078046926119342,0.16447142066299164,0.32048346785591103,0.0597081311061315,0.20420027747186115,0.2966832533373964,0.04913193276832339,3.5381317138671875,13.36669921875,3.078829070862059,0.3860160075966731,0.5185349714694691,0.06790355817068355,0.15769682821347725,0.315574833216324,0.06335779197162171,1.6990892300714915,8.415505307819018,2.055590752134915,1.647058823529412,23.52941176470588,4.017677202539574,0.043616705181867894,0.16392172893279908,0.03629873669082131,18.623529411764707,54.21176470588235,9.880216855975746,0.03524548116185826,0.06757422818532345,0.014315853479617096,27.62714479124452,32.54797143424139,2.543615158410809,5.4367604843673245,5.616823601988758,0.12434902174625302,4.731339704619909,7.337553395454677,1.1096320309521508,0.38454669732554714,1.0705943745799706,0.2745160326297275,0.3352049839009905,0.5492341194892978,0.06879217156380256,0.15737607648673713,0.3358820481720649,0.05499382454113317,0.19760498126775977,0.2574463061015403,0.02662417522014818,3.19366455078125,11.279296875,2.1400216385199156,0.39323237431386143,0.5107447811099332,0.05835691227226356,0.17490130229334375,0.33636970060939997,0.0635931303696003,2.4577605893111976,13.446097477503564,3.394799836255279,0.9588235294117646,3.9529411764705884,0.9486285857866745,0.03517536035800764,0.07901901798347225,0.017603220618774614,20.599999999999998,63.62352941176471,12.095942869823526,0.03578279827609819,0.08112684023179037,0.015498512818918163,27.8590193612553,36.552947737809795,2.773832847959554,5.4613800537278125,5.630856686093446,0.0902917867304388,5.516037104575992,9.448226461455695,1.6824632278457874,0.30677337337405386,0.7115153175831004,0.12651871124473707,1.2535204468451129,0.07777332395149328,1.5046680607129221,0.35907905699687026,0.9381785330439082,-0.020794867393075955,2.07445917503842,0.08490271094932683,1.152408269815968,0.039236947235856134,Train242.csv,Normal
4.277777777777778,0.4073957970646268,0.5867139250739272,0.08579640325906362,0.19905362701026158,0.3189032796038518,0.06523269068846943,0.22314697010886667,0.3010362993544077,0.0348862766192937,4.9892425537109375,11.767578125,2.9790349951123685,0.3784135441878326,0.5287283148349327,0.07390957049011389,0.14317324948045906,0.2257658410020975,0.04116838045996561,9.97603701350891,33.879337400135995,10.514578774426328,1.352833638025594,17.550274223034734,3.1971348328732296,0.04060872495835022,0.09748631204579186,0.02268322606450589,15.107861060329068,34.63254113345521,5.256279458175166,0.035429042041631664,0.06336157421399782,0.011118080968007562,25.744973247041685,32.813286142783795,2.962282853460559,5.22830235055426,5.423419476743825,0.11435352165185558,6.624446444422485,12.832809300412421,2.753402768052684,0.38631701461015233,0.7929818288541953,0.14878914076310557,0.43915115211789185,0.5888166074875691,0.09155317800902729,0.22693093855155103,0.360347473660838,0.06638070483641074,0.22306561424901014,0.30963780779800837,0.03843558675961071,6.1687469482421875,15.90576171875,3.6545607133839475,0.35121259598984567,0.564025645919955,0.08262074947109392,0.14072154533726777,0.2809527954191827,0.05033624281528928,11.34890470980347,42.48336646672666,10.675844749423076,1.5722120658135283,25.740402193784277,4.38570953913422,0.051550653986463496,0.14874099609349758,0.03308740547632404,17.521023765996343,59.43692870201097,9.974491628188957,0.036346485310935026,0.08350220691736171,0.017278263266742363,25.022041145056967,35.69004457932007,3.0801600900182637,5.18886574886544,5.366351638994206,0.10654146259375223,7.419269712569113,13.179082244497335,2.388629893665294,0.44140294528518453,0.9486470247130436,0.18837561045678536,0.8752026189706447,-0.0550859306750322,0.8359082012175776,-0.1556651958588483,0.8035721440738177,-0.05518695441708521,0.6554098328688265,-0.05125468404770572,0.972220739201743,-0.008601508443600692,Train243.csv,Normal
0.0,0.20101101461716397,0.22191381821936446,0.01626816333814206,0.1243135890976208,0.19826303441185944,0.038435400104961215,0.196079144801137,0.21541562396431516,0.012889718986816769,0.319671630859375,0.6103515625,0.16409939112744273,0.4913547818012037,0.589790904847949,0.09858935733656587,0.1288525982431472,0.18216664433596239,0.01581300098127218,12.900018591425711,46.587728740657255,11.087281706941644,0.1392,3.7376,0.6503384964770269,0.001307223427226898,0.004223986031291017,0.0014363217542717535,10.241249999999999,50.28,15.666207085236042,0.14021635867176557,0.27742396835645944,0.0787788415338495,25.94079478859738,29.970165695039054,4.227120294979875,8.17861714153274,8.379032260546142,0.24239598160487863,3.4345377497927654,10.470428929627372,2.0481087707865684,0.07039987990933116,0.12862550623787627,0.029898652030069913,0.19605667094112728,0.22726484861739918,0.022984662943511414,0.12833982615597414,0.1967480681258332,0.04310034137456146,0.19250453068943404,0.21246988459555427,0.01351996207410518,0.3414154052734375,0.57373046875,0.17061166885783194,0.4803492240693039,0.5862200680150691,0.10645819937879338,0.13028460524822705,0.17095539953495545,0.018108171181427993,14.2273694438258,61.37133654934378,13.753235991067745,0.3088,8.8064,1.532531918101545,0.0016705691108329624,0.004883416164010291,0.001659826089552822,8.7675,55.236,15.848117451293703,0.15123589844567237,0.28658078779762974,0.08949330754624046,25.42477841366466,30.14911516228698,4.696212130844952,8.141678351507474,8.380474308114724,0.26661080839232976,4.429265905391992,9.631148774290748,2.1289834550065514,0.053361821988485235,0.12726993644815876,0.025453513221362162,1.319293006997203,0.01703805792084593,1.0106511311068231,0.0013555697897175145,1.065579933514382,0.011211244801006937,0.8649652260758847,-0.0006594301327192739,1.013864262977805,0.0029457393687608857,Train244.csv,Normal
0.0,0.1968250072193733,0.22187769174845845,0.019282803029260432,0.12771065466195455,0.1897488950992943,0.03744365541361826,0.1952691140026792,0.21490563062605542,0.0125002396471958,0.313568115234375,0.54931640625,0.1704738656341988,0.47949397391374987,0.6029451458410726,0.10426258653377159,0.1294558430337339,0.1594490996111808,0.014908301553020696,11.58662311997615,37.21377648379213,8.862988311492565,0.7644000000000001,10.6624,2.113391624853283,0.001653643577583258,0.0055119236755688415,0.001705353618217218,7.029375,59.58,14.79335582649775,0.15248525078933511,0.30166983333749375,0.08527319988831399,25.39951522242931,30.391352148194482,4.570115803720431,8.134211840507362,8.380424698480262,0.2599734503396845,3.42558810734711,8.072577321565335,1.9299613979150267,0.0711803216142724,0.12672785800323155,0.0286044740885945,0.19422198685675068,0.22305802761202195,0.023161229137495104,0.12956524901973288,0.20013853935284745,0.03965135933084688,0.19458802717658974,0.21442079250734278,0.015267403668744526,0.336456298828125,0.57373046875,0.1668989997877154,0.4844856445873256,0.5890759235733897,0.0993124352784618,0.12920898251246166,0.16768893840501078,0.016679858794420264,13.115029852448076,56.681712463660524,11.742644443424938,0.30760000000000004,5.248,1.105902057146111,0.0017549201682486198,0.005928961532204603,0.0018265506010722366,12.990749999999998,53.736,19.482567270190547,0.150755589317533,0.28818708340088856,0.08490310731982643,25.52451498050659,30.291651862981706,4.458524120778747,8.135013019201129,8.382330128348238,0.26794600313449474,4.282726927518489,10.17255820901844,2.137086086405572,0.053640570728613925,0.13508314239202926,0.025598528057897262,1.3269866319545978,0.017539750885658477,0.938147090902752,-0.008355284388797707,0.9508623536944872,-0.008239838793829973,0.929660736702161,-0.00041703785663576177,1.0022611478615577,0.00048483811871263827,Train245.csv,Normal
5.305555555555555,0.3022138920477254,0.43242799108207886,0.05405224244501351,0.1625452817855061,0.2489048457801551,0.03834571710465289,0.2139901361278628,0.26793566247220657,0.029314505611175955,5.9967041015625,12.6220703125,3.0609191711912964,0.39545977868920074,0.5610233236376515,0.0627847893754325,0.2019458867566029,0.4318789506206641,0.05903799970960323,5.72117821258757,25.55519713705778,5.659085431916621,0.653902798232695,6.03240058910162,1.0292770288122628,0.043247018232406315,0.14209394488620405,0.025845531339922827,15.416789396170842,62.963181148748156,11.428424152217469,0.03964693883499165,0.07801072557803679,0.014674879986873467,27.762136818688354,32.01540569983846,2.4173544851202537,5.547065119306439,5.645925607499253,0.07801183915427827,6.68905613986532,10.913531642223976,1.6004922333849751,0.49502803661849387,1.0691766001816465,0.22441299536454107,0.32607842726054037,0.6076932635755793,0.09747740727876544,0.1816483769225151,0.3919966228158157,0.06369792713958718,0.19861222866576933,0.25949008252027383,0.026328307483100107,6.6608428955078125,10.8642578125,2.02072601415779,0.37813537426665716,0.5073470766894622,0.06209682472850571,0.19651216722853965,0.3456918234601895,0.06261970857603003,5.491265881714625,19.675596992252142,3.7864227875674725,0.34167893961708395,0.9425625920471281,0.23297460893414065,0.05418260406886275,0.11941193571282098,0.022951431548669163,13.419734904270989,40.90721649484536,6.046272250435984,0.03664354095765539,0.08039095915354062,0.015829915905713164,27.24002896386702,32.818005151379005,2.3027480454572693,5.515961553595382,5.634406381062271,0.0853571246113115,6.596309533570188,10.48947119392966,1.4036383968094066,0.5657045029107792,0.8834473681767406,0.17046341847317553,0.8750646904811772,-0.07067646629228536,1.210232366392105,0.18572923200490588,1.2493178029161058,0.08618712716047461,1.189947578087876,0.022682009173383075,1.0325468273675777,0.008445579951932736,Train246.csv,Normal
2.8555555555555556,0.2954902551482692,0.5654209347513505,0.09495805739997312,0.13068340075119805,0.3565405215850215,0.06786907865402521,0.22051736547765668,0.3462656838212639,0.047450024551838235,1.0471343994140625,2.47802734375,0.36538009968461616,0.4980926353187892,0.6505328987203971,0.0785727531855139,0.09505122214808996,0.15405155988340535,0.03288498360448142,1.0694772652223088,15.788114333574509,3.358557033762853,7.013698630136986,44.88767123287671,9.450210659886475,0.014888255001629184,0.030011487433514585,0.005023814236795579,33.93972602739726,62.07123287671233,17.214115274500912,0.05157104805867198,0.1335172153060937,0.02642625819209932,29.934499318052836,35.0551857733825,2.618526820304868,4.94312265667794,5.033734457436941,0.08512414452973435,3.7264550951003454,5.63999757124014,0.6601493691173023,0.15599681793361048,0.2294230255449358,0.039744321284592425,0.30258039261028663,0.5214192851837126,0.07190457682470872,0.14981435493306988,0.38626726984304716,0.068749307244313,0.22610719743270724,0.340606814233152,0.05901551116229454,1.15814208984375,2.9052734375,0.44115320480640285,0.49423358022587094,0.6628531417562685,0.08117726610706491,0.08735554768365966,0.15989407055080412,0.03433183788881233,1.2406124356972752,21.510220478962182,4.010629571048871,6.312328767123288,50.84931506849315,11.959011752406697,0.015614630517590907,0.037724964341655856,0.006715646637220386,32.986301369863014,63.824657534246576,16.622876707248803,0.04664518005309676,0.11048385247277065,0.024230286542117,30.07154512819825,35.834894033908526,2.2412935802565777,4.922792577272288,5.011566374779452,0.09510101971910273,4.129366315010898,7.882243189021828,1.1022020022143113,0.15166809760132136,0.24418868545506145,0.03610885794946471,1.0285407371240785,0.004328720332289121,0.9395317566735714,-0.014765659910125656,0.9634601107424899,-0.00584251066739877,0.7955338636289201,-0.007713476908141271,1.0166140791523455,0.005658869588111903,Train247.csv,Normal
5.644444444444445,0.2905049024186512,0.4438977192886265,0.060880838528470385,0.15028150769211243,0.22940474865793917,0.03727369914598308,0.21652100736022462,0.28751215722727846,0.0369837226187731,4.1599273681640625,15.22216796875,2.817507587980439,0.4365218928412641,0.5904542173757666,0.07329765116466506,0.1892232121697879,0.32569930336608754,0.05304576504781819,2.4536232725382683,14.392823419465397,3.10369961753881,3.6731301939058167,38.825484764542935,8.217183405195298,0.05261790178205373,0.2065495622551971,0.041435388545041967,23.213296398891963,49.46260387811634,13.928110062244674,0.02939963514324834,0.061408875996177385,0.008584292249665467,28.017191454155455,33.35372996658549,2.492028337297244,5.526438088982999,5.705993983116564,0.08570684867101556,5.27371524553977,9.376845905617435,1.4673322932975439,0.4349748299868631,1.616283975201321,0.31321220135958977,0.2841154140787835,0.42040729844693947,0.05764079528514424,0.15408130766311837,0.28957815573073825,0.05252597652116092,0.21624917057994342,0.27834255365770827,0.04427160390261408,4.6741485595703125,13.75732421875,3.4107163453443343,0.4254364383925173,0.5658640456998931,0.08782847572852046,0.20796911380306812,0.4957406500356173,0.09158450508382292,2.6538341167534467,13.849732949463434,3.7605874876919234,3.673130193905817,36.5207756232687,7.735339886077227,0.07753022342324559,0.42409181141467084,0.10008942734302081,22.426592797783933,64.0,13.88729494498054,0.030232567658640283,0.06391827691040107,0.010836538534592271,27.331655498876977,35.04337090280352,3.4636422317238496,5.4726655327322415,5.69908147436292,0.18349097368860356,5.458073745956813,9.035383587943777,1.933279396733736,0.5250489612182838,2.457281773080889,0.5397612160423866,0.8284462236609977,-0.09007413123142072,0.657752803219268,-0.8409977978795682,0.6569953516736862,-0.17004134666952975,0.48703973104115467,-0.21754224915947373,1.0329435884528921,0.009169603569570195,Train248.csv,Side II
0.0,0.1985401600501463,0.22552178585194224,0.01826717516470998,0.12725555363013474,0.19691407868897437,0.03970077144251839,0.19689099577872382,0.22139763244798746,0.014201978870438885,0.287628173828125,0.54931640625,0.16380116390936544,0.48614439584170455,0.5898585553178304,0.0996442472339924,0.12952157231209488,0.1887996969894729,0.017029911791407875,10.023279423589685,23.316094208676944,7.2664667935250185,0.9560000000000001,13.9648,3.10507599906991,0.0015150706423210734,0.0050360971328243555,0.0016000980838170298,9.746624999999998,55.488,14.995074911762696,0.14632519672707492,0.2670965619762279,0.07998732413836024,25.695020609284818,30.22277179130948,4.302110671013087,8.15939586228242,8.382081429004849,0.24536551670577617,3.0739097027558415,6.6210155863377675,1.5027582049906048,0.07030108568004076,0.12760248637228422,0.029599791209845808,0.19404301067675722,0.22671735558437153,0.022116578671882884,0.13000890146392938,0.20454085869234864,0.04145009206791785,0.19356895316289296,0.21500022489413234,0.014381910242321348,0.3429412841796875,0.5615234375,0.17082647102602533,0.47780554810321985,0.5937492661209679,0.104072804012634,0.1285766395549423,0.16834795935921482,0.01564866815750202,13.282325759888767,44.81360511109194,11.520524155742864,0.9976,18.1248,3.292941396381053,0.001857405110489398,0.006305308044772137,0.0018758882441793606,9.597,54.876,17.495051929045538,0.15593795507090807,0.2922273736749616,0.08875412789186103,25.229258338872548,30.258254539335226,4.645564592023107,8.123970105671921,8.37991360423394,0.2669068024781132,4.21316072794316,8.92035137302158,1.9461368189361132,0.05373589665996936,0.1272697022817041,0.025420628898138536,1.3082704251986779,0.016565189020071397,1.0026147864102704,0.00033278409058012937,1.1214849089149574,0.020451737630258093,0.7987074221207108,-0.0012692109119477818,1.0297553480571935,0.006397407553855122,Train249.csv,Normal
0.7166666666666667,0.1769008779737814,0.3071481774423053,0.05957795805697376,0.15121741184984544,0.35236142871565146,0.06888297045744998,0.20519942149947376,0.3252293450950573,0.047217142710319945,1.393890380859375,2.89306640625,0.6878816286405315,0.5747310483787718,0.8228772342342765,0.08916429516717245,0.09772380645612921,0.24309719394704954,0.041326736792843016,1.4348977793732993,13.451693462804865,2.6345692766218307,6.304347826086957,48.69565217391304,9.595111389186082,0.027154941037565515,0.06187332326659391,0.01569820323079342,43.21739130434783,64.0,17.117629290125947,0.05887463333570302,0.16298954413247999,0.03220024872371868,34.067329897739214,47.965849845922676,4.96329927903124,3.6569634080880555,3.7703794137314914,0.09636334042573905,3.835272853302587,5.911935022588103,0.7092477310844508,0.198738458382057,0.4615661569035942,0.09116834790140839,0.1537154830770205,0.30296169916518556,0.0506298003472409,0.15033000410552738,0.3163155023850805,0.045790160103820164,0.21383398478484533,0.2928462619247451,0.045230699974952805,1.4949798583984375,3.28369140625,0.711537372520456,0.5926930987015788,0.766804819875421,0.08552785473694842,0.09259721044177237,0.2122937047358999,0.03809014473111182,1.9669316534744512,13.564530477742014,2.9231075555766224,7.521739130434782,34.78260869565217,8.961902140790002,0.029564605787961697,0.08776428297047797,0.020224944617890206,40.8695652173913,64.0,21.603752387080085,0.06815236984906464,0.24245415857486885,0.05598382539477522,34.98692731225471,42.09024135359316,4.681960456956091,3.647962102020873,3.746396516930315,0.0610025429474516,4.372496740802934,7.388246784461688,1.1585414340873834,0.1921097744782168,0.3717641296523387,0.0902875563591427,1.0345046621773384,0.0066286839038401935,1.2415564570301036,0.08980202725125552,1.1450984526572359,0.030803489211149643,0.7049943378721892,-0.025890959703884067,1.1105804863169242,0.03238308317031219,Train250.csv,Normal
5.216666666666667,0.3505677924124668,0.4848227003763126,0.08265476455473234,0.18562301111760607,0.29858098376929376,0.05325790189866184,0.2410701298573879,0.35333651022827206,0.04852245517292802,8.02154541015625,32.89794921875,6.696708774806657,0.3569853453775736,0.5181402796438639,0.06830792464410886,0.20348473361771335,0.3872248860815127,0.07043580059742735,5.941025165032375,32.30343471818516,6.514859331171472,0.7664670658682635,4.023952095808384,0.7679626127847378,0.06449741076478607,0.34174346661682764,0.059293464654422166,15.353293413173652,27.209580838323355,5.646347801988637,0.05208659763404932,0.10968481174722845,0.017301110178795147,24.747382008749316,33.14557711275794,2.70386750702197,5.439204070582487,5.637720776312922,0.09986447842158325,6.897306610850908,11.834982747175241,2.2888291583002434,0.6165007358855198,2.010438029928467,0.4442284802843694,0.320086498647057,0.45020434773246193,0.06689761848871799,0.1611480019134703,0.2661559306818176,0.04231698910406773,0.22391175279017517,0.30813129471735906,0.03492897689641722,9.2987060546875,33.70361328125,8.556377905787567,0.3837837854008515,0.5317983755078768,0.06858764899938494,0.20091702295642172,0.3234472135819848,0.05300011701528418,8.571345146329728,35.25176932948526,9.05683512734412,1.0179640718562875,7.089820359281438,1.7314814166785626,0.050456058089504055,0.1356552096867281,0.03047011034508903,12.83233532934132,20.11976047904192,3.381738846343701,0.05346981967636849,0.0919313852573844,0.015981774928189394,26.003903393666953,32.30312501093425,2.7634063325944265,5.505547785163595,5.642644411145936,0.07605545471319537,7.4293252675539065,14.059927042514142,2.9106757882412175,0.6588239896779969,2.248158913611888,0.5339438002308852,0.9357593903814551,-0.042323253792477145,0.8942597504391898,-0.23772088368342104,1.197181081252941,0.06377767249952787,2.519206338531472,0.20608825693009955,1.1467076377479637,0.045205215510913,Train251.csv,Normal
0.0,0.19949135721613626,0.22109212221127159,0.016387754388250086,0.12272525906859523,0.18650922046988874,0.036299394030836346,0.19888732511135496,0.22087664393481146,0.011050754285323117,0.2773284912109375,0.537109375,0.16682356343393087,0.4912792993771339,0.5875686707245007,0.10118955501275176,0.1290234883490657,0.17003974906028385,0.014339805925560651,10.550340300880935,41.67600581854422,9.523755142462308,1.5724000000000002,10.5088,3.079080356210276,0.0013821792213119092,0.005458693071650186,0.0015900753611134512,8.469,59.652,13.970610902891828,0.1419127756084427,0.2838165343221832,0.08104566898134322,25.938149854682706,30.07432745601718,4.346044391841897,8.179987122494865,8.381668828180441,0.24043674756156694,3.269555255034148,9.733663517703583,2.103299894440354,0.07040857146567314,0.12647880565499842,0.02864631568743843,0.1951470602279231,0.2277420920918702,0.023031740417873127,0.124543576594696,0.19269022587962628,0.04019253781006153,0.19406730259391053,0.2140174973861185,0.013925326287344086,0.304412841796875,0.57373046875,0.18259454015557255,0.49309870530978284,0.5846634857434395,0.10125686837980429,0.12999291168014585,0.16637984717375934,0.017190927163186157,10.975757390610326,46.618754512012984,9.948484883661406,1.6340000000000003,11.635200000000001,3.309206333851064,0.0014958113803132988,0.005518222546037092,0.0016493298799644394,16.689,59.663999999999994,21.501228964875473,0.14251381337955457,0.29032188174566603,0.08465174990387883,25.959211828981868,30.06519713139462,4.437779362469451,8.167578654032601,8.379103441140941,0.25179137723879014,3.9851911163440525,9.595223158038362,2.0000532972134493,0.05239809772780935,0.1277673288002907,0.025816918837671392,1.343723783403329,0.01801047373786379,0.9899150733813852,-0.0012885231452922918,1.0219972606460266,0.0036599018865245136,0.9892120219686175,-5.952947438690563e-05,1.0320494613777704,0.006859146548692963,Train252.csv,Normal
0.8777777777777778,0.15943367879030856,0.2920808549060015,0.04982376996452656,0.17421410711947946,0.35459191738063167,0.06183113414040486,0.23081855856121214,0.43563763325451743,0.06703219304198639,1.6147613525390625,3.30810546875,0.732652210733484,0.5792117023444117,0.7600202522034069,0.10521332343575401,0.11166356821437351,0.26426760469215255,0.052488876865071976,2.725688260775791,13.083441546115377,3.4524732725483847,4.392857142857142,25.142857142857142,4.643269212482929,0.026873151723376888,0.053866276598442946,0.012976361345732152,41.57142857142857,64.0,19.821138994023734,0.06087520793957583,0.17962692519398404,0.03435116721668755,35.05036731435136,42.602179561084526,4.362018555551826,3.834478094272306,3.943015129177619,0.061248453684475054,4.482378122001559,7.482597892712368,1.1905046738480602,0.1949603879412215,0.37876738136998117,0.06643042317978014,0.16412891367669788,0.33317282970688783,0.05327111475152153,0.1459257279949555,0.2664549462978849,0.05627762626091582,0.2327972728907577,0.3806921992887562,0.06229767889397793,1.617431640625,3.1982421875,0.6812122277628716,0.5757776039946987,0.765781979124278,0.08115510186632702,0.10291607102190968,0.20733473260247615,0.036548215494766396,2.933988411632164,18.367425211014208,3.7178027293704696,8.357142857142856,35.42857142857142,9.977270085917636,0.023659241316728537,0.05047302064240831,0.011419256772343452,41.67857142857142,64.0,18.645969909810297,0.0527994390667642,0.10930926108569035,0.02224664357734722,35.526279470257094,45.312516236105765,4.19922888090704,3.853348717544663,3.9460584970798855,0.055013883242915576,4.858308989806794,8.56426309214007,1.2684527933050316,0.1826565752939787,0.3693902922303228,0.06675085750051675,1.067360354041895,0.012303812647242812,1.0253853128019568,0.009377089139658346,1.274593986740466,0.0569328720896764,1.0672290828965065,0.003393255956034638,1.1443303354365677,0.05494543396576124,Train253.csv,Normal
0.8611111111111112,0.16640564972156965,0.3103290658317512,0.05216810610019936,0.1544964234863581,0.2841738428506493,0.05828556994253457,0.2001138874059283,0.3466211044143351,0.05139760707994849,1.3996124267578125,2.84423828125,0.662812075115418,0.5592626245462664,0.7731684791716916,0.09201063568422578,0.11016658954755279,0.26384615838900183,0.04870707791515674,1.8568976626721831,14.897977156813496,2.9114083609514445,8.98181818181818,53.527272727272724,13.514705795069041,0.024705485575663842,0.05628697196967685,0.013510814001012837,45.054545454545455,64.0,18.44977099009028,0.06071310452994677,0.14573773976042112,0.031235058688824754,35.09031033329158,41.729558339639226,4.059368915500108,3.8268616010898775,3.9258502282105203,0.05465517187639766,4.18551200096484,6.931572715824752,1.043381696366011,0.18421404836531324,0.32655665835033576,0.06892165937485421,0.16633099978574556,0.3283195839436095,0.05923716003860556,0.15515782337562128,0.2546165438488667,0.05041660748904142,0.225573328919365,0.32292822193464155,0.05833206920214189,1.4400482177734375,2.8564453125,0.6266179925214457,0.5637898504930624,0.7210205254359829,0.08512572702400066,0.10126854752269354,0.18826293137006678,0.03876659897101534,2.058908527507911,6.872807932491659,2.1228564202657116,8.763636363636362,48.87272727272727,10.700490449870445,0.024201132643043112,0.047446257492030616,0.01205326505290556,46.32727272727273,64.0,18.49147223599423,0.05837697351570967,0.1617556296405615,0.02941153758814072,35.59075334237701,42.597062382282964,3.9649747259143022,3.8345110790755763,3.9153285357497687,0.051233037334815074,4.64644262851702,7.681339907843007,1.056829132709681,0.1731810427604213,0.34231382241793745,0.06370174896619576,1.0637079230227704,0.011033005604891954,0.9539686568591667,-0.015757164067601692,1.4014769400827232,0.07558322701893505,1.1863310987763382,0.008840714477646235,1.0733688782738844,0.023692882479693533,Train254.csv,Normal
6.966666666666667,0.19216742739327494,0.29333305948934024,0.049296887805482574,0.174475149759504,0.2733866612327908,0.04561244975745447,0.1887068302397455,0.26012484068580566,0.029268421955535744,9.914779663085938,21.83837890625,5.041378965861691,0.4278332483585361,0.5888207625187185,0.07564942797161187,0.27389856218296427,0.42512092120931994,0.07971165651671346,10.086967485027897,30.560480495329287,8.397924992921174,1.1210762331838566,23.533632286995516,4.034628606915002,0.08319636145929621,0.1886063855094626,0.043754113549565966,9.560538116591928,27.838565022421523,5.020082735397163,0.05497758646587579,0.11840687626836167,0.020388658358805243,26.37795572051211,33.10737354598371,2.728299517631381,5.764911773910486,5.890751595566639,0.08969951918626225,7.435231519680063,12.523771645214136,2.392617046298694,0.7316336500307443,1.4013722436262093,0.3137508371386227,0.18564401158292143,0.3029665221507453,0.0491954117836798,0.1738825582348124,0.26179499168075,0.045922607997613815,0.1893031730778161,0.25159474253588904,0.031983650761543136,10.885238647460938,24.15771484375,5.872697969511969,0.41316686780728773,0.6383015529367794,0.08906328477791908,0.30272089519697604,0.4765695595376494,0.08346736055756204,9.237551606293056,31.475034170881074,9.04591588536765,0.3228699551569507,1.0044843049327354,0.19974042557237748,0.08978360093095693,0.16901159930999163,0.040644210505704916,8.591928251121075,27.838565022421523,3.577340031422265,0.0514487906418889,0.09710716788319863,0.01777045527589518,25.780463941522232,33.02023595825061,3.18557978017953,5.732788562555602,5.895173474865954,0.11406866623990454,7.535237607418395,12.393059202342418,2.3335667323865183,0.7801255670523363,1.3321151259518922,0.28662966671386886,0.9378408809973284,-0.048491917021591946,1.0519903387275462,0.06925711767431708,0.8920437988731658,-0.051448638328329466,1.1159375164990528,0.01959478619947097,1.033904115125918,0.00853009814991662,Train255.csv,Normal
5.888888888888889,0.3022166127239495,0.6123226858008767,0.09518462699530081,0.15496732912625327,0.3349562476002219,0.054168025517582465,0.21213828872653823,0.2851470314255208,0.03594241720875077,2.9010772705078125,7.16552734375,1.443141419362396,0.38912130670707434,0.5140349222298781,0.06916197457894363,0.2099075058165273,0.36617761809368005,0.08076442736131656,1.9076667259352238,11.921751395494807,2.920034368693281,4.583554376657824,25.29442970822281,8.198015149095868,0.04383468735748368,0.11828108819297971,0.02257887073513925,22.281167108753316,35.48010610079575,10.904849634685217,0.03449481911083525,0.07124817111253265,0.011978781183452004,27.33900142233962,31.74701041104356,2.543638737630582,5.51669853180296,5.695213327676479,0.13780612465185296,4.7284543141527795,8.283233596212408,1.2174929095896319,0.3213504323661213,0.623944308856235,0.1164113409197185,0.275629319598613,0.5146223027438989,0.06189275620229391,0.15197554303465535,0.28554362235674907,0.05268880323920746,0.2145136564417497,0.2655798557807132,0.030288010119703567,3.653717041015625,14.24560546875,2.810179225576099,0.38609291679610824,0.5495946600917282,0.07234479311845955,0.2428567839486449,0.39270807822394377,0.08306303961996296,3.1887101986183226,36.59904556129665,7.131375929918088,3.4005305039787794,24.615384615384613,7.15021559794148,0.04560128847904843,0.09391652283784224,0.018830453053985077,19.49602122015915,35.48010610079575,11.295194664570246,0.03430564766472964,0.06333934154947302,0.010128754775468915,26.666552103147787,30.938450692712333,2.6354368132898487,5.522036278562457,5.676669355147949,0.09514026315680932,5.324299086041398,11.644354509338443,2.1396144273264275,0.3517799844516888,0.9016920766816756,0.14572275993838132,0.9134983388935682,-0.03042955208556747,0.6919704900374051,-0.27774776782544064,0.9324422833808453,-0.026530460130263722,1.259427876581183,0.024364565355137466,1.0736771789923962,0.01956717564480759,Train256.csv,Normal
0.0,0.19762803365795603,0.2371321977586205,0.02045182215422784,0.12740268188372744,0.18942507897607522,0.037082984965828576,0.1957092960457964,0.21565513616439594,0.011304732845602398,0.304412841796875,0.54931640625,0.16848183877697515,0.4817703923971254,0.6016353648724273,0.10235049598744614,0.12904133401843706,0.16570214193697141,0.016290139413426732,10.707121419423274,36.94900826784263,8.519908072698124,0.6272000000000001,6.3872,1.6803930968675158,0.0015885206443435676,0.005429095781142575,0.0016566497789390622,10.05075,58.931999999999995,17.393246345564705,0.14999635850017934,0.3054288162821842,0.0831833435387414,25.485660560873026,30.47108684710992,4.457822160997031,8.143285181055136,8.379754865959207,0.25648346076453965,3.364234768264444,8.788850708000135,1.903977047514067,0.07096344528758328,0.1266462872867237,0.029045025041153093,0.19639207136069176,0.2219801086616733,0.022537774599464534,0.12916395245247947,0.20943213631022872,0.042861685711336465,0.19695040063525482,0.2183895511103546,0.014785268855896446,0.327301025390625,0.59814453125,0.17717123158347567,0.4813153403244883,0.5874742433877043,0.10335309192130504,0.12846029695105537,0.18304846418736367,0.01838323778696153,10.622292046395827,41.53468945211732,8.232887740001892,1.2804000000000002,28.352,5.259669449689781,0.0016792961176308658,0.005671723973050134,0.0017861163499965549,9.898499999999999,58.764,18.27475769333208,0.15225709928407666,0.29777150631731947,0.08701278055547679,25.468332313116488,30.168879882584893,4.5609959789380685,8.144365681482308,8.378748263754625,0.26197482159165364,4.197108815276467,10.712941568054383,2.1361215731038583,0.053839119384964156,0.1351480999732945,0.025998915621595117,1.3180647228293405,0.01712432590261912,0.9370926145070232,-0.008501812686570798,0.9052364452625319,-0.01734632225039226,0.9572212698851865,-0.00024262819190755923,0.9874791814922679,-0.002734414945958663,Train257.csv,Normal
5.283333333333333,0.3148207368495005,0.5039355760889818,0.07476349913376898,0.1543198508196572,0.24747894246958094,0.03758884126981823,0.2049350925156569,0.26007117459667556,0.029824384185379593,5.001068115234375,10.595703125,2.654393328211734,0.4080414271771108,0.5032529122725535,0.05157143373470131,0.17647954292303325,0.3651885759574009,0.06338321095950092,4.95247047813592,27.386676366983792,6.114094183255891,1.242603550295858,9.65680473372781,2.1206559059019927,0.04304025682916252,0.1228952704573125,0.028670878741286373,15.171597633136093,64.0,9.35132922561142,0.033912855428489874,0.06412284665036219,0.010596089040664544,28.76109705321747,33.113151920649955,2.217849125636634,5.540804153634747,5.661769757625648,0.08294075240172062,5.956780710426577,10.10463437579339,1.6518610486134642,0.44979900087706565,1.0128306240518752,0.2148759304319362,0.2969612750267755,0.40885473013800283,0.06381255607423007,0.1578167839769673,0.24958283522862565,0.036440618926667,0.22101936703237773,0.29120408097537454,0.037780339316033855,5.2173614501953125,9.86328125,2.244044196774986,0.39207918034484357,0.5657111821773972,0.07256852766572296,0.21284594933810908,0.39631987901145216,0.06370990711894334,3.8095182821758105,15.157310262109615,3.8928606479123156,0.7633136094674555,5.8698224852071,1.1066037993647955,0.04828578677371133,0.09220637628236324,0.02583197965011883,15.544378698224852,61.349112426035504,12.361227163069067,0.033444915574819704,0.06469854107235204,0.0125574500037871,27.876971183007157,33.98868934364684,3.0863940971157127,5.524046240736876,5.661148537831744,0.0923689576789411,5.980901510981362,9.814707383597934,1.6732677447586164,0.48856559449405224,0.9107688593941907,0.1932708361092181,0.9206522215757238,-0.03876659361698659,1.112061103641061,0.10206176465768446,0.9214490475391955,-0.031131303054051263,1.3328283149111344,0.030688894174949258,0.8930890419958751,-0.031132906378698977,Train258.csv,Normal
1.6722222222222223,0.19768146991090005,0.3355804586108783,0.06429105902944035,0.2152607349915016,0.3806927280689464,0.07255721890922077,0.24415133749108464,0.3664622404411879,0.04874416730146787,2.9476165771484375,7.94677734375,1.9227720750209631,0.6224553071831966,0.7498648437304574,0.07100487221900706,0.06722854098700645,0.13293570306314412,0.02212841728471124,14.11328940198715,48.41827151391394,13.265074277536408,1.9065420560747661,10.766355140186915,2.3663876213979003,0.023382699662948078,0.054148434343260755,0.01428098965637779,36.80373831775701,63.99999999999999,14.287210283148562,0.03629459735338163,0.0672117914667565,0.013404207860102695,33.76431392619605,40.14465015699082,3.301452604130146,4.446613669292072,4.557616790932997,0.05938126427095353,7.139193330184928,13.72626879867519,2.876205668867465,0.21659017427663227,0.38924168746172216,0.08666548818954635,0.19699609102792293,0.33900468662573663,0.07048404221860781,0.22566462655564168,0.4325389318563069,0.06769077834947893,0.244632772586849,0.3418989352261667,0.04506877970867659,2.9216766357421875,11.99951171875,2.1560525522477203,0.6312560607521559,0.8225063657689056,0.08735901485966481,0.06553496127553737,0.11570097896620024,0.023085018473226922,11.856540464482878,41.81228683559059,10.890764489704273,1.3457943925233642,4.186915887850467,0.9095719671473973,0.02317342199761554,0.07289389936549395,0.013045386195790118,35.364485981308405,63.99999999999999,13.531471002273546,0.03567229901184324,0.06349424277993164,0.011602304805566725,33.64843364388048,43.241540754015936,3.2124276628855912,4.444801246185644,4.585555798437753,0.08012948653260961,7.362087290208347,12.724012243679223,2.6673028550917626,0.20965178482017527,0.5942530257966872,0.10082264016678766,1.0330948216315614,0.006938389456457,0.6550100208322441,-0.205011338334965,1.1489591799652747,0.017234724096943876,0.7428390314108256,-0.018745465022233197,1.0718437573575033,0.024563305215021203,Train259.csv,Normal
3.3222222222222224,0.38626219035077936,0.5452152988955256,0.08641020656858074,0.1507580473296902,0.27833759659116536,0.06077793573413421,0.21790828916875132,0.3028388462254586,0.04159424830024813,1.869964599609375,9.46044921875,1.6835982171616735,0.3971377939795829,0.5533070920378641,0.0755840082054501,0.09687033159710698,0.20864690810687928,0.03491964262697503,3.0312900887178635,27.523720814648037,6.145179289229681,3.9529411764705875,41.26117647058823,8.888453845563124,0.02365932313028671,0.07901392516775194,0.01426900773567906,25.47764705882353,63.84941176470588,15.95806546192856,0.04136948582385581,0.0947952195526637,0.02232081904185206,28.730958096749823,34.82580781173709,2.387868046484668,5.015667129774977,5.235286502042633,0.10565184554251689,4.632761686613397,10.585518565762726,1.572652756769602,0.20440627108702697,0.5282481174182699,0.09486003487785816,0.3717157390660425,0.5626155995409717,0.09545445492877062,0.14901373055289804,0.26772863268489494,0.0685250018733483,0.21620920909588492,0.3087274654758268,0.04904323455988957,2.0030975341796875,12.07275390625,2.078324056031292,0.41413835851869996,0.631012931367156,0.07822276590039458,0.0907631581733789,0.16093307917499908,0.030754536379676893,2.8327711768037687,25.59626308293654,5.398020426657586,4.715294117647059,47.58588235294117,12.01185665690449,0.02301060537501777,0.06182001108664324,0.011853580502905707,33.308235294117644,63.84941176470588,20.17627508051393,0.03772836639969801,0.08536409690903984,0.01606595841748415,29.593072796723337,33.90817088290278,2.226855546977883,5.022251327099542,5.197270543119091,0.0870083598631784,4.808892728756124,10.188094473302172,1.636765712332301,0.20931787307801272,1.0678907897556151,0.16364097314556375,0.9765351955124711,-0.004911601990985753,0.4946649245326796,-0.5396426723373452,1.2964824129383223,0.0477138289318802,1.2781285946209575,0.017193914081108694,0.980926153679853,-0.00588861925036821,Train260.csv,Normal
4.7444444444444445,0.30579473689396786,0.5256985043814032,0.08289786399603685,0.14410903441316672,0.31447201458758367,0.046907837702026584,0.19132742746563053,0.2561981457311492,0.031869801765769125,2.6630401611328125,10.11962890625,2.084397745506537,0.4456841018972658,0.584252028006543,0.0889766923493453,0.14885769065765864,0.23715451800420426,0.05468632644133513,2.9337150081928733,20.24275584706976,5.148254473230789,5.647446457990116,40.0658978583196,11.618341869058384,0.0330079372717867,0.12901290577942515,0.022811026671427252,27.51235584843493,61.57495881383855,16.55681428113235,0.043621085025297,0.11490299543312685,0.02235119854791974,28.845873458859707,34.451835293014746,2.806108960349983,5.311870817821047,5.538288795159808,0.15296584490236012,5.162581580305131,10.517107743761029,2.0707527875382867,0.267540721454423,0.6836101639003186,0.11580904544784403,0.3168877205075199,0.46743650262931097,0.06556503244050386,0.15521831888236157,0.29713143784373175,0.057211396554174405,0.20075090754363095,0.27828655827654997,0.03294053406060348,3.1620025634765625,14.31884765625,2.967188330872624,0.42111780396667897,0.595156901411108,0.08531704386853123,0.15909571811742246,0.3339575466909477,0.06508179732948637,2.824101136639364,29.299405597789338,5.910512893238451,6.042833607907744,39.64415156507413,11.239584382856616,0.03880408628943595,0.16494404423033412,0.029567196667226812,22.846787479406917,61.36408566721582,15.095355469051556,0.04278534290229638,0.09129073564807623,0.019712441340680228,28.183038025880904,35.822888354322835,3.100090408256311,5.278162632240657,5.48473709391121,0.11840174898177803,5.260638030717374,10.741680426817954,1.9030683531711483,0.3076811308490196,0.9273277917660253,0.19075040939871366,0.8695389276769376,-0.04014040939459662,0.7371828702138347,-0.24371762786570672,0.7101337270079391,-0.09680302868674343,0.7821616451764999,-0.03593113845090898,0.9206270917186115,-0.022088412545400782,Train261.csv,Normal
5.283333333333333,0.3126911957918109,0.5427592055036603,0.07871807738431338,0.16069030193719427,0.2656574443179541,0.04404327104503001,0.22056040330647175,0.28916674361783495,0.028274471741289484,4.7985076904296875,11.5478515625,2.5806115170418287,0.39203325864626687,0.5609167169845988,0.07039787486593149,0.19652004039929377,0.381516318785611,0.060841481169807844,4.595298199853813,32.477975221098205,6.534449999047378,0.7692307692307693,7.005917159763314,1.304945037833546,0.03958372002082356,0.09393300155214222,0.018824323221309003,15.396449704142011,56.42603550295858,9.225358754222658,0.03297068131270375,0.06109628460671799,0.010777493237535138,28.102633005292198,34.84311699892341,2.6491805735674014,5.525938137039184,5.669409245304898,0.09878750903256067,5.951774521185092,11.163705363038321,1.781286388622901,0.42961112902048215,0.9822024257665494,0.20252193122917742,0.31805500498994693,0.4630370080318897,0.06520904124755098,0.17244643776694735,0.30839325960383945,0.04800841626955381,0.22598850701669232,0.29875596771730156,0.03825532196198677,5.4218292236328125,12.75634765625,2.736572862851883,0.36579441037935867,0.49638640086608643,0.05832774127663541,0.2251961544105006,0.35650359100753476,0.04862111223105394,5.391665831480537,34.28938408736791,8.10463820227682,0.41420118343195267,1.3254437869822484,0.3190880180523731,0.05466011440556629,0.12336026238374377,0.03025981683205739,12.887573964497042,26.88757396449704,4.130279241215151,0.033674549909045004,0.05631819730498552,0.012447174110372081,26.475557430660707,31.218534119162133,2.481920461825554,5.482888576154375,5.665647343904183,0.10438060387471587,6.2275558212177415,11.33472925264601,1.9911134321567492,0.48669257493869844,1.0518830347915922,0.19768889626994823,0.8827155996614051,-0.05708144591821629,0.9337563135309955,-0.0696806090250428,1.0701612195187855,0.025012727778076227,0.761452666973801,-0.029427260831601548,0.9679028166679392,-0.009589224099466609,Train262.csv,Normal
7.277777777777778,0.153640139261641,0.2423501849699678,0.03456020074394498,0.11806504767176271,0.17388660297336989,0.019930156445095437,0.18295466810344968,0.26411431819057213,0.02646416223039032,6.66656494140625,20.41015625,3.4976230105749946,0.5428875704781586,0.6259337364798438,0.039215411716741325,0.1899578798107049,0.2945206889358357,0.04787495669825651,1.4414285870940806,6.8302399069921265,1.4970500488737295,0.5886143931256713,3.024704618689581,0.5774378548125143,0.07211699513687389,0.28671617901537577,0.04882025318171426,16.438238453276046,54.30719656283566,13.36597106146478,0.03707422729496804,0.10844193842055297,0.01713181290070007,32.91812293147934,36.71665097387642,1.8391233874121107,5.874228124911453,5.955367413299832,0.0704735920273526,5.04750216981913,10.579324247301065,1.2320740057807882,0.7040188808556396,1.2729596195008217,0.27388935332775194,0.1513119818751873,0.19848447381445555,0.024875964151425563,0.11778684070631318,0.1705946642068283,0.022813315773167076,0.18786336236086035,0.27115221501666786,0.030242558754329237,6.6524505615234375,14.53857421875,2.634093928514414,0.534289853575173,0.6648739620830546,0.06096471801213267,0.20860738779367483,0.4141842171458242,0.07519536695597043,1.4939923922988958,6.9849352993638405,1.3889428357645732,0.7003222341568207,9.074113856068744,1.533822551529807,0.07380961955135142,0.16282056674487705,0.0384632298621828,15.17937701396348,55.682062298603654,11.324236441441261,0.03692515511945273,0.06744186364195709,0.012775009188051101,32.20333978973748,37.92024486501309,2.6739048649338812,5.863308887370774,5.9985263475722155,0.08413681760677501,5.051732117940389,10.29814925217699,1.3495429451101364,0.705112658125886,1.162093731430291,0.2425884181735981,0.9984487893443832,-0.0010937772702463988,1.0954018458035018,0.11086588807053066,0.7110862172738366,-0.11966352820998849,1.7609334188333645,0.12389561227049872,0.9740444760899054,-0.007037896826095735,Train263.csv,Normal
1.4111111111111112,0.19238309156602096,0.2851922124712128,0.04368146841822685,0.13793933413422438,0.3141862762882186,0.05863828898606801,0.2252603177662853,0.28097448524592145,0.040273907804683415,0.7472991943359375,8.1298828125,1.352805839060732,0.5719739717197418,0.7983360870226552,0.07171847640220036,0.09296161684585114,0.13881761502878115,0.0241120611579706,4.627132111159499,28.33332027225219,8.018980456869052,4.555555555555555,21.333333333333336,5.7079109062405875,0.00805542769279848,0.07904911755613746,0.013200855342346433,36.777777777777786,64.0,15.868331689792848,0.057044616099356085,0.08518903917362274,0.015602382287657092,33.4788073677785,39.74157091718561,2.3947992872271433,4.3515893721333185,4.431774802461562,0.05910218222714981,3.8106190261751025,10.308651916712373,2.0175274726451176,0.10000882134621718,0.4262954336994287,0.06549744731845698,0.18937271741033446,0.28789446388265666,0.04322789449232635,0.14468855303369604,0.36684641077137725,0.0743924323435436,0.23003158739926838,0.35011090966046554,0.05254609953695816,0.852203369140625,9.36279296875,1.5735753376764885,0.5817208167861918,0.850910487381279,0.0732722578982717,0.09015467806615222,0.14705285525164943,0.031474810861089816,4.934912549853857,29.79525440978906,7.330850736817628,4.555555555555555,19.2,5.519303946095261,0.009848593973247473,0.13162109599303795,0.022192132239303084,39.44444444444445,63.28888888888889,16.55910476497096,0.058260888375614286,0.10469533952761134,0.0203202464238947,33.665623456700224,41.63660751750401,2.766310963636737,4.353275111073817,4.417499765268502,0.07412195701787021,4.673007488327192,12.003820941552465,2.200719633448134,0.09153145169444973,0.5848271084699959,0.09301303171027409,1.0926170010659242,0.008477369651767444,0.7289255692776662,-0.15853167477056718,0.9439980872675099,-0.008235240222868284,0.6005809050529243,-0.05257197843690049,0.8025299317746998,-0.0691364244145441,Train264.csv,Normal
5.161111111111111,0.3143162124339061,0.614878324270751,0.11217194918579254,0.14695888312699068,0.2904890274820928,0.0523351793022539,0.1984629540602233,0.28295864495998285,0.036793156974339734,4.10308837890625,15.46630859375,3.9374958517983702,0.4080448600202187,0.594628842695259,0.07866554135495457,0.17998460261478696,0.32616905794796375,0.06505301262569156,3.6982111247855474,21.483733370535045,5.914384428102079,5.406060606060606,47.515151515151516,12.18366939047286,0.04732560157085104,0.24181457283033378,0.05543944621519553,24.915151515151518,57.987878787878785,16.35585785942525,0.04384676735701712,0.11174313885269661,0.019733068450766923,27.94235689495472,34.09342813577365,2.8924062762411786,5.390256976439345,5.56603318579942,0.12019646914620218,5.5350009910309526,12.048015390539677,2.1673563683190635,0.40102879322992135,1.556250663358861,0.37304813205001414,0.309611383110379,0.5965373101805631,0.10263233888282404,0.14123626019290814,0.2914964536791216,0.056024682589609506,0.2070368133759954,0.28442976692947164,0.02766944101378139,3.553009033203125,8.48388671875,2.1850520671981433,0.4066118815195333,0.5441466077767332,0.08195113982828744,0.18891800097723987,0.3673374266241405,0.061434611793181486,3.443427799753702,19.720466646323004,5.1996702755425135,3.927272727272727,38.4,9.78433372333293,0.03930340779705818,0.14636263087073825,0.025430526863141286,20.454545454545453,60.7030303030303,14.470675200948637,0.043735555179816636,0.08867824481253696,0.016126509056235295,27.64049426124859,32.36891389949793,2.8453246215493793,5.3914058665063145,5.594307050983027,0.13855743443207502,5.67526893872054,10.895148353165402,2.2180673335780785,0.33596535324836874,0.8106757555610786,0.15377253236379565,1.1936611563031978,0.06506343998155262,1.91969557589898,0.7455749077977825,0.8879276474971665,-0.041168368676176736,1.652160594132353,0.09545194195959553,0.9948278164405998,-0.0014711219694887867,Train265.csv,Side II
1.8888888888888888,0.2050178725369904,0.32313294164636636,0.04848847789660624,0.14929877034859468,0.250477437457783,0.04531778368833012,0.2397112949483935,0.36182883550131156,0.05031937283348062,0.8129119873046875,2.13623046875,0.43267059184914197,0.6027878099147119,0.8220581631569351,0.08041018287364027,0.0806238822003541,0.17939516087218121,0.030032674486610206,2.0330137567905204,14.285270240310325,3.8774654591659203,3.669421487603306,23.272727272727273,5.338510339406031,0.0095074467961269,0.025633866983066324,0.005277767823609981,32.429752066115704,64.0,13.133872232605908,0.04689717827129423,0.09199609782137529,0.01842500161159031,32.97733972625914,38.16998157176856,2.2792150526368617,4.620720464486853,4.683747258197224,0.06355682871404265,3.8778317781222844,7.403593597718025,1.216935997530132,0.11668221332154236,0.17705473014354003,0.0341991493702913,0.2151243282561087,0.3738337371924343,0.04594566571361181,0.14565318486768486,0.30318414034760255,0.0651589250881089,0.23940343748711174,0.35034601634247176,0.04510067675479169,0.795745849609375,1.8798828125,0.35279742545528375,0.5980387188293402,0.8257052623025655,0.07396985919939054,0.08147624304513118,0.16053908545789844,0.03056133188449116,2.957226301958207,40.942999251915026,7.531132510916404,4.082644628099174,22.214876033057852,5.863436883251499,0.009610979649012684,0.027566493358456876,0.005693058986307172,30.84297520661157,51.83471074380165,12.40118926768947,0.04533745444332138,0.08298999656941397,0.0159612640990381,32.79214403283437,37.33218629154283,2.123977571041988,4.618439281570713,4.685993184277044,0.08200089903773858,4.207312091711988,9.152042468357632,1.2269954169741286,0.10796316591021488,0.19103005477603754,0.038930781415325265,1.0807594539958103,0.00871904741132748,0.9268422679576553,-0.01397532463249751,1.1174547260129564,0.018856075414282775,0.9298921600164347,-0.0019326263753905518,1.0327756491880284,0.011482819158839808,Train266.csv,Normal
6.644444444444445,0.18139600751707913,0.26797361519727425,0.030237893803931687,0.12903781482424737,0.2051240583762577,0.030887226124359703,0.18047153630624796,0.23216285323564395,0.02445637157076801,6.9011688232421875,17.37060546875,3.0374460085521204,0.5162838805347809,0.6092431731428022,0.05887158905294675,0.19725880093019454,0.29861345420658936,0.0535417474215908,4.134962583528001,30.79385046503014,6.341386490225566,1.3835294117647057,32.52705882352941,5.603905706696908,0.07073391363997378,0.19250094504845428,0.03746450621964911,23.119999999999997,57.2235294117647,15.499527038213277,0.03263013688056472,0.053176826419644184,0.00893828758661589,31.167800742316615,35.58042762934808,2.321620358846502,5.764054255812013,5.909546771938031,0.08923497745943454,5.740685571522038,9.247229943907358,1.7614261913208984,0.6626187091581905,1.3284407184304299,0.26040504473907367,0.17337379993421032,0.2581982547957148,0.03232930222977805,0.14375492381705562,0.221816178308795,0.030847042794519976,0.1602010292063999,0.2192412478109864,0.028310315939427164,7.38372802734375,13.92822265625,2.482255138467153,0.4585631580266396,0.6603371572384713,0.09299370660421993,0.2738977502288361,0.5463587156658735,0.1198122997958302,2.3554756788202043,10.002031093972105,2.3892765961675853,0.508235294117647,1.3552941176470588,0.39439674051307216,0.11519463481727665,0.33542703772657156,0.08816018889097227,17.435294117647057,40.959999999999994,11.640719843613995,0.028631240177711143,0.05242459957746008,0.010546238314548395,28.871216281176256,38.13081656915526,3.6621702692318845,5.642065162023969,5.852227839654809,0.19077605610994422,4.9846584951310415,8.116754789262682,1.1373367658186027,0.8285927565039508,1.791474057996688,0.3601987858204898,0.7996916496763262,-0.16597404734576027,0.7415350011679326,-0.46303333956625803,0.5465520089600893,-0.2477452614592841,0.573898114413413,-0.1429260926781173,1.0589378344391644,0.012921605424657562,Train267.csv,Side II
4.677777777777778,0.34937832796410473,0.5561908991963901,0.09345012804893257,0.1607594193485123,0.2784801971952571,0.052543223248005026,0.19500105900668957,0.29448022706610916,0.050102862938435314,2.2125244140625,13.58642578125,2.149351965749474,0.4412196053909051,0.6225137605521901,0.09840388309545428,0.12393169037157081,0.21406504078663657,0.03482427309239847,1.0134885628127974,14.505490099324444,2.755813783322662,5.989983305509182,31.198664440734557,10.54120767829773,0.03111051252279947,0.13723398177013757,0.021064234815537132,30.417362270450752,62.82470784641069,15.621235508789743,0.03422737335058963,0.08061097064322657,0.014455313694839864,29.0069215266969,35.903831027792975,3.5067853320700664,5.248925313196599,5.448471917947001,0.09471827155019391,4.28083849027273,7.196210067042693,0.9304012005898229,0.26497807344117597,1.0688028408952714,0.15842134216297252,0.33686054526181075,0.526650856093438,0.09583854696914594,0.14855071691981664,0.2987958108683003,0.051124544963696845,0.2004791812249671,0.35379532395531615,0.05063036677345973,1.9031524658203125,4.833984375,0.9247801040022455,0.4456724623183975,0.5820503043925502,0.09671396695088118,0.12244963267605538,0.20409076299593976,0.033558403413129406,0.8090377914469862,14.684923902740074,2.7116046149485427,4.040066777963272,40.81469115191987,8.42929160318696,0.027379488393151956,0.06923316197550038,0.011345181602618997,29.91652754590985,62.82470784641069,16.23442469789469,0.04123893294498876,0.11607587556908112,0.021440632173659265,29.099696869564248,34.353693490820085,3.1537894895958543,5.258122999838115,5.527771851503105,0.1275881372931017,4.244308200134499,8.642699953178633,1.2066270783046722,0.23931902633595853,0.4569499440701233,0.07829190349296272,1.107216907869164,0.025659047105217436,2.338993258290585,0.6118528968251482,1.0488717695764775,0.009974277790696817,1.9822000883983983,0.0680008197946372,0.8323462926009595,-0.059315096889207,Train268.csv,Normal
5.033333333333333,0.27142360614598077,0.45897757048230997,0.07306020139257058,0.12996679815368112,0.250274152895391,0.04276691966358117,0.18742609736063137,0.2843442552643965,0.04195537951518185,3.997039794921875,21.4599609375,4.749402883821391,0.4404498884924605,0.5688640957104643,0.0846359407214735,0.18108200803949476,0.38132282962199576,0.0723136424379547,4.6785688808074095,30.793351729086858,8.450161243714783,4.260869565217391,35.77639751552795,9.277424164503856,0.035151805271119524,0.14838165587150198,0.028898984035344754,30.98757763975155,63.00621118012422,17.76148073526054,0.05268664171922868,0.08447868212673203,0.015611827920545685,28.26523419987049,33.63066286388548,3.0450467984783165,5.373895604735919,5.627866346121555,0.13062162178721703,5.1946043587985695,10.586086456997013,2.0958902576183926,0.3496465795664918,1.2229634164206744,0.25413336692953603,0.2981606065858437,0.4798376665644954,0.08346398603425037,0.15077303629418873,0.2626054606757949,0.04952708509329021,0.18657246013747675,0.2435895847765452,0.03775256535704193,3.9337158203125,13.134765625,3.450692070604716,0.40906169300626916,0.5972324786478816,0.07788383134378668,0.18952857327236042,0.33349670891927935,0.07119475653359969,3.328737370524085,14.878672920312031,5.140475737115131,2.5093167701863353,30.60869565217391,6.9173252436673245,0.035864280697108175,0.08021131775582162,0.017006253010964093,21.248447204968944,63.00621118012422,14.669612239036926,0.048595339210706856,0.08533586813308813,0.016106214880048188,27.61523214542145,33.259531176046465,2.9901900282184593,5.350250037731904,5.548159402039106,0.11835884790073462,5.344420023688945,10.076904875393689,1.812336755183062,0.35610937741129267,0.9759455753985383,0.2143901411527929,0.9818516466102822,-0.0064627978448008605,1.253106162880197,0.2470178410221361,1.1434080705452607,0.04782612070271641,1.8498842578963666,0.06817033811568037,1.1673087515540883,0.04075467048785131,Train269.csv,Normal
2.638888888888889,0.3527354612795277,0.6022930254237255,0.10393206383019823,0.19486173915015845,0.3708593747518879,0.06825310128552965,0.2669103365187224,0.4106533243331224,0.05866652498108446,1.770782470703125,6.65283203125,1.443261861733385,0.5234817646461362,0.7169923169634975,0.09796284865047958,0.06406851403188904,0.18330306949953556,0.03199902865425714,2.462857020379242,26.440073775350648,6.37430477637199,3.384615384615385,25.75147928994083,5.309324717802638,0.02918523221706652,0.07370414171787125,0.01434562101307332,25.44378698224852,48.85207100591716,6.28173885072365,0.027550031556424423,0.050336293933259335,0.00930859647621418,29.348218506466882,32.62798160523658,1.9671101439380083,4.7094309106797585,4.9328653912753015,0.1559544503244545,4.395595391346919,8.907762614804316,1.6880085160331673,0.20243824476972488,0.4114655441746839,0.06674978474395606,0.3780452570442233,0.5967163802899894,0.0955157796728467,0.19641734717789433,0.49249426349922476,0.07994245682353343,0.26583360417865354,0.3724968838112547,0.05041611459009812,1.40533447265625,2.685546875,0.47354146725442997,0.4982681605649378,0.7026947711824063,0.0864238027694706,0.06532964482857849,0.1407849607824544,0.028335078313846265,1.190857936173391,16.414676471644064,3.5246031432074867,2.6508875739644973,18.93491124260355,3.9230010613208357,0.0257251790718803,0.05633445586123532,0.01078491868091957,25.360946745562128,48.85207100591716,6.132313260268229,0.027655710410034857,0.07274101539391413,0.012073915910103776,28.905029618113893,32.67001549331684,1.7125009908568232,4.709471091023548,4.943981153333951,0.14709115922259466,4.030535146617832,8.297050858041022,1.1105120409860723,0.1862917909098833,0.3004051185157235,0.0434698591889509,1.0866729161510897,0.016146453859841592,1.369702170315867,0.1110604256589604,1.3020074529180294,0.04251810871708117,1.3083314515558648,0.01736968585663593,1.1024342513393144,0.03815644052186773,Train270.csv,Normal
1.5,0.19483215997435324,0.3230930557143005,0.06460071650193533,0.17149036544512034,0.346414243134281,0.06732283140833009,0.2401904558213203,0.3512089224452954,0.046672357848285356,2.0050048828125,8.1787109375,1.786855669200578,0.604017254535887,0.8183383347282001,0.09153446343975284,0.07192222546137413,0.1244055986581594,0.02755359855543551,6.390960009520483,43.2913854333699,9.42705965550894,2.833333333333333,14.666666666666666,3.3416562759605704,0.019192668982347807,0.07968890952425853,0.014473445004420459,35.64583333333333,64.0,13.531839382853068,0.036001108935763707,0.06969519561593425,0.015240407432104449,34.232197578908895,39.0671908319324,2.5622913084958396,4.348231753387167,4.445378625861923,0.09990032853275548,5.479621742509444,11.869410951308456,2.3128223577025975,0.18366235212670518,0.5484406810787792,0.10731414056124818,0.1961277753063141,0.3740697698638272,0.05769545540384318,0.1884586881218821,0.32444799421848297,0.057491614356544825,0.24304632734645537,0.3639811741971239,0.06261360775784766,2.4257659912109375,7.50732421875,1.7943745152486041,0.6096800109560128,0.8014479664512053,0.08810234029049262,0.07026301360870554,0.18638613874684265,0.032384502716750634,9.547242296491591,95.36675165029483,17.264972113106598,1.875,13.333333333333332,2.4177440127340013,0.02099365213180599,0.06861685515553574,0.012900833078228811,35.6875,64.0,13.74063759538755,0.03995064364217757,0.0973926979963574,0.020328286404510537,33.91393107026315,38.884902275108644,2.8373594307364143,4.358077294459526,4.493903951232142,0.08498357717408528,6.057983577858306,12.8884419675347,2.284569222690812,0.1964004119138482,0.4789826430210251,0.08975718225902445,0.9351423930420625,-0.012738059787143013,1.1450115947305706,0.06945803805775408,0.6674616408018977,-0.061980540088683256,1.161360545922207,0.011072054368722786,0.964909578785465,-0.0127722517518285,Train271.csv,Normal
4.094444444444444,0.3609678512935822,0.5868944463657414,0.0909295938477079,0.14600945367709,0.30205205807607166,0.05904640656170358,0.24074158367930915,0.40699154415200406,0.0550475760632051,1.71356201171875,5.23681640625,1.1723944386985592,0.45531978713522536,0.6475612951962348,0.08950027463701779,0.10225117976720241,0.21319632038598282,0.03647944290190926,4.243665512972163,43.08970814470506,10.943006199021571,3.244274809160305,35.41984732824427,7.86370332370753,0.021443306178569443,0.0687188222896274,0.014995003214045287,23.297709923664122,42.74809160305343,10.855423487890786,0.03183362266320415,0.10002401349016231,0.017299102086083637,28.176546197842416,31.158130851829867,2.2564908755163096,5.192235668179931,5.401027345833599,0.13893300738921327,4.594110695430076,11.978222718882714,2.305644482202565,0.19957535777757301,0.3422892049204429,0.05423610194849048,0.39905742008614714,0.6310737500705665,0.09467278898711111,0.1549370029483279,0.35108945319464957,0.06633820314931703,0.26812969749177706,0.39040314335672566,0.050585756968243495,1.8115997314453125,5.4931640625,1.077511938667974,0.43487574703418097,0.6057216735564127,0.09667661729466188,0.09399381607953208,0.18204419781104964,0.03042312395578285,3.3084227499315464,31.828434816639316,8.189130222024808,3.1526717557251906,26.381679389312975,5.641293680909199,0.0235096438381892,0.04639666968345079,0.009530288253442003,24.076335877862594,42.50381679389313,8.565293699706292,0.02930854701555935,0.06905875130527211,0.01104497504972189,27.5331239856842,32.107117145716266,2.6012706271793986,5.152276109463706,5.333243427578896,0.10203004352162394,4.8686970693171485,10.398426747512252,2.0129656437704946,0.19848371498178263,0.3195033436646511,0.04976557462598431,1.0054999060773862,0.0010916427957903818,1.071316499924931,0.022785861255791795,1.17112394560437,0.03115212257493319,1.4811153748180188,0.022322152606176614,1.0424904359379876,0.016588400795278402,Train272.csv,Normal
