speed_transitions,I_vib_bf_0_200,I_vib_bf_200_500,I_vib_bf_500_1000,I_vib_bf_1000_2000,I_vib_bf_2000_5000,I_vib_centroid,I_vib_peakfreq,I_vib_spec_entropy,I_vib_rms,I_vib_kurt,I_vib_crest,I_shock_bf_0_200,I_shock_bf_200_500,I_shock_bf_500_1000,I_shock_bf_1000_2000,I_shock_bf_2000_5000,I_shock_centroid,I_shock_peakfreq,I_shock_spec_entropy,I_shock_rms,I_shock_kurt,I_shock_crest,II_vib_bf_0_200,II_vib_bf_200_500,II_vib_bf_500_1000,II_vib_bf_1000_2000,II_vib_bf_2000_5000,II_vib_centroid,II_vib_peakfreq,II_vib_spec_entropy,II_vib_rms,II_vib_kurt,II_vib_crest,II_shock_bf_0_200,II_shock_bf_200_500,II_shock_bf_500_1000,II_shock_bf_1000_2000,II_shock_bf_2000_5000,II_shock_centroid,II_shock_peakfreq,II_shock_spec_entropy,II_shock_rms,II_shock_kurt,II_shock_crest,contrast_rms_ratio,contrast_rms_diff,contrast_hi_ratio,contrast_kurt_diff,filename,label
118,0.8326162470881345,0.15638638048362175,0.006350026069517815,0.002025640691233263,0.002618561787775985,129.119844229155,48.828125,3.8519086577485755,0.18095298709872332,1.0331723375775608,3.8429453620386083,0.5403067684190931,0.383663696451066,0.0759203513838914,5.410323548967387e-05,5.5043046498210116e-05,203.1918917665775,92.7734375,3.1679691113499358,1.159310416607182,37.72274790913342,6.35895421697577,0.8250128362700935,0.16160409110992022,0.0075132511119615645,0.00253647443311374,0.0033276001649741134,131.219954822798,48.828125,3.851551411058748,0.16298674798024687,0.9013839086997637,3.9572116503526304,0.5456103659569164,0.3848474692537081,0.06945368906958539,4.047663026250508e-05,4.795944482007618e-05,198.04154484676727,92.7734375,3.2107524679850874,1.2695629835008169,44.11273974525626,6.3085526716175195,1.1102312809531152,0.017966239118476446,0.8334223546465976,0.13178842887779707,Train1.csv,Normal
900,0.7629600316349141,0.10877861542073441,0.11640300692413581,0.009145379757840705,0.0027120930592439865,185.6312549814158,48.828125,4.093303111735893,0.7341673182253038,5.696118074616729,6.444321505410837,0.5875681287954706,0.333537632173302,0.07882768021739975,3.0657319395697026e-05,3.587287610851891e-05,192.91702334223686,92.7734375,3.6930136934816105,1.4089340161981192,24.515326396001768,6.684975780817911,0.7705398136867614,0.1110223355419425,0.10725029209290675,0.008564623868547092,0.0026217649847862555,181.08446317728098,48.828125,4.078099987598971,0.7580836250687051,6.748978705883079,6.83721516464275,0.5858871413850103,0.33820808597142055,0.07585461447650015,2.078493091630701e-05,2.935076065894448e-05,190.57565516943208,92.7734375,3.638021318767234,1.6469108904674274,17.115256520766618,6.149614479413701,0.9684516232497631,-0.02391630684340129,1.0840433164905885,-1.0528606312663502,Train2.csv,Side II
1200,0.5503827444858059,0.19560732013488782,0.23217774786417178,0.019497109751339652,0.00233324151113203,295.9475434606701,53.7109375,4.581446359583783,0.4507153741808731,4.325851050678095,5.897819934524817,0.5356331007013074,0.3777954186096448,0.08650259758666276,3.3564203931504854e-05,3.5296672938148383e-05,207.74985627658407,92.7734375,3.2379624031311174,1.44318853393322,17.105520193869875,5.797028676453291,0.5822634283134857,0.1750547878976481,0.22352075521471546,0.016609812126771754,0.0025496043625328093,282.4448387695663,63.4765625,4.4879333548588916,0.46724919529302283,3.79665284400094,6.0919898463075475,0.555408637590055,0.36315254161977706,0.08138933341584388,2.1463943903062446e-05,2.7999969591836928e-05,198.52613961279155,92.7734375,3.2808359791810515,1.6177419476613566,13.765300757674815,5.481420370480215,0.9646145520563271,-0.016533821112149738,1.0480750508098877,0.5291982066771546,Train3.csv,Normal
861,0.8099577602929288,0.1049682806447031,0.07618192833839418,0.006116854375765783,0.0027728239738281806,166.81146258895706,58.59375,3.7715892560577906,0.3838545943981956,6.439806711178456,6.161904910701713,0.5448043376953589,0.3771770689694107,0.07793116816138089,4.252833235656235e-05,4.486159736369241e-05,201.76787349768796,92.7734375,3.271546180304809,1.3430514604675532,21.85227799535055,6.082606294960532,0.8366916825767496,0.08820851566057025,0.06674654748178281,0.005029548684651377,0.0033213099710395246,155.4146922474481,58.59375,3.7991344980608295,0.4728718442769444,6.654765898498673,6.289436542352897,0.5604498292896082,0.362428217750494,0.07705229818350275,3.123797837714485e-05,3.8389514186567633e-05,195.36153127181979,92.7734375,3.392741178022174,1.4537966569258653,14.18457472356378,5.412150504757763,0.8117518482695569,-0.08901724987874882,1.1466043148504692,-0.21495918732021746,Train4.csv,Normal
0,0.3835472986693669,0.310509617353535,0.10523194406720862,0.076508348306964,0.12404062568770767,724.8198587116702,92.7734375,4.562108892776489,0.07115181601479528,14.58001715001889,3.7038643600951615,0.5427150538605889,0.3807729124121424,0.07641899756630896,4.610924939700461e-05,4.689835869120368e-05,202.68355029219916,92.7734375,3.1141586494572167,1.3331840227179033,20.981740708903278,5.6650846397271355,0.3899091534322653,0.326797803877605,0.09959070881854971,0.07123233632656197,0.11233067502502674,681.1621974617995,92.7734375,4.458709313442404,0.05509809552619185,11.374846206573924,4.451545473452166,0.5449970066745221,0.37920596174668075,0.07572914351699343,3.0460857868077302e-05,3.7400762345637316e-05,201.15534353393173,92.7734375,3.1472846554012213,1.449386149423659,20.36057349338943,5.5912549627079144,1.2913661360510345,0.016053720488603436,1.0639096800778678,3.2051709434449656,Train5.csv,Normal
369,0.8013264050995313,0.15497311824913843,0.027889757914210285,0.007693622522850784,0.008112277971550582,163.29230383351543,58.59375,3.9343229000108098,0.29870172905306847,5.012201367288486,5.481540727888126,0.5273019026996002,0.3854421246045858,0.08715938444099833,4.687615630964264e-05,4.967467184859045e-05,210.10092437224003,92.7734375,3.1243047803918533,1.2720498169812338,18.391736031677034,5.14269026706078,0.8090677433385789,0.15555679299683828,0.027128415055745897,0.005794899342785183,0.0024494115746366524,144.41756812741835,63.4765625,3.9186563340201443,0.33417407130196725,4.524077607859726,5.287024242507577,0.5424496933204077,0.3830099214088929,0.07447028653621024,3.1337218355656115e-05,3.872523800508298e-05,201.79514202665396,92.7734375,3.167570546729469,1.4387560091802043,26.393653416366156,5.7411777843223035,0.8938507018077537,-0.03547234224889878,1.0807957827554837,0.48812375942875974,Train6.csv,Normal
1223,0.6021611016903147,0.10912783424331927,0.2738281881779894,0.012077917208692652,0.002804079585968447,284.5197084019683,48.828125,4.235283897420166,0.4521344143392017,9.197528113681454,6.904069296420376,0.5766761040314082,0.3523557721442657,0.07088279233028118,4.1131417202885117e-05,4.416212158518613e-05,190.60633189999083,92.7734375,3.3338184753577043,1.2984913227381043,17.774069345311453,5.913187730389298,0.5909513978180393,0.09759311297013307,0.2961498387969512,0.012346188695589204,0.0029576218518117953,297.72733107575056,53.7109375,4.2721202502943045,0.46283550366804954,8.20733645345776,6.805914747386079,0.5819615198379811,0.352755453870558,0.06521156202124447,3.288487344222582e-05,3.85455167645104e-05,185.97263668299198,92.7734375,3.385728611982329,1.4390367181063786,18.58451691589283,5.897388060521012,0.9768792795260537,-0.010701089328847835,0.9267740229388249,0.9901916602236938,Train7.csv,Normal
872,0.7589971899798494,0.11835243821349001,0.11207997527059656,0.007873951622901006,0.002694918935933192,201.04077517999946,107.421875,3.9819802319289144,0.35372314250038644,6.485335458193366,6.171357461563385,0.5540455985133534,0.3712723145768162,0.07458612338346482,4.7355472745437906e-05,4.856969681534571e-05,197.28447159424434,92.7734375,3.126637765173419,1.2373228412246837,23.399212655990304,5.818778441851473,0.8042409218346549,0.09263380010930107,0.0926099297657066,0.007214102209900538,0.0032984729068142294,180.03324836922684,63.4765625,3.843955317535674,0.36591821052168017,6.267299137236812,6.390296946575524,0.5576258667243383,0.36385618062347885,0.07844279499367376,3.348236366144314e-05,4.164394800741028e-05,197.33423319176214,92.7734375,3.207347455825735,1.3801221588546988,22.420085404486347,5.964552613320314,0.9666726917728958,-0.01219506802129372,1.201653783341025,0.21803632095655434,Train8.csv,Normal
367,0.8465259726737708,0.1250328720034442,0.020502607703346342,0.004321107636319917,0.003615336200933586,131.78878330109293,53.7109375,3.6794623821302577,0.2649049121010775,4.259748485318148,5.066897321737969,0.5405537970064046,0.3766313668193932,0.08271276975497166,4.825409525507743e-05,5.3776275989230704e-05,204.88149103446835,92.7734375,3.204056664733253,1.2106595382654795,23.991551978156053,6.202014598734042,0.8337801991757637,0.14379726803761458,0.016930180865228787,0.0031127170564890566,0.0023768224278403463,132.95751806146592,63.4765625,3.8139340646443984,0.3102120341454949,4.878737352867484,5.360909106992405,0.552915652376881,0.37522819274708535,0.07177248391853118,3.619393397850121e-05,4.7442295251376595e-05,196.14564253034482,92.7734375,3.2073396357582706,1.3358340714120458,28.325073670813907,6.397190404711171,0.8539478875370919,-0.04530712204441739,1.2385291886478595,-0.6189888675493354,Train9.csv,Normal
579,0.5477586576051567,0.12894854681852108,0.3095880084863732,0.010823188770364235,0.0028780472414024648,308.82242506617797,73.2421875,4.279085897949152,0.23154708355903172,3.0364679654086704,4.511689607926741,0.5411438476844994,0.39762035297459347,0.06115339316558996,3.774053147866083e-05,4.462866408245161e-05,199.62022202764365,92.7734375,2.9547852350095964,1.281947751498946,30.096946595200205,5.904743017663231,0.5303776216718581,0.13531227325184353,0.32120317743166255,0.009992272009226864,0.003109787027196382,314.0198897641875,73.2421875,4.301735984984243,0.22357225289967897,1.5602881143608014,4.412466304869167,0.5462810144590154,0.3899490701014255,0.06370575404965448,2.6024563991014095e-05,3.81093149218596e-05,198.00470772268943,92.7734375,2.973705788619646,1.393873911681862,44.10773186403611,5.218747278152446,1.0356700329323119,0.007974830659352755,0.967438401796293,1.476179851047869,Train10.csv,Normal
0,0.37827709480009153,0.3122414103313342,0.10439165543126074,0.07951324545793746,0.12541380380391443,737.2600083341572,92.7734375,4.475615377399436,0.07136734885179821,13.99389149284716,3.5275120741270465,0.5387690606799953,0.38515220502429626,0.07598874386936094,4.590679870179122e-05,4.404979622683478e-05,203.46680254528465,92.7734375,2.9970630698952245,1.4085757216607042,12.537976056032186,5.092773378482837,0.39620311162033806,0.3259800123394843,0.10011853535857261,0.06985472608036324,0.1076851825912776,664.1940349871795,92.7734375,4.414045691091412,0.05590059566354382,12.483212351465498,4.529583665787008,0.5480327060892154,0.3762034390587867,0.07569963646405066,2.9582508864998715e-05,3.460570781822823e-05,199.98300990751164,92.7734375,3.108412601853055,1.559692572335654,15.982650099899278,5.175423886226973,1.27668313240637,0.015466753188254391,1.0819637056461595,1.5106791413816616,Train11.csv,Normal
974,0.6179407007893928,0.1873092611485632,0.18066208587433036,0.011414154345245628,0.0026716986640293243,255.13975954230452,63.4765625,4.3346074973206905,0.38049864868875094,3.8371294361928534,5.495260214662225,0.5666105198937031,0.36540509524523823,0.06789564499110824,3.9898951135024314e-05,4.8801071672668616e-05,192.95699127653677,92.7734375,3.2946195356234522,1.2533379141929029,30.214430750667006,6.199285405622866,0.8612740499677767,0.0600601507689921,0.0675616389579805,0.0060670600760113534,0.005035474063118546,143.3862256485347,63.4765625,2.9145709615603326,0.46368367298571345,4.187815646703571,5.345413366287119,0.5582682553972554,0.3687886945485094,0.07288365965608583,2.345514247593046e-05,3.590984211926514e-05,197.92402101745355,92.7734375,3.4055413095343003,1.4698684665143131,25.689833787981446,6.181678100234329,0.8205996243475125,-0.0831850242969625,2.6087142667316003,-0.3506862105107178,Train12.csv,Side II
0,0.37732774696618027,0.3112558141146649,0.10661406157427539,0.07956690828775609,0.1249847750990408,735.1323271973694,92.7734375,4.556004242372946,0.07099926062282821,22.264751700300636,3.566612000445893,0.5412030687963276,0.3821246672228897,0.07657641093419917,4.7659709714159626e-05,4.815599007009544e-05,202.76121846280395,92.7734375,3.072812740608528,1.2292124977296734,56.50976160957562,6.188727523815656,0.39206967647461927,0.3275130439980708,0.0992284752579487,0.06931431929830989,0.1116768582904598,677.3880921698751,92.7734375,4.446676010577841,0.05459590626055201,13.220414502946777,4.673078530975254,0.5481275752253206,0.37754728354359196,0.07425305972500255,3.26472004485769e-05,3.9407632010753645e-05,199.36200584249065,92.7734375,3.1107245158313495,1.373585338206814,56.680454550380134,6.091951272316981,1.3004502385864436,0.016403354362276204,1.1046510131006184,9.044337197353858,Train13.csv,Normal
1100,0.702033812929865,0.06647219539337662,0.21903517626791968,0.009389972431451326,0.003067072896968707,235.17977658243728,53.7109375,3.800602781589984,0.39373462014951044,3.1635139371740686,5.534732024725521,0.5510189603167068,0.3829319645997617,0.06593643032129062,5.4004275230317426e-05,5.858767827510048e-05,199.1689985196609,92.7734375,3.182129441718202,1.2635856513794803,25.47985404345002,5.731435495539357,0.7183648947874118,0.06284293207091228,0.20645919134462956,0.009537983580808958,0.0027927480645800326,224.78881078495144,48.828125,3.8656731518143994,0.39917852467135745,4.466621056244412,5.769006045187853,0.5682158506655023,0.37106207656038487,0.06063170968456066,4.150089248209539e-05,4.879644790138566e-05,191.25907735026217,92.7734375,3.1635977945615825,1.3478019386415785,22.33493167704837,5.379923761174146,0.9863622284974092,-0.0054439045218470095,1.0575376632619613,-1.3031071190703432,Train14.csv,Normal
1074,0.6639074588974221,0.14751335249681338,0.17795524280956315,0.008441201533168534,0.0021815577530080164,230.4847779214231,48.828125,4.368378062048636,0.4364506209278285,6.02378302430691,6.2910721971466,0.5711555210071932,0.3466328864914117,0.08210115716192767,5.2398031107185304e-05,5.799179068551844e-05,193.92958740597604,92.7734375,3.4412438089904516,1.256162792263135,36.83317419598619,6.5713605344640245,0.6435641673131216,0.16101870248029834,0.1805172015315716,0.012155702308622795,0.002742324012102503,240.30241168747742,63.4765625,4.339773533357957,0.4067073739972358,3.245887723092605,5.761050634083006,0.5854841052031073,0.3401538306675497,0.07427338363591669,3.6603148098975136e-05,5.202328171218288e-05,186.75030666674039,92.7734375,3.4104094656604778,1.345322134881497,37.30969932905907,6.353089327108528,1.0731318086641406,0.029743246930592715,0.9674242701501362,2.777895301214305,Train15.csv,Normal
156,0.8206342119534512,0.16365254561665254,0.011687402801896741,0.0019842933824691664,0.0020397654945515787,134.75506215115692,53.7109375,3.925673816286351,0.23269256430933763,1.6606912232886346,4.1851421832175415,0.5379968110055027,0.386266249211177,0.07562442267712219,5.4768511182624944e-05,5.771657551904582e-05,203.86279968082664,92.7734375,3.129438175370592,1.229036022516036,72.86966201471768,7.663542288974048,0.8226555219608148,0.16073533282248595,0.011612305211395762,0.002566602089455663,0.0024279884136938997,129.36613210596178,48.828125,3.859022930188484,0.2257313617120429,2.781238668434067,4.744900963811461,0.5524958499139384,0.3800622342981156,0.06735893999326005,3.758295775337084e-05,4.535036246068212e-05,195.420494231009,92.7734375,3.1362173394776507,1.3464784045446327,61.27576233831237,5.7687720912060065,1.0308384334088962,0.006961202597294741,0.9642277031684409,-1.1205474451454323,Train16.csv,Normal
951,0.7380917338502285,0.1476342321770642,0.09461098709995297,0.009119609232818458,0.010541319634078101,205.93433984707286,53.7109375,4.193240784737523,0.48627428320918065,4.832517719095193,6.403973842065833,0.5520525636979184,0.3697364579217734,0.07814033611461366,3.5048031139670616e-05,3.556917432974994e-05,201.39602445530267,92.7734375,3.495543493804586,1.5520354396778044,11.17340732372926,5.695364028015209,0.7938578617441698,0.11834516464928077,0.0763154297229731,0.007557552791433252,0.003921751394885149,170.5818882758148,53.7109375,3.91669487253429,0.537821870998409,5.2441977786678535,6.148035121957028,0.5653065180134063,0.35617408413831375,0.07846001595704755,3.123682906720161e-05,2.8122889380634456e-05,197.69408995968922,92.7734375,3.5677807246812594,1.7529653620779069,11.612933027286182,5.511669014774954,0.9041549043037417,-0.0515475877892283,1.236758154846778,-0.4116800595726602,Train17.csv,Normal
1028,0.640939048903673,0.10565724356610146,0.23687438185365212,0.013095964751666373,0.0034314737957530064,259.26488165359154,102.5390625,4.215534547130673,0.33600968764123595,2.201520307688891,5.516034309313536,0.5414907937688808,0.39050179436525195,0.06792806595970946,3.849616182284092e-05,4.0819668932298486e-05,201.315871638221,92.7734375,3.184058172660609,1.403566243992707,15.099852547179166,5.279280832631136,0.6732749872014697,0.09737680024197486,0.21447373977559417,0.011762142498344973,0.00310956111338684,242.94895429563013,107.421875,4.135956232082504,0.340620126803761,1.6637035125409683,5.426963857361861,0.5493322773440542,0.3854789532529232,0.06511787872579977,3.19263679503681e-05,3.893569849846546e-05,196.47860180612898,92.7734375,3.237097660036311,1.5100597040350794,12.914706228121503,5.208393398356751,0.9864645692189357,-0.004610439162525071,1.1049102511410196,0.5378167951479229,Train18.csv,Normal
33,0.35501627133619806,0.29375312761335165,0.1322204298713289,0.08438963897136173,0.13437830986132995,792.3373436523051,92.7734375,4.799710397020387,0.07011061133673938,9.882578699165585,3.156803434569219,0.5451095811661991,0.38408413131160085,0.07069039514493544,5.727943482774859e-05,5.856920076390581e-05,199.84191347944216,92.7734375,3.046771543086311,1.2002475253005613,18.200697562723683,5.065239807171052,0.38969395940125806,0.30596489011225775,0.12043472473207148,0.07389588500834392,0.1098557849888066,688.9128857707459,92.7734375,4.5146267479533915,0.05277866728417594,11.569137598563948,4.293889180463185,0.5619380138044225,0.3733000302455419,0.06468633279695078,3.295471393184467e-05,4.262624527669516e-05,192.0559481830008,92.7734375,3.040389851214826,1.343007943343792,15.798604532605044,4.917735177026885,1.3283891696403392,0.017331944052563435,1.1146471881984454,-1.6865588993983636,Train19.csv,Normal
642,0.8132054964262914,0.10692688240398548,0.07275621884467182,0.0047978718325876035,0.002311378896255449,143.0952649313595,48.828125,3.2149069974313695,0.3404335272555842,3.938804952223263,4.947368011564638,0.5435271995702036,0.3802107920244306,0.07616595881557449,4.7804583908583084e-05,4.821342523486576e-05,201.40315743126132,92.7734375,3.2246981204892777,1.3622726925453679,14.71851666525181,5.451733165090044,0.7523423483914643,0.13640949974257438,0.10322490346557309,0.0056820454752300855,0.0023392203593971483,173.6335843139371,39.0625,3.326916559500128,0.2936339240985153,1.4911890936440229,4.8983615231809985,0.5461390102482478,0.38423387220120286,0.069556809946808,3.096762533249474e-05,3.9308841084383825e-05,197.88567029846251,92.7734375,3.2811876424539888,1.473426653265661,15.11661351240006,5.538553358473824,1.1593807736669643,0.04679960315706888,0.7121133290337693,2.4476158585792405,Train20.csv,Normal
1087,0.5281814889450059,0.08710330174846666,0.3687651820168809,0.012837531355407284,0.0031100962347239483,316.8452326821358,58.59375,4.130899168033019,0.3258265920277484,2.061233173399114,5.297948953169794,0.5450809350220457,0.3783824687136623,0.07644480179751932,4.5304708130251145e-05,4.645265138917164e-05,200.63456768691088,92.7734375,3.0866431497540923,1.2494576030117674,23.973419856095816,5.608729495919903,0.5588054315819582,0.08236136378467736,0.3440765648657573,0.01117987804415051,0.003573465895202649,300.053950207679,58.59375,4.0004703637800265,0.3374475783273885,1.8538158174579584,5.111922252075553,0.5428273778127712,0.3787641897018871,0.0783362400196169,3.240518607451912e-05,3.9758011933642965e-05,201.32842465410909,92.7734375,3.1406222291974615,1.3835252463544236,27.21890514274772,5.851836330921683,0.9655620961252606,-0.01162098629964009,1.0741612711437873,0.2074173559411554,Train21.csv,Normal
338,0.8066708988375629,0.15884912432877385,0.027772147378804617,0.0038744617911310336,0.0028304929049832845,141.59777840175207,63.4765625,3.9377442408334207,0.23160123521954853,13.214136271190611,6.603617449688774,0.5456011767221814,0.3783684483136248,0.07595234561428676,3.8886542033753486e-05,3.9109628520606594e-05,201.1926900874101,92.7734375,3.104256524405719,1.3482647227068911,22.15187903408646,5.828141889382975,0.7413857762608452,0.2156944138281861,0.034418023567626556,0.004741207537251463,0.003753430309757744,165.4959529934621,97.65625,4.171420879623189,0.19839806221023037,7.400757009830493,6.428302340248182,0.5480245893726186,0.38020601729698605,0.07170470757638556,3.161384655255674e-05,3.3048979328008526e-05,199.40597838809097,92.7734375,3.1699787476275527,1.5264331919871417,22.337194614926698,5.324628534133791,1.1673563313676847,0.03320317300931816,0.8081519342661847,5.813379261360118,Train22.csv,Normal
0,0.3638493439007011,0.3140577251354342,0.10466051167239829,0.08637586960803702,0.13088929560148932,765.898970318718,92.7734375,4.6347807163333865,0.0702160502447643,11.642776430181087,3.2694092898123777,0.5425838590485413,0.38614255874550407,0.07118022511171528,4.529568678286108e-05,4.802216137311677e-05,199.64513924378844,92.7734375,3.0739371528092465,1.3215581598329655,15.094959748553606,5.198134354648885,0.3784027017932328,0.3295836960119825,0.10057666906487465,0.07391125654438167,0.11727182330801297,705.5859505173029,92.7734375,4.51897565916737,0.05296207766125079,12.299652507446975,4.32159979680057,0.5468101306376225,0.38339253561045716,0.06972370568000906,3.316923936703724e-05,4.042415259539551e-05,197.22922585000134,92.7734375,3.132711523679967,1.4151181178022614,15.598362772287613,4.963643071729872,1.3257797280554477,0.017253972583513508,1.0948401129680287,-0.6568760772658884,Train23.csv,Normal
367,0.4322809213283229,0.14989624345410285,0.4047595600308509,0.008854906275832002,0.004201125261893962,336.3895203668376,517.578125,4.089519855787354,0.16125728470928677,0.8204931893658649,3.7611118768222083,0.5396768264800288,0.393317544470715,0.06691289064652406,4.1540665091531727e-05,5.116262747963857e-05,201.8131065032903,92.7734375,2.9038509998699227,1.19478320396451,38.27971948963924,6.2067834414996685,0.4867705535795306,0.15721014710255365,0.34255805327448124,0.008667752474157357,0.004784537889975919,306.8417794460504,48.828125,4.142754120647909,0.15651636488204557,1.1772406791827315,4.244146864853628,0.5442611632729157,0.39296682577116704,0.0627004473888752,2.8813263192415172e-05,4.271585438792603e-05,197.16946639417858,92.7734375,3.008163707365684,1.3687629542110529,35.280560245825136,5.818563034115714,1.0302902434548862,0.004740919827241202,1.1776311944033597,-0.35674748981686655,Train24.csv,Normal
0,0.37691678596155176,0.3146816235827857,0.10721851589039297,0.07958375475628028,0.12140288884141821,724.2329032291279,92.7734375,4.549305443632732,0.07064840454221508,13.72677732766053,3.3805794839498895,0.5353068338448427,0.3906657054065576,0.07394721997222779,4.01093612351975e-05,4.010135426429673e-05,203.3224392209623,92.7734375,3.055232920242878,1.3511538242770402,23.130058699862172,5.191712833364073,0.38464894809657857,0.3366797899685678,0.09389050468363828,0.07080484076817639,0.11377205633415886,686.5738998866834,92.7734375,4.393786158703681,0.05425546187933197,11.600803902555668,4.2737649195324625,0.541403388316423,0.3891221562870276,0.06941060022070446,2.967151499690832e-05,3.415524374615899e-05,199.67444981549053,92.7734375,3.0662138241728685,1.4906160954284426,23.139425276675347,4.814118679171802,1.3021436145396488,0.016392942662883103,1.1342291975525032,2.1259734251048616,Train25.csv,Normal
873,0.7639079835739724,0.15957823969929955,0.0693301439914282,0.005320693677052749,0.0018619741946597436,181.86711535308928,83.0078125,4.039525058295326,0.8329576981097856,1.9059275771039974,4.749229709189016,0.5798824804603544,0.33159933543187364,0.08843626788574949,3.958425598211962e-05,4.229909563717852e-05,199.01571626083475,92.7734375,3.781669115058585,1.410912599545029,13.814781585805257,6.187613484878421,0.7963367831987517,0.14062126179597048,0.05682712375833925,0.004434415432041638,0.0017793608082485204,165.78435870636275,83.0078125,3.858384342323025,0.9463596083568483,1.795592657020888,4.836107727376841,0.5960936148393409,0.3235723686783662,0.08025418599074859,4.0918948252623474e-05,3.88768021903923e-05,191.24533119267696,92.7734375,3.806641352593721,1.549878629508253,13.48178586097334,6.182721554750289,0.880170381189312,-0.1134019102470627,1.2185595960612563,0.11033492008310941,Train26.csv,Side II
0,0.3912161737601436,0.3183226037013579,0.09729147217513767,0.07845858566482027,0.11449973950383725,696.6880464534651,92.7734375,4.458230867967688,0.07164475609953885,11.686367207711228,3.4070829656373,0.5535739899496148,0.3825031478826207,0.06383444026755522,4.760934886115283e-05,4.0783146986748896e-05,195.17999115175215,92.7734375,3.0461246723659956,1.37990532933677,15.538202213148104,5.236402996414942,0.3989016292032582,0.3269895749372797,0.09142640664012186,0.07157812111688826,0.11086778378537526,674.0393912811625,92.7734375,4.4699173320059735,0.05522323294760893,12.514543931056954,4.446865257606646,0.5672054359365681,0.37165252162866774,0.06107664639695655,3.0738030930637855e-05,3.463154740185977e-05,189.57375717360873,92.7734375,3.1266774521560525,1.4523494520707187,15.495056686390031,5.514817011043429,1.2973661804650785,0.01642152315192992,1.0781912575076211,-0.8281767233457256,Train27.csv,Normal
954,0.728121932649211,0.15496679048905454,0.09866029322282509,0.00916655405877951,0.009082397222265616,208.5037474369155,39.0625,4.229622307097249,0.5249110450849871,4.813039642385812,6.005119763853239,0.5725143067569257,0.348623172981838,0.07876328875826283,4.815749124529186e-05,5.10350523600562e-05,196.09826602907657,92.7734375,3.622083815296969,1.287144984458163,19.98527411848913,6.661389646866567,0.7929209254562858,0.1245762621272761,0.07275602318024808,0.0069043966426882535,0.0028399202695405814,169.98651752912318,48.828125,3.9899121210540374,0.6248761033739696,7.250570239495378,6.598044517270097,0.5956523895497878,0.3251199084439398,0.07914593100687638,4.1227883818312776e-05,4.051290257175399e-05,189.4450598582929,92.7734375,3.794603120984377,1.5422777385571975,14.558532792226634,5.523319065786431,0.8400241926531465,-0.0999650582889825,1.3535811908560544,-2.437530597109566,Train28.csv,Normal
379,0.8304676656179156,0.13755134664922558,0.02460867631381481,0.004374774471247771,0.002995302847117922,133.50940069146216,58.59375,3.791466517297779,0.26861900273435857,6.029801142784479,5.5199832549293655,0.5385303731346828,0.3810739778056453,0.0802860695161066,5.253609219849562e-05,5.7007205704201114e-05,205.4141408748868,92.7734375,3.233771717520745,1.2101858135698125,29.41859339348646,6.153144383130883,0.829623746380393,0.14095506848605646,0.0225368557050367,0.004218289644206954,0.002663098778140574,133.4788003460145,63.4765625,3.7185953634153424,0.28191967427911807,4.336944338812725,5.409297356898449,0.5491110889756502,0.379360619919356,0.07144059358347107,3.784153318877065e-05,4.981861024978977e-05,197.47445713320107,92.7734375,3.293926579137435,1.3257235778357546,31.14293646939226,5.861659353280663,0.9528210560983691,-0.013300671544759501,1.083285077447611,1.692856803971754,Train29.csv,Normal
928,0.7004921797717669,0.16299738740118638,0.12266830844143878,0.010924343837324952,0.0029136916356433413,213.03649754596904,63.4765625,4.073638688092238,0.34650772973740795,4.829857251501305,5.6638808225447885,0.5741653914904383,0.36828284963712116,0.05746611136045093,3.858945105101731e-05,4.702364294174594e-05,187.49127992368167,92.7734375,3.215686555084524,1.335418715561512,18.668621791174132,5.3024059249354085,0.9102240990564477,0.04612107474478052,0.03737297084471749,0.0037024635304563126,0.002578429954093134,109.32740855035603,53.7109375,2.732812887631308,0.4223600804871279,3.9874511464852858,5.50253420022188,0.5743609055373641,0.3651033500066472,0.06045863384503499,3.027333753016554e-05,4.680225268068345e-05,188.07993637384666,92.7734375,3.2807885887364936,1.41688120694509,17.52948584757277,5.779379179614899,0.8204083314818857,-0.07585235074971997,3.252373372517137,0.842406105016019,Train30.csv,Side II
671,0.8566321657843955,0.08352773864343878,0.046874763228087035,0.008467617851969127,0.004495680421255292,141.72223827396243,53.7109375,3.6271921647593697,0.41702128894701596,5.115429136935604,5.5795392317452865,0.5510283088777473,0.36862115060397194,0.08025579662090036,4.602078717921188e-05,4.868553982336669e-05,201.64241103545305,92.7734375,3.398161175507684,1.2858163159637446,21.149353206233457,5.911567246968344,0.8695897222236069,0.07568024349619762,0.035476796349351775,0.011135318972604608,0.008115435670430958,145.19513333001473,53.7109375,3.483695322733885,0.45276491480808234,4.771238611073638,5.577878370735892,0.5539375832258582,0.3702200979899836,0.0757671046381785,3.293708874328826e-05,4.224477511478739e-05,197.84318198054976,92.7734375,3.429521932823384,1.4039534227304455,16.46371595676242,5.695078669685376,0.9210547778480755,-0.035743625861066386,1.1872960390341136,0.34419052586196575,Train31.csv,Normal
143,0.8505869059330025,0.13632450275887206,0.009004149357298813,0.0019283569570942344,0.002153603585199536,121.39504905574044,63.4765625,3.7877461192021853,0.23314669667641122,1.9553832529495732,4.277356870681803,0.5346770164177472,0.38994057262773313,0.07528788436797858,4.683793253555874e-05,4.765184453963517e-05,205.32775057229247,92.7734375,2.9962793099244314,1.233017545008618,14.537457334678175,5.057711111300169,0.8398142705495142,0.14445507091361187,0.01058289386595607,0.0024769564028576303,0.002666823738789874,124.88970737706262,58.59375,3.830373611381888,0.21127065642379875,1.7817879574365771,4.306472100987733,0.5479002641350365,0.3858244529225276,0.06620782429997032,3.158607365876779e-05,3.585154013819842e-05,197.9512850200864,92.7734375,3.0631056117210904,1.4384289928366407,27.280431330316816,4.768435198206234,1.1035450900724477,0.021876040252612472,0.8371080259159881,0.17359529551299602,Train32.csv,Normal
1136,0.584293862098945,0.0866021438075866,0.31371008961645086,0.011949114083251807,0.0034425438831972217,293.37229269116557,53.7109375,3.987157489713355,0.31606497496780517,1.66693690875758,4.714365197813521,0.5374671123991737,0.38410598576080884,0.07834274134293638,4.212544336491187e-05,4.2009720453630236e-05,203.4988289715505,92.7734375,3.2177261664071475,1.3934525229522976,14.321066741070487,5.032166310560375,0.629947084509117,0.07121060847544596,0.28413587260688483,0.011385509252591122,0.003318780895830561,269.3324752521693,58.59375,3.7396833153275493,0.3535501761935682,1.5641668807771145,4.90327564577475,0.5462817609442749,0.37603866689235066,0.07761535538704145,2.9728651049465116e-05,3.446342340989389e-05,200.61345938915113,92.7734375,3.2333537805730597,1.549246269167121,16.916950877698895,5.137883932872652,0.8939748735997947,-0.03748520122576304,1.1019818618490886,0.10277002798046553,Train33.csv,Normal
372,0.830192932718456,0.1412629294769802,0.022111740181825608,0.0034954543317743734,0.00293478946812195,135.18237294918384,63.4765625,3.7972547639064635,0.26097221081864347,6.7768537813668335,5.854022317415085,0.528259604683166,0.39191097151170334,0.07975356153094453,3.759752015302412e-05,3.823467774567974e-05,208.13097046112117,92.7734375,3.053248656708543,1.4221108620470022,15.186483819549686,5.51392249890275,0.7551321510095071,0.21246405213513664,0.026081180502978734,0.0037159061526586793,0.002604188759458662,159.1702505140216,58.59375,4.078824979541595,0.2770412719393222,4.375597157039836,5.309995783072676,0.5353358057466058,0.3904901481679512,0.07411638354858956,2.67445156658167e-05,3.0892436175527935e-05,204.57912002109333,92.7734375,3.087300478879554,1.5798226395629023,18.114884230345318,5.480205402486349,0.9419975877594302,-0.01606906112067874,0.8593858168133848,2.4012566243269973,Train34.csv,Normal
371,0.838252753339093,0.13172033889306795,0.023171495757575686,0.0036851496649912777,0.003166947265652447,136.20016821743835,58.59375,3.8022489884074018,0.2773777725088924,3.9928587792493255,5.084390169161843,0.5353442609917685,0.3812174295639405,0.0833226374195739,5.623144804159628e-05,5.9398524531124315e-05,207.54130319125682,92.7734375,3.20146548329349,1.1958817087015992,33.74803855915428,6.360314529518766,0.8381868388071989,0.13869425208730427,0.017775417512909533,0.0030367950500088167,0.002304720812280854,130.7113058896417,63.4765625,3.7771414441380937,0.30799871731032086,4.221850437095291,5.318718165865111,0.544549400773979,0.3831417173096063,0.07222062413591014,3.83684551745758e-05,4.9840460209610685e-05,199.35396689372,92.7734375,3.2612832404146044,1.3422897945951182,29.830052730780267,5.78775363871278,0.9005809310849902,-0.030620944801428462,1.2904271494896697,-0.22899165784596587,Train35.csv,Normal
212,0.7822285132123421,0.20007332973596179,0.013600417021596568,0.002103392385455303,0.0019926794542547634,141.80017004383708,63.4765625,3.938861664993056,0.2280817143549983,2.021681602423004,4.268950136129658,0.5380818847885595,0.38296561665562057,0.07884784904815444,5.1685679698114196e-05,5.2923241215121575e-05,203.75101088310782,92.7734375,3.195708550340981,1.2424694170474049,32.25924560577888,5.451232082023604,0.7737548577709719,0.20502352472430257,0.01619150256824236,0.002611264216059878,0.0024157102892073605,143.35618178923195,58.59375,3.975556857457445,0.20881078474189763,2.205514068448841,4.354403014573898,0.5428569780766962,0.3851339384286063,0.07193186028877584,3.581534120290159e-05,4.137881166115855e-05,200.1779455421835,92.7734375,3.1323162031672154,1.3820017976818852,17.226786175365312,5.372801740140989,1.0922889521469483,0.019270929613100674,0.8351860527768908,-0.1838324660258368,Train36.csv,Normal
751,0.6717710662407124,0.1977141376318103,0.12291280444081011,0.005120052523742166,0.0024801081361477974,231.4868421509562,68.359375,4.023936267922704,0.3381040793354505,2.059977741201404,4.760778104656659,0.5474434451724928,0.3876110375506984,0.06485642134824486,4.135472423504686e-05,4.7706740141981395e-05,198.1943925694658,92.7734375,3.0692453782993225,1.2697852493652566,35.641056290943474,6.058837784271729,0.5467133149056345,0.22812145419788535,0.20996288316318396,0.009118740970850187,0.006081055142434776,305.6644895178283,58.59375,4.456070154297874,0.2634261522994495,1.8752668639838022,4.648892851397726,0.5575299031856348,0.3745333330066584,0.06787078415198132,2.707814938589028e-05,3.886522239736299e-05,195.5837908567285,92.7734375,3.095996676011442,1.4125658323366903,34.17629226998515,5.059397324753869,1.283487137099523,0.07467792703600101,0.5844070988893831,0.18471087721760204,Train37.csv,Normal
0,0.3788747395520329,0.30808493958578514,0.10559010426001289,0.082960426619993,0.12433799373509885,737.0321118030419,92.7734375,4.559571003877703,0.07086170534687927,12.629076413283526,3.4173992559279167,0.5401060187738407,0.37990678548087825,0.07987625015531384,5.289353364985959e-05,5.80075889356947e-05,203.08753096408606,92.7734375,3.0892480946232697,1.161947890592324,21.799153976479204,5.325746670078344,0.3772159880015835,0.3251986235311094,0.10722079764812253,0.06804610644157671,0.1220851436315737,715.4821677283826,92.7734375,4.409557673623978,0.051946869327958924,15.217747093920066,4.387750582755545,0.5377398403217847,0.380983530229043,0.08118874051975719,3.882040192945915e-05,4.902815643586527e-05,203.4965728404969,92.7734375,3.064236576651257,1.2310956213701825,28.451566058625083,5.091352094632872,1.364118856429739,0.01891483601892035,1.0757908390263882,-2.5886706806365396,Train38.csv,Normal
427,0.36841325679819664,0.08884209521053278,0.5271367228650599,0.00922165604409754,0.006377391870242526,506.625128675313,795.8984375,4.3872739977053445,0.13594185323241453,1.1594825889001208,3.735499759815635,0.5573984656126499,0.380689393193404,0.061816836041410965,4.7813227757252204e-05,4.7457845485388396e-05,193.08548684313857,92.7734375,3.0843520661713453,1.3261018793875525,15.597797862914778,4.946646035535791,0.42109128596725953,0.11537487900833815,0.44780080884066337,0.00873813537491917,0.006983921882448436,455.11226675475393,795.8984375,4.415649338223007,0.13064221293985476,0.7195198602304951,3.675769250683447,0.5812252118991618,0.3583299620964484,0.06036825193879313,3.4299079176514525e-05,4.224156489047011e-05,185.15081729490188,92.7734375,3.1273109718301573,1.4520379237195815,17.099599804430284,5.317916157647695,1.0405660554328913,0.005299640292559776,1.174835979558947,0.4399627286696257,Train39.csv,Normal
723,0.7402632855361407,0.1508316696387581,0.10098183327051377,0.005358931079015057,0.0025624171254303185,177.55169161222344,39.0625,3.2791979007665577,0.3310387043233086,1.4827577246851567,4.8193215581714135,0.5556289616254751,0.3727786447222042,0.07151638187555061,3.838890191804401e-05,3.759309894956238e-05,197.020305024664,92.7734375,3.1900531192283457,1.3587591466179063,23.37152424135157,5.205127881916745,0.4768594782105439,0.2961111514629589,0.2134594367492209,0.009691816830926406,0.003873824441856447,315.0881381949015,43.9453125,4.4229807529467555,0.2768777579875422,1.1695312698924978,5.036002339638042,0.5552099675504958,0.37673620086918064,0.06799086836989997,2.7741452432341406e-05,3.5193524338484286e-05,194.66547851455869,92.7734375,3.1849945788027236,1.4575123650082364,17.310813951873836,5.435779225251195,1.1956132032194153,0.0541609463357664,0.4765411897396944,0.31322645479265887,Train40.csv,Normal
1109,0.685410430811373,0.11999034410847458,0.1834053002638737,0.009229381941784432,0.0019634885161852293,226.4071202215151,48.828125,4.280542925756738,0.47013434153503686,5.873896228600661,5.727163078556839,0.554848658696403,0.36291955677703697,0.08214871529049923,4.028210793837214e-05,4.275907993318437e-05,199.61448387278554,92.7734375,3.3804308164644703,1.3520773607522596,16.32575378774996,5.972222057887691,0.5353865862258572,0.19540928666699056,0.25236232212538834,0.013803945300434156,0.0030356263122859628,289.9482117898427,58.59375,4.40177024194763,0.4116960234271777,3.890869873126925,6.032993710572259,0.5692488985446346,0.3562625655123299,0.07443000094491369,2.520622294865699e-05,3.33038693503892e-05,191.92978481412425,92.7734375,3.384316365989625,1.5110982824619312,18.013196091766066,6.1743954752341015,1.1419453034290739,0.058438318107859155,0.7237381481318066,1.9830263554737364,Train41.csv,Normal
620,0.8327566633436299,0.11696373133003354,0.04139860319056123,0.005216882676087091,0.003659833993509276,124.53219484771135,29.296875,3.270060916785587,0.21999540163939246,2.782280170965042,5.2283990235576265,0.5475337289120338,0.3782488142459578,0.07412838011227038,4.4635029682839407e-05,4.4411421855668635e-05,199.84228665303326,92.7734375,3.2320163964837123,1.353691524470457,21.307522304415585,5.6681568004273295,0.8227678317719223,0.12380728551053895,0.04406902505803602,0.0057265688808247955,0.0036241478090519143,132.3136686258997,43.9453125,3.110208746572206,0.19886418741571407,4.40248015961431,5.957447275127026,0.5502366575215527,0.3787425475919017,0.07094710001195993,3.268845033765721e-05,4.097670050388579e-05,196.15013743921426,92.7734375,3.2022847452231007,1.4762308817133105,21.455795376784657,5.807687566871137,1.1062595200876733,0.02113121422367839,0.936136739080695,-1.6201999886492677,Train42.csv,Normal
874,0.8329026696621973,0.08774247621396458,0.06996247028307151,0.007043330411765622,0.0023471159526658684,150.24661567789752,43.9453125,3.742558642681218,0.5630671967099491,4.228311601343643,5.96756602183706,0.5628877561058402,0.3576339318351667,0.07938911550838053,4.152445823943171e-05,4.763351329988762e-05,199.10683425355217,92.7734375,3.364412658032641,1.2559150989003516,18.115212808458242,5.3737997326760745,0.8411982328692951,0.08777955543440094,0.061638236640378465,0.006839032830406736,0.0025430693356985386,138.52963506091422,43.9453125,3.533515619920393,0.5620336035826944,3.4170316135594163,5.376999270846841,0.5714056798112526,0.34346136204146177,0.08507017267178969,2.6454728836138524e-05,3.630135842245728e-05,198.62279996815127,92.7734375,3.489006062812871,1.4675832720266344,22.167145413738606,5.237562178264682,1.0018390219353914,0.001033593127254706,1.1245454172664564,0.8112799877842267,Train43.csv,Side II
866,0.7540177591881453,0.12691120604961584,0.10857975962791501,0.007184990970283032,0.0033043110691899713,190.55040939195644,48.828125,4.037465325360876,0.39120342431153404,4.373417017705019,5.239894149117606,0.5993017577272977,0.3349959651811274,0.06561732304109572,3.874071082303126e-05,4.618001480917761e-05,183.028672364184,92.7734375,3.3952826251784587,1.3117925189251638,20.304695756688965,5.888003801177739,0.7591616157343704,0.12138674151327604,0.10941841715574897,0.007437580403564694,0.0025933436981780654,184.95941460784857,43.9453125,3.9866677075503927,0.3746489378108614,3.261592410016664,5.367346477180047,0.5752999364514142,0.35585200089644037,0.06877710765288812,2.9108472757776184e-05,4.181560723100386e-05,191.55683378432653,92.7734375,3.4090206121192033,1.3693936361732102,19.59656843423001,5.785190601417056,1.0441866605927583,0.01655448650067265,0.9906616008200749,1.1118246076883547,Train44.csv,Normal
1176,0.7234540995256443,0.0705522119873585,0.18912494406346927,0.01377473249377049,0.003091458398265096,219.466459399047,48.828125,3.6365560430618213,0.37369258946384565,3.7712728630293952,5.871437538015091,0.5439224410680956,0.3746226856506138,0.0813672733377244,4.294053419456833e-05,4.462781027394614e-05,203.58395666792336,92.7734375,3.349880167756395,1.3535064562879846,15.200532588433507,4.937255539982866,0.7859279399520404,0.055452111222706046,0.1445659349807254,0.010753294879237514,0.003297158694813187,185.87881127414713,48.828125,3.3621210072391117,0.38986670990747985,3.4180168649234393,6.028806260131933,0.5584573400116543,0.35851247850311274,0.08296743499242869,2.8288772820765225e-05,3.442831715768692e-05,199.5790244301502,92.7734375,3.468377100429684,1.5159738698689558,16.95916990660026,5.273676293448196,0.9585137150951251,-0.0161741204436342,1.3063396942789123,0.353255998105956,Train45.csv,Normal
865,0.7809275235170663,0.11330850127779159,0.09557318705673297,0.0069474138069874035,0.003240672577391695,178.33694496897735,43.9453125,3.9752937697917563,0.42093201894570037,4.987359439607422,5.568005848128907,0.5659656503243883,0.36129477210132566,0.07265421763054629,3.916941458263991e-05,4.615814530966668e-05,195.8116703945179,92.7734375,3.318315617044,1.331633919866131,14.189115630634044,5.440161972668625,0.7833304009018219,0.10354477302146432,0.10283162680974403,0.007489960056287334,0.0028004843908553297,177.49112992304015,48.828125,3.8897552637897332,0.40494746422250555,3.380118230588572,5.66691997763186,0.5579069934949648,0.3726945172742257,0.06933517890937586,2.5943101905929372e-05,3.734249272340951e-05,196.19424397496238,92.7734375,3.245443736963931,1.4124582009689535,17.49202987145882,5.534424701924747,1.03947315416436,0.01598455472319482,0.9292886627793637,1.60724120901885,Train46.csv,Normal
1313,0.4610881552062605,0.22864078590339537,0.2848359804780291,0.02097211435642713,0.0044616981549409395,357.46936189252614,78.125,4.667424100756,0.6939752215426158,1.2898176470388067,5.084793480076691,0.5482076416883409,0.370281106082255,0.08143661030259912,3.40508323075628e-05,4.056164436073912e-05,204.42760518207308,92.7734375,3.3952122380088587,1.380373013982073,15.392286414170933,5.598243384719633,0.4546789467451523,0.24730749327698612,0.2700348181401599,0.02154625124395095,0.0064305650082353135,357.34360706686374,73.2421875,4.690843594732301,0.678634825367151,2.431512922243538,5.302054807958628,0.546354789822923,0.3753651680115142,0.0782249697821799,2.2406024290268034e-05,3.2642954725021375e-05,202.87143574016602,92.7734375,3.3709216952644216,1.6668563679884738,22.15053779231661,5.5548392017443575,1.0226047862258774,0.015340396175464788,1.0487926888793007,-1.1416952752047314,Train47.csv,Normal
4,0.6407818188061039,0.33107810665766313,0.008728533178999692,0.009588493097359228,0.009809571257440105,208.55620142602814,48.828125,3.4135145971126177,0.1052729272353747,4.487815687300819,3.5609258032572235,0.5267837794238267,0.3911039572816391,0.08201038341449404,4.9249016981752385e-05,5.258247883137302e-05,208.0474728031915,92.7734375,3.0883645263616284,1.2453516314654105,37.110883057337304,5.843262818740443,0.203305691144018,0.7870599872373978,0.0033137642762671245,0.0028547578526148813,0.003460982413045314,308.8485416577588,356.4453125,2.0732422388690868,0.11192141047328782,6.5144482567647835,4.1813668671351305,0.5399601556368309,0.3869649303614206,0.07300362702651077,3.289961893398932e-05,3.835897290432659e-05,201.97157117798795,92.7734375,3.108341935681149,1.3636761812616602,41.437825670400144,5.6886412457158935,0.940596851394249,-0.00664848323791313,2.9694346432123586,-2.026632569463964,Train48.csv,Normal
0,0.37733373133498643,0.30955105360411245,0.10588676270034447,0.08084986269207335,0.12617636839472116,740.9876734486633,92.7734375,4.547723629255131,0.07061842743483808,12.860150349322868,3.310195575280032,0.5364958390712802,0.3900224122900777,0.07340361329350831,3.8285428955703637e-05,3.9819434620123724e-05,202.47104968842754,92.7734375,3.088436805336662,1.3381007201945412,15.755040439152998,4.9233444128335675,0.3894801625291871,0.3347007953071934,0.09546699138568669,0.0710352112629695,0.10910665810586821,672.2586222059655,92.7734375,4.455182308347869,0.05431912326341322,11.79705457432765,4.312964910801931,0.5433068029840247,0.38729525745606797,0.06933776057829097,2.7561156266907796e-05,3.259397062703595e-05,198.96802106746017,92.7734375,3.1445210102850085,1.491923335509657,15.193209919108035,4.813385280960663,1.3000656470892942,0.01629930417142486,1.1215264501030822,1.0630957749952188,Train49.csv,Normal
127,0.5826426085794957,0.1676821853907375,0.19518902745818084,0.02625862460451875,0.028180493243046355,378.5348598494126,53.7109375,4.687622632532298,0.08626426254607589,3.6550788212986722,3.754707660971113,0.5358866606153441,0.395234784002518,0.06879065446271648,4.1002918556270615e-05,4.685585636519436e-05,203.50217117412575,92.7734375,2.957738717571588,1.2244350124031327,17.208420022945358,5.471317897552823,0.5560831396351266,0.22766244925008214,0.16407513061232953,0.023882061637115166,0.02824039131639756,359.1807413507464,53.7109375,4.643531121660207,0.07481426241286197,5.4492174728507425,4.825713018148468,0.5527752911423253,0.385965085185134,0.06119520471642796,2.7543472540377406e-05,3.684751076893402e-05,195.22146823597726,92.7734375,2.9703225949243066,1.3958457164954858,15.868094949829931,5.203425832327151,1.153045670850586,0.011450000133213914,1.1781813094474576,-1.7941386515520703,Train50.csv,Normal
87,0.3460540296987062,0.2587906341289991,0.22975330367505423,0.06757824951522341,0.09765612412894481,706.9705028412312,92.7734375,4.774750406135688,0.07315745586764241,10.734830102430688,3.6430804313431793,0.5429978167629445,0.3855886411509795,0.07132294973250398,4.690935180664685e-05,4.364892512219166e-05,202.1361472283958,92.7734375,3.0533034781135764,1.3563078330231613,18.626919821984316,5.3153851046676115,0.3588086813848716,0.28556185373853954,0.2055797746452948,0.06109225120178756,0.08876260895470693,657.2694109819759,92.7734375,4.606008356949183,0.05794421657071863,10.223950627684646,4.516063828494991,0.5580976677913152,0.3778642315552353,0.06397698554386419,2.7777786846474663e-05,3.331411177621023e-05,194.24251131863443,92.7734375,3.0914418454448653,1.5147150703647139,18.729072708231694,5.407766040753739,1.2625497234190215,0.01521323929692378,1.1149709127938503,0.5108794747460426,Train51.csv,Normal
87,0.846726226850804,0.14042830029786377,0.006830986120680505,0.0024471690542889673,0.0035617531899898216,129.1994978069812,53.7109375,3.8599666563165655,0.16849185081934548,2.2715560962937085,4.1628630736221055,0.5387819880297716,0.38538239862211254,0.07574803316184608,4.3225107799562246e-05,4.431875553149808e-05,204.26928433381224,92.7734375,3.0781622425857766,1.3291684214994774,28.008642116568453,5.605861332387894,0.8718975872088187,0.1151161119058295,0.006589047757289686,0.002503631992234343,0.00388622223945212,119.15349576955835,53.7109375,3.662533540039256,0.1661273034627234,3.0404441875646424,4.444537489814895,0.5524017776319903,0.3778629531783112,0.06966019039226853,3.41111699946677e-05,4.093288546197323e-05,196.93376489506323,92.7734375,3.1226281796557185,1.4141208374958758,27.56365697165416,5.76960403243819,1.0142333396925287,0.0023645473566220876,1.0203982115456054,-0.7688880912709339,Train52.csv,Normal
952,0.7084307715243062,0.19317076232935218,0.08672550369029022,0.009213379122922418,0.0024581615441987884,197.9609303616821,97.65625,4.235623029317649,0.5955390390902451,5.382778589851,5.999862560301693,0.5663264223041085,0.36358287099328346,0.07002026755852546,3.575848857592872e-05,3.4653853947198295e-05,194.5992048823702,92.7734375,3.391419526168531,1.4974310527607806,12.313099946430572,5.541479696986601,0.8108946465136375,0.12698891078489485,0.05467934470798036,0.005081419666647932,0.0023547661518060806,163.92145037356352,83.0078125,3.8915905360778025,0.7687620864073981,2.4519551940755147,5.226454169721713,0.5773340850228327,0.34279256737950065,0.07981190827909056,3.246568649448702e-05,2.895238853135144e-05,195.23354305013297,92.7734375,3.6244805076915703,1.712601273099784,10.80439351011185,5.686358389903441,0.7746727483644038,-0.173223047317153,1.6053824312956997,2.9308233957754855,Train53.csv,Side II
700,0.6864835717063451,0.12437288208495492,0.17713271250309245,0.009539077230105162,0.002469323390573079,245.30607672242107,68.359375,4.176577747685783,0.31373492129359815,7.1620577142358295,7.149947117879268,0.5530628025333302,0.3735118259692139,0.07334080815044358,3.738831676494137e-05,4.7134559585292274e-05,198.63079314289732,92.7734375,3.054810144729864,1.2781707760685017,29.51362443355197,5.732079871748102,0.6886735478931701,0.1090478038972628,0.1913949693596264,0.008337385237103805,0.002543906610427806,234.4703907983107,68.359375,4.170891344796319,0.32407010673882,5.691180951396689,6.480550250838298,0.5711644862526778,0.3557206931576212,0.0730503766055921,2.5824298941833712e-05,3.8590632718244254e-05,193.40479072085316,92.7734375,3.089309088045665,1.35902490077288,23.109018484989228,5.554822255366407,0.9681081772171614,-0.010335185445221828,0.9346096638949047,1.4708767628391408,Train54.csv,Normal
0,0.36291590223213965,0.3179836933098016,0.10824627585052042,0.08044393155574626,0.130170998845235,759.4387437697326,92.7734375,4.6117174943609145,0.07048101182416613,13.65357347774567,3.230179622226879,0.5324019907619217,0.39154778318024863,0.07595812389988206,4.518670377674622e-05,4.687968328179655e-05,205.63594511138,92.7734375,3.0894051561932616,1.293605936243039,19.308364405396663,5.152678091852643,0.39327166549939824,0.32631759819595235,0.09740784716237508,0.07030022903504873,0.11251683646870297,681.6680992291015,92.7734375,4.411513378594673,0.05437064677604039,13.720995848446211,4.104112724878893,0.5516904835131756,0.3776610123358959,0.0705838276334241,2.8471155194680107e-05,3.617788437880333e-05,197.27086048495954,92.7734375,3.1224446658310705,1.4683634156774077,18.306369634241975,5.163576932601026,1.2963062738278635,0.01611036504812574,1.1251110295906797,-0.06742237070054102,Train55.csv,Normal
935,0.5544184293696023,0.12553978035223687,0.3019573837931441,0.014758060330574654,0.003324688201586364,293.27056633297127,63.4765625,4.335054035501394,0.3294710748323331,6.009086653645623,6.162935873875497,0.5586909450597037,0.37461106686290613,0.06660158479420061,4.300843012203776e-05,5.3358438196218744e-05,195.8827187380018,92.7734375,3.072382856345188,1.2072220952707644,17.12265924687442,5.287044824900756,0.5818753928126906,0.1183285863500602,0.27527422603118096,0.01666381038284329,0.007854742374729157,289.90182002311946,63.4765625,4.195366335043157,0.2899128814918416,3.051116419375602,5.601131870460371,0.5624497563025062,0.37572647359027567,0.06175402025893214,2.7726329073094785e-05,4.199359718165005e-05,191.52206983774312,92.7734375,3.1394483223033194,1.3303434795250653,13.663766218150137,4.83437766668272,1.1364485496487198,0.03955819334049154,1.0848721424901384,2.9579702342700207,Train56.csv,Normal
378,0.8004035848277488,0.1656246836471968,0.02462472079934061,0.0061008336364636985,0.0032436524368218856,148.67613949814154,53.7109375,3.979578534137638,0.2417859701926307,4.088176091563607,5.039898330849688,0.5227143315311166,0.3942180957328566,0.08297480888211628,4.6944824922922306e-05,4.579123433943037e-05,210.32311130522066,92.7734375,3.0027227787962563,1.2819793378452684,26.454807155245234,5.684886515378546,0.8150652124058672,0.15668413123828798,0.020720211367544022,0.004574225210517565,0.0029526201212441636,142.58911321627104,63.4765625,3.845381524855871,0.2656500827054018,2.5883129351648915,4.762430255146433,0.5365209192115339,0.38892318556479805,0.07449163491665153,2.951219762705085e-05,3.4716264166546274e-05,203.78353516428146,92.7734375,3.092308182243321,1.4248869358467535,27.435530090102105,5.442452698235565,0.9101671146498274,-0.023864112512771096,1.2147158576260753,1.4998631563987157,Train57.csv,Normal
634,0.67512753644509,0.2222369640398124,0.0900123155788596,0.008046036985559632,0.004572352235435632,197.01978761705328,43.9453125,3.903979483734834,0.21808049681318525,3.4582294563000486,5.032363845000603,0.531101479083376,0.39593547679718166,0.07287232340264141,4.553380663322506e-05,4.515130137460733e-05,206.11787132928504,92.7734375,3.1207707270857603,1.2771461115087996,15.389712394004512,5.197661813213553,0.8804624912535186,0.07961415245783077,0.0329977055078942,0.003897307659650421,0.0030253506379917345,106.63357022152594,39.0625,2.8797023054142166,0.23692594409474232,2.0972016867481473,4.7452557682995575,0.5444158123643761,0.388560604464829,0.06696210653046607,2.733562562277385e-05,3.4119195739711674e-05,198.25107949180938,92.7734375,3.2021777348284775,1.4588241234894879,18.251260278206992,5.174333429316052,0.9204584864100843,-0.01884544728155707,2.6577670391756634,1.3610277695519013,Train58.csv,Normal
349,0.7775436041642808,0.18021233922835717,0.03660843043548989,0.0033048485269486037,0.0023288972498053326,145.66494766687117,48.828125,3.9514811397206717,0.2372278547964442,9.429334600697388,5.9523690196880885,0.5351777841975599,0.38482324658840367,0.07990880540057416,4.4248115947551237e-05,4.5878065483751725e-05,206.28160830880734,92.7734375,3.208237713841851,1.3233448237280492,26.09629190739539,5.486798649390103,0.7815027895192314,0.17647534611441443,0.03391426281847621,0.0049304873906304,0.0031738197566598186,148.3537213868807,43.9453125,3.9531638899951425,0.22681982130209705,11.311260143078524,6.6839389586869675,0.550365648511868,0.3796744555826411,0.06988132054997327,3.7030738733229905e-05,4.151360264197047e-05,197.32677761781088,92.7734375,3.188636582700309,1.4092867788283172,30.40850375307773,6.011485267577218,1.0458867853290392,0.010408033494347158,1.0275076482683556,-1.8819255423811363,Train59.csv,Normal
644,0.674110053164935,0.12981297057102695,0.1825292714138903,0.009841978330093693,0.003702912482036675,247.09442866206683,63.4765625,4.2531102923549335,0.2773423969304507,4.8257909697477555,5.683790469984127,0.5504416344308393,0.3881540318633859,0.06131148234677634,4.3785984071378694e-05,4.902800446909022e-05,196.55814987735468,92.7734375,3.2083115707685312,1.3126004866916392,26.807430931130074,5.628384496525419,0.8239953689814045,0.09581413611692552,0.07319840564627696,0.0042386370966100845,0.0027514693793903545,158.20754483088047,68.359375,3.9469436317047055,0.3676100157249593,5.5271399550112035,6.0515021616065265,0.571658036454525,0.37066394264995095,0.0576133223130664,2.700350998699818e-05,3.7670325133211577e-05,188.56926004308195,92.7734375,3.3256224574099043,1.5020355747913883,25.70971050244993,5.454093977600355,0.7544473336208202,-0.09026761879450862,2.4842277086753355,-0.701348985263448,Train60.csv,Normal
517,0.7172774284659333,0.07852317592855827,0.196074609556437,0.004982334088305202,0.0031387215276213526,246.58595862533278,63.4765625,3.8392345093864186,0.20183549499640618,4.030296495716044,4.813372874971159,0.538972162130784,0.3796240117836628,0.08130619359526933,4.612661968064687e-05,5.146615065635945e-05,204.82232404910644,92.7734375,3.0801041803528095,1.2141212121556286,17.783102270773842,5.231076139903559,0.7915010961820553,0.05711941556838496,0.14354940464679292,0.004569501436349453,0.0032569009137372,198.8784851557826,58.59375,3.327576989586294,0.1941011518783991,3.047339505172141,4.884599029040203,0.5624880068566032,0.3633966604436849,0.07404361448103051,2.9823295654857654e-05,4.185504366785339e-05,194.86401748602643,92.7734375,3.174184866103048,1.3156237449578454,17.634310096091852,5.025501439228245,1.0398469664054624,0.007734343118007081,1.3574022898500362,0.9829569905439031,Train61.csv,Normal
895,0.8086942862136577,0.0767746482603667,0.10537146880365718,0.006446640998875829,0.0027117099579311837,165.58108904342402,63.4765625,3.4229984202816914,0.464615832550171,2.4477545184674607,5.020735672271497,0.5524888513601813,0.37210597091457526,0.0753149449920103,4.039474357277298e-05,4.980399806080578e-05,201.44591332117537,92.7734375,3.18154660573242,1.3348398560197379,27.109135461511396,5.880308326090047,0.7692827066489175,0.10779352093409021,0.11155621259163773,0.008622036431512865,0.0027441381161571656,181.7661811236802,48.828125,3.9426004755195883,0.4222054357305497,4.411065863166538,5.755613645577423,0.5615469924788873,0.36314322808202915,0.07524674796839532,2.561773364026824e-05,3.7384182819106546e-05,196.79110668791074,92.7734375,3.3176994408272082,1.4860804308518585,24.421839082106235,5.973429596341514,1.1004496676974047,0.04241039681962133,0.9304354971136032,-1.9633113446990773,Train62.csv,Side I
724,0.632973355734718,0.19160427380648645,0.1640209545546317,0.009031148120562367,0.002368604081145417,259.8327149090053,58.59375,4.097069042263509,0.3028968558880309,2.3771384619414673,4.814869951416924,0.5523185500354266,0.3799659436812846,0.06761500768031489,4.49977524389481e-05,5.5462058213529875e-05,198.11824109462887,92.7734375,3.029199160967543,1.2081754228784318,19.841652097420756,5.294794672536737,0.5334861994405014,0.20930386739609416,0.24266926804390132,0.010210578756227896,0.004326713198351489,326.5588414514448,58.59375,4.410701379158366,0.26816845971427433,2.132905546176664,4.693636324491798,0.5670887962041283,0.373971682696631,0.0588697172386634,2.8710512645724605e-05,4.106240297317416e-05,189.95061771888584,92.7734375,3.1027182061086163,1.3985988416167894,18.605679430409317,5.307952739937045,1.1295021609970706,0.03472839617375656,0.6843253987244199,0.24423291576480333,Train63.csv,Normal
181,0.6322960534817439,0.18290094922771002,0.14876186493224364,0.01840166275198953,0.01761447661513972,304.6551929303617,68.359375,4.426681881252962,0.09615029617571362,7.221743204510231,4.823225145592721,0.5418455448288992,0.39793295861274935,0.06011764917171167,4.90486970694815e-05,5.476025076632548e-05,199.3527924922361,92.7734375,2.9227900552049544,1.2791189612890002,23.790675862796583,5.2959352386503316,0.5908591046660513,0.22687181719910254,0.14827336676861327,0.016145318816917692,0.01781582573601973,306.9273720682412,73.2421875,4.496398243516915,0.08606032664686883,5.442871803995858,5.2082534829302425,0.5472698737324061,0.39935808192397276,0.05329806326845875,3.102172940420794e-05,4.292901907684651e-05,194.49603336896075,92.7734375,2.9709713273270055,1.4140834603091403,30.335741755876263,5.055848519512917,1.117242971351991,0.010089969528844792,1.0166942161849368,1.7788714005143733,Train64.csv,Normal
867,0.6755756817625642,0.14402097430888794,0.16910591355250454,0.00857107501804159,0.0027236504468293324,233.82534623236725,53.7109375,4.1333812983877625,0.304472669303938,2.9586307101223444,5.156175843446415,0.5381614719290715,0.3952833109307201,0.06647859828477269,3.535482563084394e-05,4.1233892051422974e-05,201.90508664821957,92.7734375,2.9960511743219063,1.3681673212640972,18.99488071740773,5.708968848764914,0.7026411284366457,0.14899855552386834,0.13756217666424952,0.008393913884008803,0.0024005584590994448,219.8617520189862,63.4765625,4.0778750325420425,0.30717124124762757,3.215201576380703,5.051918348429016,0.552819478626533,0.38594269325282876,0.06117745317906918,2.531326919027525e-05,3.502530047974428e-05,194.99292846223224,92.7734375,3.0226665072243226,1.5418502669706007,21.408049397545877,5.65292715565173,0.9912147604575753,-0.002698571943689554,1.2173317789329794,-0.2565708662583588,Train65.csv,Normal
871,0.7756099847213482,0.10522018665343684,0.10731376043849448,0.008922212326815499,0.002931727194246186,189.86944297216735,53.7109375,3.990047480703209,0.3407702632483024,5.547390041375259,6.196002793161008,0.5411596063953905,0.3846996469459035,0.07406170787681128,3.917961749784594e-05,3.98271114671811e-05,201.56734736887734,92.7734375,3.1048374343092418,1.3543448147330865,16.998131811990667,5.418944748507766,0.8700585626470482,0.05782558913807293,0.06423503960633435,0.004998673188599612,0.0028800277467295513,140.52107966213433,58.59375,3.6361230052869713,0.4450454152543547,7.047992472039015,6.092832001130672,0.5618235835335063,0.36186215912653785,0.07625704039555461,2.6079960182145116e-05,3.1112627418369445e-05,195.6187314568582,92.7734375,3.301487728725179,1.5452468444144603,20.1851214752271,5.705754998594632,0.765697726124975,-0.10427515200605231,1.6788926433961615,-1.500602430663756,Train66.csv,Normal
632,0.7915403736126541,0.14987041069597748,0.05012217356941909,0.005088072068874488,0.003376419094082041,142.2337481379847,43.9453125,3.182254851991648,0.2316675729442937,2.9677377194313,5.128780264245664,0.5384220080990725,0.3880315828756133,0.07346714963703901,4.103923725590951e-05,3.819554239911836e-05,203.24982821034683,92.7734375,3.065869212110467,1.353904074153831,29.506638957190674,5.083076463349203,0.8177359635178043,0.12332426408606521,0.049805875813965735,0.005574708406873799,0.003555790964632952,131.99835954479215,29.296875,3.35577865220353,0.21878639589935076,2.542988024897366,5.604432177801337,0.5336787693602992,0.39388871964402056,0.07237270677963256,2.727741678646891e-05,3.250300098496963e-05,203.00008589521957,92.7734375,3.166935941698414,1.4404248856726087,11.035203902741774,4.698843174699152,1.0588755801434433,0.012881177044942932,0.9969242003877948,0.42474969453393374,Train67.csv,Normal
668,0.8555077231639288,0.08931675855503536,0.03750151555751076,0.009306945310929748,0.008362161173870031,149.73685354747653,63.4765625,3.4526695703089336,0.4854041551958076,6.88087018273596,6.222552423543496,0.5490730847317242,0.3624260826781622,0.08842133387648081,4.0216270507414214e-05,3.925248101355294e-05,205.8173162517014,92.7734375,3.490456963270196,1.4759975312708544,15.133639283094208,5.906605578067526,0.8403716846433741,0.09355934846813806,0.04110353066767159,0.013165529290478128,0.011796370265761849,168.62852466418178,53.7109375,3.6997774187728316,0.4614814151235245,7.198535369468157,6.563880864938194,0.549642875508874,0.37207477613401513,0.0782157576118204,3.037203026348072e-05,3.618439424189425e-05,201.1797767103589,92.7734375,3.399982217122577,1.5216827239652704,15.130930917692103,5.855629760280486,1.051839008541743,0.023922740072283122,0.8625257198486898,-0.3176651867321967,Train68.csv,Normal
7,0.3749945269518495,0.3164274263235208,0.1108812703010291,0.07560978836990959,0.12197106225440883,723.6087464193168,92.7734375,4.5138318109921265,0.07069907541392711,12.946995584128995,3.4073608977965417,0.5400038963666917,0.38215381363460876,0.07774091598170797,4.9078532727417755e-05,5.225891029083335e-05,202.62256446758184,92.7734375,3.0425518538968492,1.1810583613259689,22.07086829011435,5.568076658514261,0.38136995466448675,0.3230438226386831,0.10188295393481507,0.07356222653338118,0.11994115065605013,710.3511426312563,92.7734375,4.473872821970357,0.053427187650852276,10.25774669581271,4.062906993300696,0.5447381768550698,0.3785325361238205,0.07664806853847768,3.564538959384473e-05,4.554008090668812e-05,200.87134300370667,92.7734375,3.058389971436733,1.3131843136338108,19.89688980083278,5.159664068763595,1.3232789746049891,0.01727188776307484,1.0629591369241724,2.6892488883162855,Train69.csv,Normal
329,0.8200064002315802,0.14019990795330758,0.03401720655371277,0.0036381449727951234,0.0021366692370387986,134.45087184403604,58.59375,3.85514935408294,0.2169958628814151,5.824748659614399,5.702752839253213,0.5371790209838302,0.3840621296457155,0.07864840962204163,5.441613672696207e-05,5.5983210601969785e-05,204.74350333896413,92.7734375,3.104545020852029,1.1739115499006816,62.486744991112985,6.393938621678874,0.7308402003482697,0.22094935966767495,0.04006241282444571,0.0049240065084052735,0.0032207640531097775,163.41802993008255,34.1796875,4.225589412770409,0.210219320523922,8.546658711404147,6.595682970075122,0.5496325366795862,0.3825453997837208,0.06773375297493547,4.2133806112807885e-05,4.614191030225942e-05,197.40622622730172,92.7734375,3.1552706028777595,1.2823573869239042,55.67548550844762,6.245699298461561,1.0322355781018062,0.006776542357493087,0.8370381828093659,-2.721910051789748,Train70.csv,Normal
363,0.7943782458298839,0.1479789676065052,0.027946268877562432,0.013811826486708293,0.015875657483342676,191.02211914203235,63.4765625,3.985190311912271,0.26256764382049025,3.799039480978729,4.891825621321587,0.5366931142494775,0.3834789411588299,0.07975431831033569,3.7274697492597454e-05,3.632042108568562e-05,205.68332167871264,92.7734375,3.2437419288233693,1.4784811775231783,13.953106284172357,5.419788065842802,0.8079357861004438,0.1537048180646897,0.02337268867294227,0.010810310761002737,0.004170897037466546,154.50588296598082,63.4765625,4.004859555266412,0.2917365854683229,4.14718787718905,5.1726403112385455,0.5419094338380932,0.3843026546385688,0.07373191975640334,2.601462958262302e-05,2.994949805678549e-05,202.06712522815891,92.7734375,3.2433327634537608,1.6214664463957775,14.063054690418584,5.330509329574035,0.9000161652642088,-0.029168941647832625,1.22160415511107,-0.3481483962103211,Train71.csv,Normal
1224,0.507362056038407,0.2549041915261393,0.22060497530044373,0.01475752989570819,0.0023699005823965913,299.33939391684817,97.65625,4.691303334130221,0.6904976607405457,2.2443447646134365,5.274193616540046,0.5415832597951696,0.38924415622787273,0.0690899658907446,3.866081422592239e-05,4.3927038095756145e-05,203.25816804108211,92.7734375,3.169971966573807,1.3451979518865331,22.25045122296383,6.089352215139391,0.7056780756745261,0.15188409665288446,0.1266312318466593,0.012276057746269517,0.0035297316618778866,212.72214669789358,68.359375,3.8901341974800348,0.8729958348972832,1.9563880811526766,4.894405283855523,0.5848481722140595,0.3127003980426789,0.10240196884393382,2.025162539627669e-05,2.9186288716108815e-05,199.9555954753398,92.7734375,3.939791679313976,1.7815118121969105,18.193933389333477,6.2051496893534175,0.7909518377379635,-0.1824981741567374,1.6943855444268034,0.28795668346075987,Train72.csv,Side II
627,0.7456218764357001,0.17907730160737262,0.06478479829370437,0.0064882349154399685,0.0040233274124800615,163.92377334139724,43.9453125,3.6031321956970386,0.22947933085085492,3.615727730465978,5.465207452383071,0.5305018719127231,0.39379896983324353,0.07557381511531103,6.150378814230623e-05,6.379437494532268e-05,207.2016321021492,92.7734375,3.184560082342964,1.1635629112742314,48.14507023014194,5.873257624821235,0.8765062144307948,0.08638377333541292,0.031134917231536396,0.003648360086001046,0.002323121288404256,103.44993753778559,39.0625,2.9278929501459188,0.2322672682579767,2.7844319767242425,5.349288513086665,0.5419428371976284,0.3922071287670512,0.06576041819797099,3.840565713056528e-05,5.116280149567431e-05,199.0745917884203,92.7734375,3.1436822879302735,1.3134697689000692,19.151253156903294,4.840021738249549,0.9879968520057588,-0.002787937407121771,2.04906025701462,0.8312957537417356,Train73.csv,Normal
837,0.7835358797038984,0.07666745778711147,0.12973032100492396,0.007901710740722045,0.0021634870793988694,179.67527219539483,58.59375,3.8719067576188366,0.48051858756643795,8.288684529813647,6.768157834079361,0.557382940196828,0.3599097970198404,0.08262445383952563,4.1304442459809666e-05,4.146989703862893e-05,198.67163473437577,92.7734375,3.3769718995207088,1.4104814932846614,23.726347296072205,6.418003958625731,0.804564081219808,0.06923735416453787,0.11698619237304612,0.00673450639930547,0.0024763571378189275,171.6035712872031,53.7109375,3.809744724671641,0.5152976363087556,11.126802729248427,7.534131085482531,0.5660702447534622,0.3508465924823333,0.08302444230978008,2.6609938620822253e-05,3.208802833880568e-05,196.21927931072034,92.7734375,3.4529972232380763,1.5845509624555645,20.414212592798734,6.3300382797243335,0.9325068713220613,-0.03477904874231763,1.112441426526778,-2.8381181994347795,Train74.csv,Normal
0,0.3730064770335548,0.3282268913397537,0.10581227629792248,0.07622810857860608,0.1165790651678512,705.4595839494039,92.7734375,4.457318271150818,0.07152493710646399,10.46555187019975,3.483930228980376,0.5220362411418229,0.40100342779831993,0.0768790932217246,4.159572101447798e-05,3.961158432818669e-05,208.72067759890814,92.7734375,3.0713817356708972,1.3445874906218462,15.853954497826667,5.077856101667501,0.3845031085769575,0.34186192730025966,0.09384968326208423,0.06872427861611609,0.11093586112164576,675.505942227741,92.7734375,4.532682561776169,0.05582100474266967,13.224126210533734,4.55008698575394,0.533075077075443,0.39569520326379926,0.07116022441554143,3.672131608012676e-05,3.274640125678126e-05,204.0030150072862,92.7734375,3.1898372042788883,1.5167626339750153,19.339494172083995,4.929748460171425,1.2813265571779229,0.015703932363794318,1.1197388662593677,-2.7585743403339844,Train75.csv,Normal
380,0.8124980548284049,0.15165574452706543,0.029369079289072453,0.003829569744373132,0.0026455725024435825,142.7017051242564,53.7109375,3.824898006408445,0.24895478081683164,3.6713241691095577,5.098976267858095,0.534031051348712,0.3869140325875559,0.07897631658652439,3.93328928923343e-05,3.923508346521517e-05,205.5237346430839,92.7734375,3.063027538867187,1.3832481678639632,17.42656387524401,5.4530181510385605,0.8057597894256372,0.16487181364607367,0.02319712005893055,0.0032681558000714514,0.0029002415071791884,148.4543207580555,63.4765625,3.941039328564764,0.28954408176568824,3.4719869667291454,4.99447382964882,0.5427375403587765,0.38348797868408907,0.07371761752299975,2.6307048185908606e-05,3.0533313318234734e-05,201.7124549444414,92.7734375,3.140370419217352,1.544184955000119,17.50970216633477,5.6547273707827435,0.8598165033760912,-0.0405893009488566,1.254422888160842,0.1993372023804123,Train76.csv,Normal
299,0.6283739436102866,0.0750289716089436,0.2723032494310997,0.016587048230944413,0.007694983619958137,316.8275444909553,58.59375,4.31100912876338,0.1360159757468703,8.133656206899053,5.629361625897818,0.5340196847797821,0.4021085717875023,0.06378212081950568,4.224954442703785e-05,4.7338538928266935e-05,202.46904238490313,92.7734375,2.974773321393101,1.1937415922080108,27.74830859645295,4.941516263518268,0.6203922635119491,0.09346185361050513,0.2648713056021709,0.012153791500349894,0.009104207055410575,314.5414334660806,68.359375,4.356042066130851,0.1184535456954075,4.096348508476304,5.347354952822283,0.553145566685432,0.39144701725781367,0.0553461875597641,2.5357031752309408e-05,3.584111643158316e-05,193.30241517462207,92.7734375,3.0290069074541672,1.3940502106612036,31.287842278812036,4.61718000253742,1.148264273560529,0.017562430051462796,1.042830774687181,4.037307698422749,Train77.csv,Normal
0,0.37069665909083027,0.3016235280403334,0.10625525428030315,0.08110395417640198,0.1401405323740291,788.5712590948276,92.7734375,4.628311319306004,0.06975853620863981,12.520431225267618,3.2047999839557546,0.5324533608100237,0.3887545571923346,0.07867053227818085,6.163720224829106e-05,5.98644340813508e-05,207.01849113313224,92.7734375,3.0396052932096316,1.1812785178987022,32.146702558401714,6.137812133307101,0.3799323140230306,0.33876606991769004,0.09277490625697082,0.07136707381561852,0.11700292088291477,698.296898589264,92.7734375,4.517029689870155,0.05284514433070081,14.386374059510311,4.251891518552337,0.5383468456216668,0.39230579661848664,0.06925133873606029,4.947705728812118e-05,4.651240831339913e-05,200.55126167610163,92.7734375,3.1380809354221357,1.2966924647256914,33.30555286090083,5.531959882328332,1.3200557169839597,0.016913391877939,1.1414460044432406,-1.8659428342426931,Train78.csv,Normal
630,0.8319606187773271,0.11798597278614982,0.04365597141757874,0.003850516007339864,0.0025442960257509883,123.67206169828916,43.9453125,3.1251693774097067,0.2420210589298869,3.933372681812147,5.891733977974059,0.544928729144184,0.3809674723247185,0.0739788897084843,6.161431032420014e-05,6.324742416020318e-05,201.60290278906749,92.7734375,3.1880735661035287,1.1432035633130182,20.563751803837985,5.24296022270128,0.8062556466176769,0.13698336665417463,0.04804376456839141,0.005185761706966001,0.003528714817401211,137.42935214441022,43.9453125,3.372527218667088,0.22825155309992196,5.501460604703153,6.2212336341673815,0.5482658947569757,0.38771149508790126,0.0639373490349512,3.631054940351934e-05,4.89094386499664e-05,196.0295224106291,92.7734375,3.1356924363437426,1.298639668435406,18.828942103261973,4.962588431484875,1.060326006910503,0.013769505829964945,0.8924837370650801,-1.568087922891006,Train79.csv,Normal
672,0.4862170253930476,0.1834892646720568,0.31444701343956355,0.011394841929365985,0.0044447951393287366,332.6373168650115,58.59375,4.480441393393777,0.16822006291262093,1.0101303344716783,3.885183535284664,0.5354635547889003,0.39335972060396546,0.07105386571985228,6.206597558978819e-05,6.074160842412697e-05,203.8554907333721,92.7734375,3.0942687143887606,1.2609382573652919,28.37063025505731,5.818228565307374,0.4740164307246575,0.2190812984080304,0.2894508938478498,0.01283155945206284,0.004614680941982547,332.57901602719534,63.4765625,4.51145172961221,0.16438393261852613,0.37862328510477367,4.004907949158123,0.5531297422547726,0.37757231150467013,0.06921618688312042,3.548739875802496e-05,4.6231349929223976e-05,196.18813438204617,92.7734375,3.108760624999039,1.386745140898689,28.088914067108917,5.307830097202828,1.0233364003990624,0.0038361302940947972,1.0779383676885268,0.6315070493669046,Train80.csv,Normal
312,0.812448988813055,0.14209539182035166,0.03845240663174726,0.004351501261332097,0.0026494631893290983,148.55273232872275,97.65625,4.013557711287946,0.2390637733707883,12.224717801423031,6.383622961314196,0.5291133068423763,0.39321144803136127,0.07758411904639846,4.5173608442922804e-05,4.5913940326979014e-05,207.49095584446528,92.7734375,3.1734273658743617,1.2774899671557258,19.85797809854082,5.658107164406702,0.7988602609811316,0.15188844223992304,0.04066924965507016,0.004992969291149085,0.0035854827966266627,156.4777740083235,97.65625,4.10980976303937,0.2251909496887117,8.510949389598167,6.316437550180991,0.5501489540630652,0.3832534026373283,0.06653093353976083,3.251759563109824e-05,3.4165728727238176e-05,197.36677023899344,92.7734375,3.1695041524555503,1.4855312629310242,35.32092187824575,5.3572319029612165,1.0616047076476596,0.013872823682076596,0.937403129841116,3.713768411824864,Train81.csv,Normal
1156,0.6227148440215509,0.08413069533907253,0.27440620074271166,0.015384124869190736,0.003360850108278842,276.0145520881876,53.7109375,3.8794244966938924,0.3316443262082903,1.6512739865395947,5.203093093254786,0.5570685841940102,0.3670439406362107,0.07578756088909402,4.892984751778342e-05,5.094864629950248e-05,197.23508278027333,92.7734375,3.272714058372141,1.2360924682113876,18.307818584685847,5.787603778850958,0.7150103502628976,0.06122515930132699,0.20727974792924056,0.0133921168475716,0.0030893739360830894,226.6883675844303,53.7109375,3.5949023828101976,0.37208934794848963,2.632475259442811,5.736339944155254,0.5610369658114162,0.36052569908238047,0.07836074747844989,3.4004077460106534e-05,4.254898728069083e-05,196.13576627991532,92.7734375,3.349597777264286,1.3747030856458762,23.83984476683082,6.656400207311374,0.8913029280346362,-0.040445021740199316,1.3132182690882612,-0.9812012729032165,Train82.csv,Normal
921,0.757910680755621,0.1069803620892445,0.12264682187505765,0.009003587886858774,0.0034559435941856425,192.55191263922396,63.4765625,3.7347342540208364,0.43825411004794257,5.1350812317445715,6.070326352008422,0.5601903429197511,0.36648398694254875,0.07324784127013458,3.540286486193172e-05,4.2394127434650385e-05,197.55038822656027,92.7734375,3.28652534199483,1.3992959154300006,21.74899848680488,5.888954830777019,0.7122035870978426,0.08927765014104372,0.18375716392059072,0.011150311250039006,0.003608217781912211,214.37942075456905,48.828125,3.9867199571046306,0.3574067335821497,3.3250432044937703,5.547259976297587,0.552590298554921,0.38027534541626845,0.06707224296759641,2.5850941324149106e-05,3.623499142278472e-05,197.23278431002996,92.7734375,3.131406962526432,1.4948026310039548,21.395152556504687,5.647920612548355,1.2262055178123963,0.08084737646579288,0.6754507951591577,1.8100380272508012,Train83.csv,Side I
702,0.6237638565544235,0.12696645884267085,0.23841267387441537,0.007264713549919281,0.003590174368445421,284.1205320733493,63.4765625,4.081358603084279,0.3098821073082406,1.6025769908319814,4.555194234156289,0.5503818829345158,0.38747607596913186,0.062060917974842915,3.738315616924787e-05,4.3712776697148814e-05,197.32814669715447,92.7734375,3.052481031025161,1.2983454030206534,36.34515178098433,6.4576462351726365,0.6613186060605438,0.11416341905154515,0.21557332482591451,0.006375279039274841,0.0025674640752475324,262.8955496083847,68.359375,4.0082554565897075,0.307872829661388,2.7162955966367326,4.900927152166309,0.5591451167627595,0.37805719200439925,0.06273165813148514,2.733682753794568e-05,3.866373235325095e-05,193.5687670081225,92.7734375,3.0856458074824356,1.4605739333544556,32.904424780953434,5.199346143940645,1.0065263201125483,0.002009277646852603,1.106911158885446,-1.1137186058047512,Train84.csv,Normal
368,0.8205809943677269,0.14684804291485692,0.026848536425439537,0.003208852712622167,0.002511676329551177,136.9538614760739,58.59375,3.8287604827693396,0.29170310090816925,4.254620439886259,5.3265836794723,0.5385036978396013,0.3807921233637218,0.08062129217606721,4.081979408486032e-05,4.20375212919069e-05,205.23144266622168,92.7734375,3.1417448253525437,1.3152735856582325,20.472351375687605,5.449763172592984,0.7995317594457769,0.1724496222171404,0.02245925357502138,0.003249393241230115,0.0023069287112381567,140.0304074946558,58.59375,3.8907585721521944,0.305815247664615,3.7575994328143616,5.391989319524507,0.5467678744210029,0.38011210172139503,0.07305974093590198,2.7227652896294394e-05,3.3031288944849725e-05,200.43185145612225,92.7734375,3.169997688008022,1.4703529359605565,22.630969006659292,5.292138892851657,0.9538540088564307,-0.014112146756445731,1.169154805530503,0.49702100707189745,Train85.csv,Normal
0,0.3702931215849669,0.3135803949924533,0.10460113866528507,0.08233600201607137,0.1289389826622177,753.7659161501474,92.7734375,4.495229346386714,0.07059423696313433,11.705476261152,3.185039570846133,0.5336792322524001,0.3917882272475527,0.07444596413518376,4.2829196723699016e-05,4.370757041941225e-05,204.89335925289902,92.7734375,2.9765930113209285,1.3303728157385666,13.329226976146824,4.680334416108956,0.3980738338377467,0.331047985034206,0.09478226327610054,0.06544814425742397,0.1104625228942531,668.1732945832829,92.7734375,4.402580248997102,0.05431960542666273,15.755957251389413,4.313238876975267,0.5497629661159114,0.38076998636153014,0.06940498394705741,2.796978097026001e-05,3.4067272969664014e-05,197.5093688605586,92.7734375,3.1024318846405805,1.4953212887914382,16.460973782773166,5.1285217259684,1.2996087712536004,0.016274631536471594,1.1666770520793133,-4.050480990237412,Train86.csv,Normal
265,0.385854723164987,0.0894914684511484,0.4816653545601182,0.019093020927374676,0.023862779675147744,537.3709760065775,58.59375,4.401999396659173,0.09296187900758637,3.445119328211247,3.7447302293243894,0.5415386954056838,0.38865217431654525,0.06973308328806141,3.780463396466081e-05,3.821871529894647e-05,202.15765861594718,92.7734375,3.0442917646086047,1.3934759423155605,20.38593464652075,5.483075945514488,0.24754780280026614,0.13766830180374268,0.5544650202659661,0.02615555583029566,0.03412053900241544,647.8488398208376,795.8984375,4.658966413714139,0.07500235127872021,2.855349248575934,3.832133487709452,0.5530689802789502,0.382767067009016,0.06410351109861923,2.7963018343666965e-05,3.2455385445981055e-05,195.76652127417339,92.7734375,3.081457762403897,1.5012504045133397,19.80656691174213,5.490180312579796,1.2394528462537524,0.017959527728866165,0.8624537180405021,0.5897700796353131,Train87.csv,Normal
371,0.751371861820268,0.2114661338359625,0.030381380285221932,0.004192925242252767,0.002586001516308846,156.1938173884445,58.59375,3.94761990212231,0.22840174096209281,6.941240213120315,5.9205924618097585,0.5477973527488771,0.3734247305077845,0.07866520704349737,5.597953268806954e-05,5.667972229509517e-05,202.21830193629697,92.7734375,3.215206375842021,1.2760791640187645,20.72301499586566,5.816577762243442,0.6945670299609318,0.25281224818876724,0.0438041865659392,0.005616476461777677,0.003195730170170803,177.33636824893298,43.9453125,4.1643106801201215,0.20940024339578645,6.682116546193699,6.423737033687342,0.5624460967135908,0.3710980938146696,0.06636842209786033,4.1320691474498954e-05,4.602719202785989e-05,191.9174105129197,92.7734375,3.1696954262450854,1.3732943472666124,21.89135894488238,5.943078630235409,1.0907424755932553,0.01900149756630637,0.6995920877972056,0.2591236669266159,Train88.csv,Normal
1303,0.544158605841744,0.2241879783641299,0.21148134543260785,0.017223524943934254,0.002947544005882686,292.9259282558854,78.125,4.391375486137239,0.7846500339083924,1.2081959607447406,4.812106797980816,0.5809486979285348,0.344814556767916,0.07416492063678999,3.2878621464807336e-05,3.891770232224593e-05,192.19607369348913,92.7734375,3.4973872121838463,1.405165479556148,16.962050354769772,5.458028256294812,0.5345857794032711,0.24031851733335527,0.20264800765567476,0.018116287513266792,0.00433031411976356,293.76356642019533,68.359375,4.4909846754531575,0.779209367464055,1.52966670796101,4.6989489512634925,0.5594113768588834,0.3654466077629342,0.07508238853455358,2.45268564782314e-05,3.507611833628991e-05,197.29076283481982,92.7734375,3.3671830676817724,1.540371007331994,17.454048887338864,5.537367594263662,1.0069822895675162,0.005440666444337383,1.0359685616985999,-0.32147074721626945,Train89.csv,Normal
0,0.37714269944950984,0.31626882627885095,0.10420896262298864,0.07676323286912562,0.12549540618262628,735.491076392856,92.7734375,4.570472487862664,0.0705297388405157,14.374891560755568,3.4046416810943785,0.5307931850802241,0.3920064653030267,0.07709951466140069,4.856479501321113e-05,5.222785116267523e-05,205.8576536079778,92.7734375,3.05605055776281,1.236896647873149,29.043794320334804,5.124356977981799,0.39306919305088317,0.32399152021374733,0.09591938729052459,0.06685318767756665,0.12001690309741002,696.9161474526562,92.7734375,4.450177016587319,0.053683543637810555,11.46765144992398,4.106402136575377,0.5446836199024987,0.3823708427318107,0.07286919023971473,3.290206276016872e-05,4.3411743478387086e-05,199.58252131632256,92.7734375,3.0866598152045888,1.3549579001640313,26.100762258758692,5.479664982838072,1.313805549100049,0.01684619520270514,1.111810109385937,2.9072401108315873,Train90.csv,Normal
178,0.7801380696283916,0.2027017555791158,0.01264725038449719,0.0022136874591168303,0.0022970879153361664,149.03398568543594,87.890625,3.9951255121627947,0.23508108408801232,3.05737695368055,4.43624892868632,0.5309858876739851,0.39069289066384594,0.07823762254770988,4.23168451873229e-05,4.125118530026295e-05,206.55367446511949,92.7734375,3.0578055279312126,1.372454627376917,19.63068127545369,5.84754418624768,0.7860621180302647,0.19358636032250864,0.014952516691493308,0.0027330597237997735,0.002662556610025485,142.35755311692003,53.7109375,3.96352633385516,0.21146631673454522,2.0971342250695115,4.488649623942302,0.5446522196812946,0.382308240144293,0.07297529865955335,3.048595384919713e-05,3.3726366635632826e-05,200.10389776630348,92.7734375,3.146856874840804,1.4957234442010934,22.6473074255682,6.140335901992183,1.1116715257845973,0.023614767353467098,0.8402857025614251,0.9602427286110387,Train91.csv,Normal
0,0.37915952521958873,0.31456626227102835,0.10469474681316156,0.07725483800314854,0.12409386436363534,728.6781711710782,92.7734375,4.496957147946719,0.07122913935948375,11.332594791885235,3.4844104420258266,0.5434110213250033,0.3803747921724853,0.07612519648731676,4.222034903951321e-05,4.673691420344742e-05,201.1638155219977,92.7734375,3.072291773808602,1.2188188854891595,25.659653416534674,5.349034305038828,0.3918404302426615,0.3252741628108069,0.09985407428573922,0.06973928507004121,0.11304117767212259,683.4544450126014,92.7734375,4.551934804826014,0.05380894394493021,13.035274506138805,4.474913278354707,0.5511554498917747,0.373037432018614,0.07573603957672836,3.098703907870346e-05,4.006249114749445e-05,198.56297403952055,92.7734375,3.1710636781359383,1.345973794410301,26.823491472910597,5.410833611917392,1.3237416089905112,0.017420195414553537,1.0728579493596226,-1.70267971425357,Train92.csv,Normal
1096,0.5376087464787211,0.21206083116586108,0.23206441373000886,0.014399318154989346,0.0038654612566350398,285.8689131506729,73.2421875,4.464686041376175,0.4983796902907274,2.525174142314602,5.557929966382611,0.5735267738451489,0.35066931293720155,0.07572906143918147,3.430001845366825e-05,4.052184813884049e-05,194.13962196234908,92.7734375,3.460614343582767,1.4106746332916398,19.182323557475538,5.4674574442318615,0.8003698313701081,0.10746569657569308,0.08312416390415671,0.006813387466400068,0.002225840173128843,159.57896239261092,68.359375,3.528592970438201,0.6847350547676497,5.428818846228071,5.697889676204021,0.5630184874564995,0.3617498283389179,0.07518089130833322,2.0899457423182063e-05,2.987120828764552e-05,197.2274808238039,92.7734375,3.4636722364843053,1.6035474830969598,15.70953873256049,5.747742653628971,0.7278431067502434,-0.18635536447692236,2.740387361994566,-2.903644703913469,Train93.csv,Side II
367,0.8369256982148897,0.13341469240958895,0.021363673720404007,0.00478149799090395,0.0035108565412308463,139.00287640931276,58.59375,3.78558388492183,0.246590985120177,3.7000095816831733,5.103718356577509,0.5403039974162709,0.382903815175221,0.07670807075495317,4.083887913288708e-05,4.3246444430275424e-05,204.33363663831312,92.7734375,3.178437568160683,1.3686216775201216,15.498774424725731,5.242322216539,0.8293995687643458,0.14725528546125688,0.017278568046201044,0.003785270337401208,0.002278879615778192,134.2317697283938,58.59375,3.812972036039549,0.28198426202459514,2.7727551963026427,4.752396409026001,0.5417453589542351,0.38568176093467715,0.07250356396073844,3.103868724763432e-05,3.8250175118249716e-05,201.3395904365984,92.7734375,3.1361671457139906,1.4533153163231638,15.643729286309974,5.317713358386792,0.8744849179710035,-0.03539327690441815,1.241234859190078,0.9272543853805306,Train94.csv,Normal
362,0.7862132288046659,0.1505363112693471,0.03409708162267646,0.01474859491886779,0.014398570714021708,196.35785301056026,53.7109375,4.052532133440967,0.2681306806171648,2.1614738462933185,4.620918186094282,0.5404327311659002,0.379186003945311,0.08027628103138483,5.1395854313028725e-05,5.3550763874494366e-05,205.2119583152692,92.7734375,3.1675820035015696,1.265908089366182,22.111868271770142,5.056329501578808,0.7995347719236969,0.1574736206442185,0.02887107078525282,0.011028053211170745,0.003089772158316637,155.3911912994885,63.4765625,3.968560356577511,0.2999582891605568,3.546641953298321,5.32954524386287,0.548475798549655,0.3807066277091274,0.0707330270070283,3.7497582185307196e-05,4.700542934717565e-05,198.3173864266088,92.7734375,3.1871364358979037,1.3298704010945555,25.79617097035342,5.311919159830559,0.893893215865593,-0.031827608543392005,1.2242292668303536,-1.3851681070050024,Train95.csv,Normal
666,0.5649565759079136,0.1379237294673845,0.28241455607380855,0.008552666391500893,0.00614887977524312,311.27335091799904,83.0078125,4.295390525195146,0.2749328898520805,1.0890083841460947,4.417461931287878,0.5439545903614477,0.3864644582509455,0.06948659734716511,4.245806002436426e-05,5.185820053815268e-05,201.4348984389442,92.7734375,2.997098808576985,1.2674123861329178,34.79160218504586,5.649943006308355,0.5781123721083258,0.14781326172841636,0.2640696875578292,0.006988058812496944,0.003013851158417237,296.93234655533604,58.59375,4.273224167078791,0.2789124653562453,2.6528617425097947,4.962725010349976,0.5542012269870893,0.37787423397128833,0.0678545644897484,2.8466005187996982e-05,4.147453717831653e-05,196.55893964052325,92.7734375,3.0141643230537256,1.4057804327625099,43.18276026025541,5.571672158637649,0.9857318084194849,-0.003979575504164834,1.0734510460893871,-1.5638533583637,Train96.csv,Normal
870,0.809993897052099,0.09770729414328166,0.0827795879069827,0.006701371513932872,0.002815538426806209,156.019615023743,43.9453125,3.744987204010378,0.46183055752808666,5.085607765425698,5.960666675142595,0.5561315656137749,0.37363835178078714,0.07015944980476761,3.271566165810236e-05,3.7889767218462734e-05,197.05498796659825,92.7734375,3.227207033065729,1.4011067150456546,13.335579261987588,5.805985105561563,0.7831983906940065,0.10387782403707707,0.10180318349741278,0.008544161038543786,0.0025738871684905314,174.3030187906459,48.828125,3.8481038317625824,0.4164325518048252,4.745886166551389,6.1993470338488486,0.5498357161507407,0.3855177032982721,0.06459023511406392,2.3805566286040483e-05,3.2514179251399626e-05,196.31174072058386,92.7734375,3.1227310525891747,1.538146656015953,23.685855772846203,5.570390414112481,1.109016464773201,0.04539800572326147,0.8109026908287367,0.3397215988743092,Train97.csv,Normal
378,0.828032889573912,0.14485919189376786,0.019306152893980296,0.004541670264227858,0.0032567011908796657,137.22849406104348,63.4765625,3.7710922441301573,0.22103992911820575,3.4888169797885644,4.96308733339993,0.5241306634863713,0.3900473281937581,0.08572250886314557,4.802372134729906e-05,5.143745663376612e-05,210.65264425616664,92.7734375,3.061560453646774,1.2400448249896194,22.589104615783413,5.323064802300133,0.8502260688545464,0.1284859345087894,0.015104606235262675,0.003554435627955363,0.0026256682718052357,125.78892675526794,58.59375,3.7574559768600175,0.268970634438188,3.972382663677025,5.014988813390445,0.541147483281567,0.3851571664010015,0.07362279693261253,3.241055064992065e-05,4.0111060941437236e-05,201.63409985992922,92.7734375,3.1876647979505606,1.396312455492168,27.46266316497107,5.125189188385191,0.8217994828993248,-0.04793070531998228,1.2780839474471966,-0.48356568388846055,Train98.csv,Normal
471,0.7077332117771937,0.09301491620236013,0.18783132456747945,0.008439941980290232,0.0029776175358146883,239.83503618974635,53.7109375,3.922518517638342,0.22596269474318575,4.809764182589525,5.346599076001935,0.5363596811759177,0.4032181333807713,0.06032958317240928,4.26222753656635e-05,4.9939315732192206e-05,200.72024725525714,92.7734375,2.906578887511793,1.2520300311256878,36.38552032621568,6.275492984815857,0.7444112488086257,0.08410477782515448,0.1619971696489253,0.005990018944661362,0.0034931708499397842,221.02702727239856,63.4765625,3.840974617763362,0.22779642460646687,6.1713894680132855,5.901260050968954,0.5496674588387688,0.3969899867589796,0.05327302329836977,2.8634359769431678e-05,4.08587060765683e-05,193.68826752478924,92.7734375,2.959081946920231,1.3977641494527617,41.51049186566803,5.8251473870959005,0.991950133289409,-0.0018337298632811194,1.168370439571083,-1.3616252854237603,Train99.csv,Normal
871,0.8453797066528088,0.08137822877386999,0.06382609487206355,0.007023950194261319,0.0023905930163361415,142.0148986224362,43.9453125,3.638283816691932,0.546128016052186,5.280447830265405,6.035776647680089,0.5830178172804485,0.33673358542247767,0.08017106576817008,3.550254849852871e-05,4.199988714184619e-05,192.77136056597186,92.7734375,3.489279198652227,1.3854892886969163,15.119228568008163,5.176155826702178,0.8223861159091128,0.08824416103576732,0.07867393816832312,0.008035844712589552,0.002658133695548321,152.0502755546737,43.9453125,3.675938215306645,0.49949333341065116,5.8462443217426845,6.172432734521463,0.5838835646869722,0.349043984198065,0.06700671060553792,2.738788486390045e-05,3.831495767065221e-05,188.41214557024114,92.7734375,3.338223718049778,1.4550449353526478,21.536422172066306,5.06331613210189,1.0933639719067698,0.04663468264153481,0.8170940105632186,-0.5657964914772791,Train100.csv,Side I
268,0.8527565604496166,0.11339538564451052,0.026845766806618293,0.004271544031019654,0.0027279094387188,125.94683123367882,48.828125,3.7377677881121723,0.19823813956287106,7.881417038528887,5.65110635026973,0.5319995235121303,0.39080698859390983,0.07708967138062651,5.1585796292045806e-05,5.219118398561286e-05,206.2115779947551,92.7734375,3.1385756400545164,1.262422292586868,31.9314983004727,6.062419456641012,0.8437706796058696,0.11730128661522962,0.030832637039987426,0.004617387615530135,0.003474551998850192,131.52049042256408,53.7109375,3.712187077658091,0.18868713117096086,7.539449456139813,5.592198638587134,0.5555143591925901,0.37908888333704005,0.06532413118709898,3.472605009104334e-05,3.786537638713499e-05,195.4061183068471,92.7734375,3.1527488294529653,1.4023490343618643,32.06612490529655,6.051244407551988,1.0506182233097723,0.009551008391910198,0.8777796422495605,0.3419675823890733,Train101.csv,Normal
794,0.37244310186238866,0.5196570477227854,0.09606031330337515,0.008964649590588672,0.0028715411076155285,305.43004377748645,356.4453125,4.025992219515889,0.2275062085728955,1.7901447689987802,4.309401804591557,0.5557825866689199,0.3802553465405079,0.0638802979935635,4.161939797449946e-05,4.011872411670318e-05,195.0777256086609,92.7734375,3.027971095084514,1.3415861483181089,23.465838264405644,5.021975009107008,0.45622648603079147,0.4406232695459427,0.08983488475589298,0.00987381271608,0.00343703616634732,281.1621716125441,361.328125,3.9957123525726836,0.22049256187398442,2.141668871264637,4.517561633124985,0.5746222081722375,0.3625167747179393,0.0627976107050419,2.8672406770671246e-05,3.4706560485879825e-05,188.383318833666,92.7734375,3.113013117282857,1.4499606478278348,25.722374973309876,5.229716203708579,1.0318089898701912,0.00701364669891108,1.0533179602528377,-0.35152410226585684,Train102.csv,Normal
1165,0.6062654284157746,0.17672677182098412,0.20274690452755884,0.01220407783615376,0.0020561180251759898,252.82264383720903,68.359375,4.2009181412937,0.6134948824009985,4.014284648958694,5.948649430182792,0.5575372783484451,0.38040464520152945,0.061957081567023745,4.59482730168131e-05,5.500295391496088e-05,195.28753467481832,92.7734375,3.284487926311179,1.2241017051737344,19.43284015574422,5.733558769649788,0.7330773253362927,0.12960045402775644,0.12196949985652643,0.011465865415739684,0.0038860201480947266,198.9099349998719,68.359375,3.6864101721237126,0.6976041859352211,2.8555412538435943,5.361332219221575,0.6383549538305291,0.2972463315652233,0.06434627153869404,2.0779487215322173e-05,3.163907638513436e-05,170.87364877873674,92.7734375,3.7225696578986405,1.5762667140657087,17.71416090315049,5.147365813203705,0.8794311930612984,-0.08410930353422263,1.6108996315498487,1.1587433951150996,Train103.csv,Side II
949,0.7510749678266508,0.15920451768852367,0.07873087977331039,0.008457422201952957,0.002530367783482895,187.7306173177697,83.0078125,4.200173619438079,0.6699612947231613,4.5373077773978165,5.688361797596917,0.5832379717098319,0.33183315190333007,0.08483528583245979,4.5304789018599383e-05,4.825330563403837e-05,195.68615564859073,92.7734375,3.721254605628946,1.3199255993059953,19.387987103912128,6.5829746040566395,0.8158385775839283,0.12449136332402626,0.052605803084223454,0.005002272714257959,0.002060438078763552,161.87823634684185,83.0078125,3.8592835608133527,0.8526915582341862,2.8085343021495692,5.391913697114029,0.580780962503028,0.33631763330040554,0.08282563527983651,3.856614974576765e-05,3.717731823466258e-05,197.52102648336586,92.7734375,3.907720751987187,1.515193626408919,18.965678717644224,6.629379108892096,0.7857018020969536,-0.18273026351102484,1.513473575593513,1.7287734752482473,Train104.csv,Side II
25,0.854507299605329,0.13097238859553104,0.006382052671475887,0.0033256261276735652,0.004807452909982047,128.6345969760028,48.828125,3.69563342370725,0.14442055138131665,2.3727988826606943,3.999361424397807,0.5393099169854759,0.38725526546907957,0.07335369352764398,4.043988823615781e-05,4.065044561705539e-05,201.64278578190104,92.7734375,3.1182271273543094,1.3678392552669865,15.230330997372398,5.377955755190315,0.7082984429388834,0.27542371284780315,0.007363997292551003,0.0036409581948823825,0.005267064488472183,171.0063750532355,351.5625,3.5699321759023577,0.14017583711063164,2.0982941828762733,4.093901168374936,0.5506016772786109,0.38123850139207893,0.06810023691717895,2.7879055488652412e-05,3.168260866465014e-05,196.91498199621594,92.7734375,3.1282931673535703,1.5347348815552784,12.98443708230629,5.125339203416664,1.030281347541043,0.004244714270685013,0.8821187807725273,0.27450469978442094,Train105.csv,Normal
866,0.821459995577445,0.0907693455560108,0.07848207589231711,0.006856521294080601,0.002429567258739756,153.114641768342,43.9453125,3.7628104543269396,0.5298765475213448,4.791843337109208,6.003237923669254,0.548422996408802,0.37333049642517174,0.07817189737698763,3.5145766985289804e-05,3.94357741214918e-05,203.00755320854995,92.7734375,3.3637107253209835,1.436362246720635,23.886710852429474,6.145642130093501,0.8267828326621421,0.08894146211734685,0.07469522793006901,0.006763327091658462,0.0028139481293930307,155.30059926042838,43.9453125,3.798464997928314,0.5369923192109798,5.5399477421145065,5.996067318646027,0.561650794398486,0.3677080859481387,0.0705864365314787,2.2715108620539025e-05,3.194421914681672e-05,194.7589641371434,92.7734375,3.302066785588575,1.5997222149545616,18.364538689801947,5.740624669810185,0.9867488371400932,-0.007115771689634953,1.0476320886861206,-0.7481044050052983,Train106.csv,Side I
658,0.8628792086046215,0.08063284387982884,0.04445783986786909,0.006265134687967628,0.005762190222771904,144.36699772813196,63.4765625,3.723384771250555,0.42744379204786204,9.873137393127092,6.984333169872223,0.5572470256934735,0.36432921307905336,0.07833343575724482,4.498617152500061e-05,4.530721349913422e-05,199.32010826209185,92.7734375,3.288460845265414,1.3311762764793384,18.74136069799634,6.018313437750116,0.8629072577221752,0.07321011529183884,0.051955341515702066,0.00699998522986462,0.004923045863881724,144.73241405969895,58.59375,3.513167374646455,0.4148616237698779,8.499191226584161,6.7346636840137215,0.5596985453795976,0.3635456173665519,0.0766810733368736,3.339517811506856e-05,4.13399245404032e-05,196.03258017556217,92.7734375,3.3874052714230403,1.4554695229939911,18.739816800380027,5.90924260898793,1.0303285879598127,0.01258216827798414,0.8603628627889525,1.3739461665429307,Train107.csv,Normal
755,0.8335615115253282,0.06428429627706402,0.0933681553228825,0.006284394836377979,0.0025001404997754416,163.23104379711455,58.59375,3.5937126819279044,0.43315489872904156,8.911950327770969,7.231751306915012,0.5618718463951259,0.3693996945873826,0.06865224035077475,3.540871873848758e-05,4.0780468509446326e-05,195.6085633725467,92.7734375,3.265735457584291,1.3118298405450943,26.400450198147013,6.0207477372352045,0.8249084681322996,0.08002242504528476,0.08776665979521385,0.005142695487464053,0.002157883334877916,159.15982723089414,58.59375,3.822617164340231,0.43714306401171565,8.093802840643715,6.842996113634687,0.5734691624682808,0.36241758289827414,0.06405668298159772,2.398145479548025e-05,3.256442593852835e-05,189.85388535293262,92.7734375,3.36863177471367,1.489703706282504,18.633060241277377,6.057189044167178,0.9908767481360656,-0.003988165282674094,1.0725782003705453,0.8181474871272538,Train108.csv,Normal
1115,0.5717386722074084,0.06926178298719365,0.3429541534977729,0.0128465674243126,0.003196207392642623,297.3017058915849,53.7109375,3.8828139711855867,0.33268862990554454,1.9450008794295774,4.830995114770667,0.5414410113341817,0.38134299800173155,0.07712114223368668,4.670243713723524e-05,4.811013123998726e-05,201.98715220388283,92.7734375,3.105152445032851,1.3418093715694923,15.960829440813862,5.406043770652962,0.5525767097356081,0.07973904733888924,0.3531999287840578,0.011012408262434608,0.0034683342888954965,304.26584634973034,53.7109375,3.9282850919434753,0.328210641159003,0.8000119455347623,4.608663195795495,0.5452595102080374,0.37975113188951876,0.074919031572168,3.135262902833995e-05,3.8944475097784605e-05,199.8133591247309,92.7734375,3.1851881790737684,1.4275591541967723,17.844912173933746,5.215521146155601,1.0136436396976187,0.004477988746541539,0.9769046343418131,1.1449889338948152,Train109.csv,Normal
891,0.6572925907325766,0.1767153251438708,0.1561719065838387,0.007141416072189524,0.0026748795773572334,261.42226261282536,83.0078125,4.248023022249779,0.2782725342229062,3.1095601907483243,5.058659228990891,0.544463947763803,0.38652891176930276,0.0689312554783213,3.773621120275564e-05,3.8120546099340425e-05,199.62358672912953,92.7734375,3.124173283824621,1.4251850280436202,12.844231410099246,5.098319084279715,0.5824017747801689,0.22937075272665405,0.174906395408402,0.009806582820701761,0.0035116345312864597,295.78929890742836,58.59375,4.438175763528694,0.2735728141676115,2.7765658140861134,5.245789306695324,0.5552182159669622,0.37941679297959163,0.06530635775757328,2.6478223508079757e-05,3.212701212794927e-05,195.13161416652184,92.7734375,3.178079461489814,1.5298789568690747,15.007208420305874,5.345507930717955,1.0171790426340983,0.004699720055294732,0.8841464380987919,0.332994376662211,Train110.csv,Normal
950,0.7163261634959415,0.17642283919118934,0.09450113087245986,0.009462709150844004,0.003285647487305073,200.22393973958972,53.7109375,4.265776099158249,0.5706767067676032,4.028478103485519,5.619465034824495,0.5671474549414158,0.35333215418189645,0.0794392881991279,4.00184454356028e-05,4.1051550787375314e-05,196.81595574108687,92.7734375,3.55356377590986,1.3876203305597226,17.72339778979364,5.6061938424851325,0.8198207160819468,0.11946885227280954,0.05262987043413536,0.005739236989035636,0.002339675577462594,158.3660087018533,53.7109375,3.956390648081587,0.73933486882908,6.077734633824848,6.365750735484822,0.58544443123487,0.333287404026841,0.08120684866644146,3.1811875053502434e-05,2.9482526176871595e-05,191.56944986138802,92.7734375,3.6652861051408148,1.6232581452687964,13.419977993941712,6.31120808287047,0.7718785222446396,-0.16865816206147677,1.7811449040745146,-2.0492565303393295,Train111.csv,Side II
3,0.38764693896755864,0.3191019373838426,0.09436402305591311,0.07775789437487769,0.12094068209008836,714.6544317747246,92.7734375,4.459893587183406,0.07170898249286245,10.11075731917316,3.483999170987442,0.5540542414133618,0.38365750224666667,0.062202866227616074,4.646875770936365e-05,3.8888808515066954e-05,195.3484049549104,92.7734375,3.0034207126176846,1.3127090646181,12.67847366187733,4.8024189785151155,0.4001675062887113,0.31452372280295965,0.0951631343025577,0.07571698577361659,0.11422223894843354,690.1682674859991,92.7734375,4.433092167035795,0.05445818635379601,13.685923819415937,4.436252802748209,0.5707508186232773,0.3673701811239041,0.0618155134301654,2.9517942232488493e-05,3.3942674384366724e-05,189.30133682186016,92.7734375,3.056378428786887,1.4023914712419188,16.57448275711276,5.050686608978856,1.316771379608983,0.017250796139066438,1.0072670615329384,-3.5751665002427764,Train112.csv,Normal
1145,0.7693349053402871,0.07248288673536332,0.14170528742415145,0.013659361601799331,0.0028152147729196327,189.40258707729762,48.828125,3.663317412635281,0.353683396368227,5.22113597554503,5.82427084849295,0.5519623135427625,0.38288801985646836,0.06506563894246781,4.0104790178183554e-05,4.388355902463325e-05,198.21462016214124,92.7734375,3.1876274325520733,1.2832276604070296,19.495517252138225,5.883356038800914,0.7326137623644631,0.0871448139755814,0.16223166137123568,0.015067414510651503,0.0029396053361329375,211.57367554137798,48.828125,3.8856321043979873,0.3305648399340627,4.3174382552797,6.102769694018704,0.5543789318825589,0.3865826199689464,0.0589610974008396,3.616325565022519e-05,4.114730857094698e-05,194.5413239023095,92.7734375,3.123882195976666,1.4209843013686725,22.19712954717754,5.390812046080488,1.0699365224953723,0.023118556434164272,0.8762857187883238,0.9036977202653302,Train113.csv,Normal
953,0.7259748796939992,0.17070582715183197,0.07450274914194474,0.007922226852479751,0.020892497599905135,227.42173174952856,87.890625,4.218665902405017,0.4569049471622395,4.966389727501888,5.849190398737657,0.5728748686425335,0.33992406867158576,0.0871220027857543,3.8476494315113814e-05,4.055037046310113e-05,197.3350446250015,92.7734375,3.66510979144256,1.3915508642572185,30.409162037370933,6.402425334335425,0.7046042179002128,0.20209129662047975,0.0804199509416406,0.008998322939133099,0.003883647452619106,199.3708679828484,58.59375,4.287033257959608,0.46402791807091565,3.914187439325926,6.344774606280886,0.5561494536937485,0.3705158807292118,0.07326123827538195,3.732159629641496e-05,3.607687750563542e-05,197.2872772517993,92.7734375,3.412042641316158,1.4604106647664383,16.379444014248552,6.050704054112392,0.984649691072602,-0.007122970908676141,0.9217911674579525,1.0522022881759616,Train114.csv,Normal
658,0.8628792086046215,0.08063284387982884,0.04445783986786909,0.006265134687967628,0.005762190222771904,144.36699772813196,63.4765625,3.723384771250555,0.42744379204786204,9.873137393127092,6.984333169872223,0.5572470256934735,0.36432921307905336,0.07833343575724482,4.498617152500061e-05,4.530721349913422e-05,199.32010826209185,92.7734375,3.288460845265414,1.3311762764793384,18.74136069799634,6.018313437750116,0.8629072577221752,0.07321011529183884,0.051955341515702066,0.00699998522986462,0.004923045863881724,144.73241405969895,58.59375,3.513167374646455,0.4148616237698779,8.499191226584161,6.7346636840137215,0.5596985453795976,0.3635456173665519,0.0766810733368736,3.339517811506856e-05,4.13399245404032e-05,196.03258017556217,92.7734375,3.3874052714230403,1.4554695229939911,18.739816800380027,5.90924260898793,1.0303285879598127,0.01258216827798414,0.8603628627889525,1.3739461665429307,Train115.csv,Normal
296,0.8404460871069207,0.10857290285688961,0.04263986057580565,0.00494716306983012,0.0033907729382229063,138.01346623775189,48.828125,3.7781164552888535,0.20700241677984002,8.797684942388516,6.293216111013632,0.5386002615477281,0.3851663847513572,0.07614301964704097,4.546969693710737e-05,4.481853441173849e-05,203.24169296845454,92.7734375,3.170649725786292,1.3149881310692222,26.732782875125118,5.638590938004627,0.8765870404040241,0.07879743990849618,0.03564542278956451,0.005160544693157537,0.0038046389961779465,125.55434919920154,48.828125,3.595504540526053,0.22243944901743237,14.50527048421151,6.838920494994171,0.5624948038276534,0.366208171853934,0.07122020531721701,3.674407833483582e-05,4.003420983769726e-05,193.35239353030772,92.7734375,3.16868473674866,1.4047964757522164,17.704749118414046,5.378278337660668,0.9306011895085041,-0.015437032237592352,1.1661780228494012,-5.7075855418229935,Train116.csv,Normal
1035,0.7505691782543052,0.11370605654533389,0.12370402020822337,0.009882398298085536,0.0021368297686392454,186.17117603773335,48.828125,4.0383072622100995,0.4162470792395157,7.456463976294793,6.610738979812007,0.5542731086684889,0.3626975883383162,0.08296378355282252,3.1760613279366446e-05,3.3733638561690027e-05,200.09233242635702,92.7734375,3.3440981979899043,1.5583376743737984,14.85123119280967,6.016760796338618,0.7812285895403334,0.09749509949892914,0.11050659252510918,0.008490842268729369,0.0022772577291695385,175.255664932089,63.4765625,3.947179827736741,0.46383406972876684,5.789691215961793,5.955245410570239,0.5536003279101664,0.360554898677589,0.0857950800243289,2.16585580808889e-05,2.8012643704599852e-05,200.66744447741416,92.7734375,3.4338339834615605,1.737120441905784,13.960013011817365,5.881844943943208,0.897405140130212,-0.047586990489251135,1.1225991351422526,1.666772760333,Train117.csv,Normal
90,0.3117837441196731,0.2388703644834084,0.2837802651758016,0.0650057443731049,0.10044462696848393,742.5939475095787,92.7734375,4.806975396753821,0.07306365722664418,8.904402629494985,3.534484026675042,0.5327142147309417,0.38416304680191493,0.08303933164246706,3.987808754827691e-05,4.348757265378959e-05,206.81597185944543,92.7734375,3.0662462193549636,1.3665759401758533,17.28944652685066,5.425148412799844,0.35589054824392446,0.2776548159429764,0.220953885549074,0.05878382405147631,0.08656697615501856,651.8625614578781,92.7734375,4.607385999600801,0.0570547900379717,10.301376620822463,4.325373007863106,0.5483999119805957,0.37094957315503047,0.0805954894761769,2.3656699637376623e-05,3.132984419506058e-05,200.2057873828282,92.7734375,3.148449989748893,1.5194546519796273,17.602596170414415,5.287676220732991,1.2805875877806316,0.016008867188672476,1.2468322872884066,-1.396973991327478,Train118.csv,Normal
909,0.7856925083741907,0.10272886087059066,0.10021632110689528,0.008391444684073907,0.002968737356563566,165.78280431251304,43.9453125,3.576617282061418,0.3566977125354719,2.7052154741310983,5.597734146781448,0.5526462547843211,0.37938355248453454,0.0678943390020215,3.465977489923003e-05,4.116453231726243e-05,197.80682471943356,92.7734375,3.097392353331378,1.340838580826871,15.040153012054082,5.741271991015294,0.7137442553493372,0.13233783722000952,0.1425549973712903,0.00855087718236373,0.002809464035201938,201.30199706334355,48.828125,3.9531391394319657,0.3406434514917133,4.3952638661874355,6.335809086033811,0.5647075909611353,0.3712198683647345,0.06401673121912863,2.3032171088564572e-05,3.275426914505021e-05,190.99727630130116,92.7734375,3.0914774808278693,1.493545077760054,17.658955945280425,4.857890311493517,1.0471292195001138,0.016054261043758566,0.7187527645303589,-1.6900483920563372,Train119.csv,Normal
351,0.37945437901767554,0.06918263738250398,0.5306292048584239,0.010041840054325542,0.01067849526629718,521.790827626361,68.359375,4.400462276134336,0.11051751675414806,2.674471644735099,3.942576726800175,0.5350817289815807,0.40206300995720157,0.06274720612227119,5.226722149946116e-05,5.575006558948992e-05,201.37866172780465,92.7734375,3.0169142032022207,1.198288617489161,20.987046202216252,4.928226530754618,0.4240135912522581,0.07466301780137076,0.4796415298381639,0.009962002584066812,0.011698921375511172,489.956264376406,63.4765625,4.3904446112925575,0.09998295782057641,2.789595718364922,4.195109343864429,0.5407805678395902,0.40004019595614143,0.05909468112013633,3.7802600564208805e-05,4.671539514308785e-05,197.36540828563477,92.7734375,3.014552732382429,1.2505953793579965,21.208411678071535,4.574863693711314,1.105363534524682,0.01053455893357165,1.1043038050268286,-0.11512407362982291,Train120.csv,Normal
654,0.7188971318410874,0.13631324408138473,0.1360279497890428,0.006158878661914431,0.0026002049213322688,193.43653343678636,43.9453125,3.4622248503143185,0.32393433663338145,3.0367982368043753,5.00691381604522,0.5456486439330268,0.38393051397445577,0.07034688535107209,3.8048333774068956e-05,3.588280007340182e-05,200.65634369395002,92.7734375,3.160983146027198,1.4579147456757635,19.932776610752835,5.686418689915786,0.4440145807015929,0.26480626482041303,0.27220915775821186,0.014787426788055023,0.004179117013662637,342.95436601203767,48.828125,4.575112486404308,0.2619108471452024,1.5349617698200397,4.807462673953971,0.5499391606312816,0.38515640952193386,0.06484859103045866,2.5498518516138533e-05,3.0313788469132774e-05,196.01906775320344,92.7734375,3.133790816067647,1.5293550805902019,19.114920755290488,5.74114980530932,1.2368114529329972,0.06202348948817904,0.4954303835368634,1.5018364669843356,Train121.csv,Side I
781,0.853317237637178,0.07228536710557042,0.059662249463364236,0.005507186711910675,0.009225299138707276,153.54093164679304,53.7109375,3.47564765287149,0.4471397117663808,8.48738592246566,6.615632961321477,0.5510655704716114,0.36233503403459705,0.08653256975930988,3.3558456508064104e-05,3.323950313745104e-05,203.90206284481786,92.7734375,3.51321947041592,1.6327088499666036,11.43607233355662,5.617771958393041,0.8563884512357225,0.07002382116563349,0.0557455683240494,0.007163406761030277,0.010675859611570793,157.5526161334791,63.4765625,3.6393289357388188,0.4864980218790528,7.017681659767164,6.514416840211012,0.5659146530046136,0.34941809268279556,0.08461883029671391,2.202013199372319e-05,2.6383033748568293e-05,197.07342031493653,92.7734375,3.5550763951356106,1.7417325619528425,16.604830285202574,5.8415427890637766,0.9190987234033287,-0.03935831011267199,1.0359322346486477,1.469704262698495,Train122.csv,Normal
1241,0.803719941322405,0.0911061602636984,0.09352111134735706,0.009006991338274643,0.0026443933645105143,172.09595685620124,53.7109375,3.840288422527421,0.6961825081213269,8.80931077985926,7.06467042948916,0.6076816368404531,0.3070904398976943,0.08514736899126786,3.838344125668547e-05,4.213720404810764e-05,185.6572436532078,4.8828125,3.7045737239516225,1.5109753277401772,16.556064966382984,6.108427090883348,0.8094081745602548,0.08303828660985756,0.09638396328931012,0.008392637903982805,0.0027748653579254936,169.83126017060036,53.7109375,3.798347449036,0.6769642084894,7.10163209741223,6.442531982238418,0.6017088802381224,0.31679907817796626,0.08142638844462088,3.0059352533660424e-05,3.556430425522853e-05,185.71204942382383,92.7734375,3.6532858493534026,1.5612942032025514,17.028155408790205,5.856313696430824,1.028388943407248,0.019218299631926894,0.9785400608476197,1.70767868244703,Train123.csv,Normal
675,0.6335953371091345,0.10035112869246582,0.25065350777245543,0.010896205814595451,0.00449671011967668,274.48567598790424,63.4765625,4.21377718912791,0.1787027791495563,1.5560625612940675,4.296640611651462,0.5411631702822247,0.3889737315166596,0.06977522192496019,4.3765680748830995e-05,4.407827143485301e-05,201.9580282576488,92.7734375,3.0018355761067848,1.3485709470234282,17.525770659143575,5.2960412332384905,0.6795012619776655,0.10029890596787261,0.20640346146346017,0.009350150614638187,0.004437190073580558,247.92393851766678,68.359375,4.04759258640446,0.18682994307575407,1.7501484790783544,4.854154636101711,0.5531000307622075,0.3816753499567517,0.06516104345747517,2.9082798238057207e-05,3.446543695906381e-05,195.49348308089785,92.7734375,3.0908181746570773,1.4757933239028385,18.43074732086539,5.5247588683290605,0.9564996662264029,-0.008127163926197778,1.2122611058771715,-0.19408591778428685,Train124.csv,Normal
264,0.7347394141868411,0.21354899854084067,0.04279175560445163,0.0050901321487981785,0.0038261851497451765,172.16013395555677,53.7109375,4.21891449524925,0.1738279856711631,7.041849931279053,5.598681991622231,0.5272353372059069,0.39509019712035,0.0775736334158099,4.963958053224764e-05,5.115298710676226e-05,207.95361489421234,92.7734375,3.0633526356150558,1.1830289667070042,31.936001806186844,6.2045405909292946,0.8200412178717296,0.13653576697156183,0.033167890724940766,0.005757611510996141,0.004492947742772679,144.3147016722565,53.7109375,3.8562964843860663,0.16394358196817446,5.866191620565961,5.450003081533214,0.5487581478046106,0.3846062834312436,0.06654741650435203,4.121389935055937e-05,4.6908463634934026e-05,196.4199083939082,92.7734375,3.138322243207724,1.2883348117628675,32.6654483675919,5.85328507617777,1.0602914888404473,0.009884403702988626,1.2300903976250759,1.175658310713092,Train125.csv,Normal
1237,0.7867895060020437,0.0931791041533925,0.10679305709874788,0.010115126500060143,0.003120903714729251,180.53856532985492,53.7109375,3.774757341953256,0.5227004655048408,4.352519577594323,6.063032689808773,0.5703168355536061,0.35110961979127836,0.07847855381257748,4.583763446323331e-05,4.910963097519682e-05,195.0534642622217,92.7734375,3.5013777910845874,1.3746219757236404,18.56036303528616,6.289724441406746,0.8169444804352856,0.09287871667021275,0.0809898688123043,0.00690797046160187,0.0022772712153780817,157.18482555935137,53.7109375,3.8070417138967465,0.5455947252694862,7.332599853022298,6.9525104588094,0.5897977160504995,0.34541775857493656,0.0647128687769916,3.325545610129034e-05,3.837416791608111e-05,184.29656087922496,92.7734375,3.4327485910297617,1.4457829414314223,14.819646485057378,5.674970762701053,0.9580379727619708,-0.02289425976464532,1.330046144871139,-2.9800802754279756,Train126.csv,Normal
1131,0.6343013489179913,0.18258973209375884,0.1692147898663512,0.011277552318668706,0.002615566032639556,237.20339361625275,68.359375,4.177941051222294,0.5741066678998888,4.128980903900581,6.213937530632248,0.5681063812025273,0.35744125609169486,0.07437937392540772,3.396889163201027e-05,3.899323129751732e-05,195.528096032399,92.7734375,3.439513182154517,1.419801758657521,21.736820002319032,5.653752838752022,0.7514406264916892,0.13245076596527278,0.10040687764646396,0.011431112818413596,0.004269318400792746,190.17349134995072,63.4765625,3.785791566647055,0.715134641696366,4.907566997740185,5.654288433872278,0.5901265880728159,0.33876300225935924,0.07105959978300508,2.10775470296495e-05,2.9705775261265027e-05,186.1852019040042,92.7734375,3.603980024366119,1.5993376781280473,21.91990151322279,5.533622715781171,0.802795213129739,-0.14102797379647714,1.6138732448686999,-0.7785860938396034,Train127.csv,Side II
1167,0.7405286395694372,0.08183970898494962,0.16629573730796285,0.00850988617417406,0.002823845975121969,202.58874668270053,48.828125,3.801272787443462,0.35183177517017405,5.24431043915645,6.24127260248262,0.5583627183639767,0.3729876101429211,0.06853978437233321,5.1355262168531986e-05,5.8483654656057895e-05,195.90735849946898,92.7734375,3.2106594270465862,1.2385159743056016,19.490073823153175,6.026195840204126,0.755380601816906,0.07430073172117116,0.15836866924794105,0.008971326002106234,0.0029762352628190376,196.85971530886803,53.7109375,3.7653323303392994,0.37665499180212936,5.287286037034125,6.367663115119681,0.5767696310668098,0.36135035103400426,0.06179679087165352,3.810648784156639e-05,4.508157036702649e-05,187.2766647220205,92.7734375,3.2410065691592047,1.3848257771322035,26.742220803278254,5.857642170679872,0.9340956097587272,-0.024823216631955303,1.0446135257522902,-0.04297559787767469,Train128.csv,Normal
888,0.7125473260497166,0.13637620518480031,0.140617990223674,0.008072196279622986,0.002384641704438252,200.58532601126052,48.828125,4.1113645165887,0.39000690260140414,5.34084538019282,6.427151234422242,0.5449242486243451,0.38836918414569827,0.06662876108344798,3.5879894871690516e-05,4.189705822552025e-05,199.939794057077,92.7734375,3.132785244053449,1.2882925065836135,12.381651339017123,5.225914085880158,0.7185974242943356,0.13496581832959698,0.1362361879888966,0.007546168135442382,0.002652463201755319,197.9245282777574,48.828125,4.146466981181302,0.4063440986182526,7.243005245682737,6.932172463405053,0.5733781936125323,0.3667968473424741,0.05976404598976485,2.5256264011595277e-05,3.563100569454831e-05,187.84761850991947,92.7734375,3.245110521891109,1.4766584316662974,10.440576804059223,4.743678534715285,0.9597946739421176,-0.016337196016848465,1.034133738499737,-1.9021598654899172,Train129.csv,Normal
1255,0.7372970727738621,0.08404805138588743,0.16434134689313973,0.011511675432812904,0.0028006125691734047,214.4632300674338,53.7109375,3.9938784518900543,0.7102698329185477,11.192687388613,7.547568608233246,0.583083207737727,0.32728511478614175,0.08956313008242875,3.285945912005498e-05,3.5661852227617553e-05,195.70781246568674,92.7734375,3.6679358577854786,1.5347033994539006,15.163124014311482,6.570223025366735,0.7206740310112594,0.08626645160247955,0.1787025021041478,0.0111070657791379,0.0032477228821225124,222.02374390284314,53.7109375,3.9574340522889724,0.7349814923658615,11.633705803676676,7.797034086561451,0.5822797870312977,0.33473954505578735,0.0829265148641895,2.534082292647855e-05,2.878684860838421e-05,191.879526666135,92.7734375,3.5330658479991763,1.6091105181222698,11.798599422239398,6.0717825191503,0.9663778466936,-0.024711659447313794,0.9264707957589063,-0.44101841506367556,Train130.csv,Normal
438,0.37872703718399015,0.0837039853724424,0.5214332896171973,0.00935451893070313,0.006767023219278711,505.59165349027035,795.8984375,4.419326040020177,0.13567353630130563,1.5461340039287452,3.803623065150558,0.5400152383630901,0.387434500715297,0.07244825498348859,4.917706843003914e-05,5.2792955451551785e-05,203.97085291809762,92.7734375,2.9818604110306297,1.2526926030089762,15.59351967661117,5.042102203209864,0.3624640214419605,0.1324741211570993,0.4872472483481071,0.009688650003001351,0.008113557265754202,494.73451102432153,795.8984375,4.472675737325426,0.12759698915685247,1.6443240899084421,4.250931934816126,0.5532891154439827,0.38382649065384306,0.06281770896607197,2.98560192777871e-05,3.680016687935484e-05,195.61480249883334,92.7734375,3.0418761635500444,1.4455427608576734,14.683372476757734,5.07459859616843,1.0632973092431477,0.008076547144453161,1.0681212793058326,-0.09819008597969692,Train131.csv,Normal
663,0.8850445573210168,0.057567915265625026,0.048407586567332676,0.005595438982769709,0.003382709521697655,125.66328553030583,53.7109375,3.27128882538678,0.4157158482058564,8.531438225120953,6.425583510349062,0.5441760640035012,0.37540474089342546,0.08034026184082237,3.908487303021374e-05,3.981337967124461e-05,203.65426434951058,92.7734375,3.2123443770103943,1.3970036126964414,13.797388385022925,5.204072822841605,0.8740495817932801,0.06964080911830366,0.04585688873242665,0.006393517231233354,0.004057572610585711,131.146331501008,58.59375,3.360081077216155,0.4160853124796813,7.558702423422382,6.506857773067363,0.5574181563658444,0.36187830782444486,0.0806397536914927,2.8779364468200307e-05,3.497143229058172e-05,197.8994557190352,92.7734375,3.295792044840862,1.5311597600206945,15.817040585348856,5.7496143950387,0.9991120444248918,-0.0003694642738248932,1.0335426781969625,0.9727358016985708,Train132.csv,Normal
1191,0.7982829848398241,0.050087213031681406,0.14106091358456316,0.007828736495591572,0.002737044675797083,178.96043065571237,48.828125,3.3450561972566497,0.405749504612186,4.995642842667278,6.011426680851522,0.5564451730840301,0.36017555853167366,0.08329591442114227,4.150506967351494e-05,4.181827804130225e-05,199.93624366668826,92.7734375,3.3848869719462886,1.4340626262831044,35.52521082096384,6.049234545017255,0.7608924431490366,0.04703367580879753,0.17980562817579385,0.009317693165776072,0.0029480893700603726,202.4152784067301,48.828125,3.363679863351223,0.38804743242826323,3.0826671273805624,5.698186018812163,0.5509087092802188,0.36631800577587276,0.08270648917682087,3.086663234344057e-05,3.590353295512956e-05,201.2564035246827,92.7734375,3.3124470969526465,1.5081741794318404,35.04838053674081,5.679711910760547,1.0456183179142073,0.01770207218392278,0.7872622383993955,1.912975715286716,Train133.csv,Normal
1244,0.7847740282474358,0.09784991825743225,0.10474012236439645,0.009591287672722548,0.003042985610545182,181.62706959048296,53.7109375,3.862704143234894,0.5755305007034259,4.997868997238249,6.171615313263331,0.5677379470422609,0.3543745046957222,0.07782318003862868,3.127807073554901e-05,3.306199034034623e-05,195.50689814449552,92.7734375,3.5247024653304013,1.5662341969080025,11.95604706617133,5.542405765532629,0.8211621190722007,0.0849479231797879,0.08439027595443596,0.00710654991340726,0.002390792956410947,158.27433750120213,53.7109375,3.752087680204334,0.6390832428288983,7.68546491114226,6.915190598804635,0.5751881764036085,0.3512977059075216,0.0734620003878676,2.4613699736935695e-05,2.7475390736888426e-05,190.44055897238277,92.7734375,3.4754876876753094,1.655424690761937,11.472293746364063,5.766530296735608,0.9005563927091674,-0.06355274212547235,1.249566940744926,-2.687595913904011,Train134.csv,Normal
625,0.46070973729004433,0.13400028967960134,0.395791689274949,0.007127185306237893,0.0023677760791610694,354.1947450918489,58.59375,4.4554760843375885,0.24993329978026568,1.04136593672251,4.279325171227168,0.543772891167732,0.3886352480807339,0.06750079596732206,4.131594921120973e-05,4.971470342280161e-05,200.38288779156727,92.7734375,2.970206809831977,1.1790117523406551,16.468354967809425,4.650979471939606,0.581617529383075,0.13313077633585435,0.2732746047710404,0.007689176930424194,0.004284496002415758,294.848539807045,53.7109375,4.3563932341857825,0.2676211224163221,2.782470061204827,4.739264952583804,0.5535436775546103,0.38396940149797354,0.0624184911198419,2.808697141752908e-05,4.031577107781636e-05,193.86232901951078,92.7734375,3.1077832480448158,1.3662301339496066,21.980686429980178,5.272225528098384,0.9339072214843799,-0.017687822636056394,1.4340598304419347,-1.7411041244823169,Train135.csv,Normal
1142,0.6105808674608694,0.14376649290987759,0.23188972736584987,0.011565920283731289,0.00219581067032756,261.16507473666354,48.828125,4.256010714114036,0.45582055332094673,7.720077655236629,6.504602413099489,0.5539886012912516,0.36305496251092784,0.082884835653006,3.469085739288857e-05,3.6878880500401765e-05,200.76764294922086,92.7734375,3.2856064907725955,1.4546461794182892,18.25415792162005,5.868533226605465,0.5476899067457515,0.17120585713476993,0.265326513485431,0.013203428682646472,0.002572676007552008,290.58828254900135,63.4765625,4.301628637081231,0.4573440925661254,5.147577277142811,6.169485379819756,0.5594478125870437,0.3563706922368926,0.08412510224780877,2.412243206031288e-05,3.224689562163276e-05,198.08631806538648,92.7734375,3.342908801371681,1.5768746367562683,21.834184560210957,6.4344508761517965,0.9966687221577545,-0.0015235392451786733,0.8740735192792866,2.5725003780938183,Train136.csv,Normal
839,0.77737707644765,0.1067561874742052,0.10856432498454602,0.005353919553936562,0.0019476199950704842,174.97882615317815,58.59375,3.479696748928063,0.39228363682979106,1.4168993187426304,4.577128273171158,0.552209834995992,0.38040594625907503,0.06730922146811785,3.420443444892991e-05,4.076037026744106e-05,198.13243623051602,92.7734375,3.2016002616288235,1.2965367698293233,22.901873405674717,5.613506606326002,0.7114150686790727,0.16352237002410408,0.11452331395486437,0.007977568403098335,0.002559543351632953,203.55953564198825,63.4765625,4.079399110245316,0.3860265222854339,3.2610471935018412,5.495035902551573,0.5593188646812723,0.3750576121058175,0.06556186699832169,2.543504632165496e-05,3.619499426132997e-05,194.50948645251768,92.7734375,3.1402491918326145,1.4386736900869723,17.38427600938921,4.98646999226672,1.0162090249423885,0.0062571145443571785,0.9299381475119605,-1.8441478747592108,Train137.csv,Side I
0,0.38009488017889426,0.31907717138233543,0.10572613698348754,0.075805063810001,0.11911995110696702,713.0219682874924,92.7734375,4.497664609100889,0.07177591265701735,15.271659285394986,3.7392400608120813,0.5306072303534533,0.3908380520074949,0.07846383486606869,4.502650541543587e-05,4.5819695509996346e-05,206.84855197892398,92.7734375,3.017287246721897,1.3640120864510354,20.406334332185544,5.64416982087816,0.39110006920911794,0.32997842974702657,0.09916208804691962,0.06642176675546212,0.11318916592806422,676.9645760571274,92.7734375,4.402428821223057,0.05506307763552284,12.344635767078474,4.48751425976198,0.5399254712473891,0.3848081595140537,0.07519712329281962,3.20503104400175e-05,3.717080665251928e-05,201.92343325304674,92.7734375,3.0591380261400016,1.4960624866188892,20.056466397814535,5.513093165122887,1.303521605323255,0.016712835021494517,1.0963097816138512,2.9270235183165116,Train138.csv,Normal
340,0.8360540641549515,0.1240285249940917,0.03322269174343042,0.004265228895685004,0.0024264888884111585,128.11937527115418,48.828125,3.7975249395756783,0.2528937540059752,12.745695237568846,6.805027813012762,0.5347245837459564,0.38679278569986186,0.07839341279138146,4.633867802497523e-05,4.284499516516139e-05,205.84757161083812,92.7734375,3.0925248952051274,1.4016870770802936,19.108240635676406,5.2981923750878295,0.8263173189177963,0.1320365129415106,0.03351113654091693,0.004985454220662119,0.0031467587783976813,135.3816399329261,48.828125,3.786161389647069,0.25532167551585333,10.481139263867115,6.688033644743846,0.550574871246106,0.3776096849542605,0.07174635302600282,3.391175348752756e-05,3.514629756810168e-05,197.92797033841413,92.7734375,3.202346986921326,1.4999840957459094,17.623234586172366,5.5533197996862915,0.9904907309750983,-0.0024279215098781393,0.9737984305543037,2.2645559737017305,Train139.csv,Normal
415,0.6422281767245313,0.11989261809390307,0.226784822593992,0.007469993922448775,0.0036213282927917696,248.83635379273267,58.59375,4.0146483727491145,0.19850003086193935,4.372904374706781,5.562619156287189,0.5462608662659454,0.3815941116939053,0.07206293333468776,3.823398806064486e-05,4.382686693572549e-05,200.2992531628056,92.7734375,3.012993808221661,1.3160079450266682,21.22981632597663,5.344621910401175,0.7440890444991913,0.08759723744763555,0.15864029630892185,0.006012269828139736,0.0036576605515362326,201.0075346752242,68.359375,3.7275327670035443,0.2027273630445043,7.434853204998941,6.217773480024878,0.5655409481696484,0.36672879246040885,0.06766952256553627,2.5287222698769165e-05,3.542156249176884e-05,193.01291324765523,92.7734375,3.1140170440925603,1.4445672772363385,21.364965503284253,5.692249383741489,0.9791476932456097,-0.0042273321825649635,1.4227219204024935,-3.0619488302921596,Train140.csv,Normal
638,0.795678554499687,0.13086814679928546,0.06378045094379868,0.006101628557194953,0.003567248979821658,143.30899322557178,34.1796875,3.4294499685203315,0.26649513190240803,2.2310357614823544,4.584317640790147,0.5463394566280236,0.38155389385945965,0.07203196836069764,3.784405573024447e-05,3.6810063553107006e-05,200.353020058483,92.7734375,3.1992907646985693,1.4619530882214327,12.896951623941789,5.346775496558415,0.8484516623819012,0.09938768533915447,0.045191488634528106,0.004327379400961729,0.0026373115226435385,117.33124248754741,39.0625,3.02501745044059,0.2700034556665726,2.0138974039821287,4.62896524912729,0.5485441396266297,0.3808670900771198,0.07053508162707822,2.4078358437871224e-05,2.958895507993001e-05,197.93836735834975,92.7734375,3.2777334476755136,1.548012838874016,15.404068532500172,5.980827237596008,0.9870063709276989,-0.003508323764164545,1.4112212346955992,0.2171383575002257,Train141.csv,Normal
6,0.8117533618770495,0.17206589988319226,0.0063744900281570375,0.00408226387751635,0.00571750630339878,142.57535454139727,48.828125,3.537153040999764,0.12827308629043072,2.3667208521491467,3.696200663555092,0.5396221645695072,0.3843999998563602,0.07587314637653277,5.203033713788595e-05,5.2622215801106855e-05,203.59478078002894,92.7734375,3.0785454749207632,1.2769743797280415,32.73160943093821,5.451361957356036,0.49410710265750396,0.496067310671557,0.003691202882358761,0.002328853026869702,0.0038004514236237015,224.58330399169856,356.4453125,2.886551244415358,0.13403469492093845,4.033056409199269,4.092989751797205,0.5566671252158607,0.3764693072574379,0.0667746595594172,4.0243484179863616e-05,4.862480064387218e-05,193.6868325114504,92.7734375,3.0902203660965446,1.3662286316765426,45.60716691253263,5.932686085244656,0.9570140433346731,-0.005761608630507731,1.7369858895592294,-1.6663355570501226,Train142.csv,Normal
860,0.7575655247803699,0.07430445963475427,0.15807472719598112,0.008099345077646198,0.001954692258287052,193.42905391134724,53.7109375,3.9302091986624164,0.5558541005294315,12.070995095786913,7.168090291501339,0.5781767895457989,0.3349980265701806,0.08673671862197704,4.310260275923555e-05,4.5331556926637535e-05,193.94843346861384,92.7734375,3.5134656285520234,1.3221834590163242,23.394487748769308,6.859661114382856,0.7204388231570732,0.06702947629285397,0.20068712094782035,0.009207984259223352,0.0026349856734928043,221.07591601012234,58.59375,3.9799363368904204,0.5408718053024473,7.993197340132633,7.232238895438298,0.5817977252769992,0.33112567161430145,0.08700537443414941,3.1507947540232896e-05,3.969634157958114e-05,190.5812711604017,92.7734375,3.5075355839890885,1.41502349752012,23.278219148379023,6.347837281240787,1.0277002684414398,0.014982295226984244,0.7917005559420272,4.07779775565428,Train143.csv,Normal
422,0.5387726846089054,0.10401906403990745,0.3457902942401504,0.007940640670762153,0.003470161741024613,298.39780600325736,58.59375,3.8775954904391323,0.1877244240031247,2.3369830094712487,4.584831098449714,0.5386157487664976,0.3985383688077066,0.0627583023486717,4.021530683230669e-05,4.732519701481085e-05,200.6633683082137,92.7734375,2.938046515178786,1.2669281043216563,23.911655690097575,5.2014335385674055,0.5521420710079867,0.12144119814184146,0.31343207858508293,0.009135131280350697,0.0038424493975310636,288.7281320015613,58.59375,3.8672731782656786,0.1781587991201513,2.0596519031164457,4.513311577101286,0.552861461489261,0.3842654724909808,0.06280814889028413,2.6895123547699865e-05,3.799169127147626e-05,195.76287919633688,92.7734375,3.0117348554274908,1.3764295764321184,25.140027777896357,4.885356940465115,1.053691559869747,0.009565624882973384,1.0966115680569888,0.27733110635480296,Train144.csv,Normal
296,0.7725664494812673,0.1648283560824898,0.05078980102176295,0.006718339430765467,0.005092935779654724,174.62972820212386,97.65625,4.192944834352678,0.15911601627015193,7.56239862624933,5.767569076512147,0.5395474592523706,0.3850258636055564,0.07534166767385003,4.23640295882095e-05,4.261210939435671e-05,202.24247142782082,92.7734375,3.1726847361748236,1.3630528519780065,12.979683936879667,5.213844638051345,0.8626607110240165,0.09274771788219885,0.03395495120424027,0.006066548872415593,0.0045637080005882045,138.10166017719078,53.7109375,3.7050207100128123,0.16638430079795485,4.821539896528173,5.540179213998867,0.5515860973064168,0.37684096093492336,0.0715092121472927,3.075006570684346e-05,3.2952704927728344e-05,197.55695655219517,92.7734375,3.1653407378557934,1.5008944183491857,13.061851151384534,5.034525697438993,0.9563162783431997,-0.007268284527802926,1.4369311221580425,2.7408587297211566,Train145.csv,Normal
759,0.8469730405758673,0.08555361052094487,0.054721175484488786,0.005977921245210685,0.006772989852482017,149.33167138880768,58.59375,3.561591187434247,0.5143086515404307,9.294354189766157,6.987581722440133,0.5580255983257287,0.3523534306745035,0.08954507496190373,3.716360590503073e-05,3.87001184326947e-05,201.77729901407773,92.7734375,3.519649165284805,1.4262182452672056,24.3830638930978,6.5427474426883,0.8360924124508142,0.09335092981117181,0.05630322899293887,0.006170507903987727,0.008081068294046447,156.408109920891,58.59375,3.6379815169301817,0.5419057274252401,9.524324795458869,7.036500886461876,0.560629887530962,0.3547984466678831,0.0845159106247629,2.5082343047918334e-05,3.0649878759385155e-05,199.65028558924882,92.7734375,3.497901779824727,1.6003843504420916,21.598189784768863,5.914314392128885,0.9490740262794314,-0.02759707588480942,0.971593805221723,-0.22997060569271177,Train146.csv,Normal
737,0.5753529573214207,0.18229739398087744,0.230621993253135,0.00818372087538998,0.0035416634317842967,290.5170524932088,63.4765625,4.28783891220943,0.2102794583888959,1.8068560293358036,4.120925015491403,0.5493026755631003,0.38914844459963427,0.06146302593093242,4.08925088835712e-05,4.493134289335443e-05,196.4189305489441,92.7734375,3.025514818991634,1.3440470341502837,16.853619957084696,5.440119158128118,0.5776008615796109,0.206651800138175,0.20191112774141085,0.009785987430086164,0.00404406961926155,282.3040223487607,63.4765625,4.2390487620792765,0.19722439454275312,0.5286911347638977,4.1640839701147865,0.5537170482451811,0.38492290517481004,0.061286341314766284,3.295779371328467e-05,4.072199371105931e-05,193.85828842193618,92.7734375,3.0486277068420153,1.4302661963698313,18.150243661013775,5.528022730154364,1.0661939554192361,0.013055063846142773,1.1280536950492381,1.2781648945719057,Train147.csv,Normal
0,0.3795464460560483,0.31654922571330696,0.10639631688121268,0.07661919902143757,0.12071379555374898,719.7856126913412,92.7734375,4.516099520273045,0.07144919230011568,14.184780946824207,3.502411591575938,0.5374089140243395,0.3858552097157721,0.0766441749052363,4.534720481053034e-05,4.63194207198788e-05,203.2030304356221,92.7734375,3.068492306290896,1.2350367292572146,24.93568159651914,5.308220668901009,0.3815925786962075,0.3293216286083892,0.10428895032587279,0.06901404810232334,0.11558202774276087,694.3971028842848,92.7734375,4.493293810856248,0.05368823455776086,12.072761461519471,4.3371120926841,0.5366874640463571,0.385791061806695,0.07744662694023927,3.4012048161843185e-05,4.080889702737296e-05,202.91049877534687,92.7734375,3.105218178356043,1.352769730032291,42.4510213063946,5.368798868067534,1.330816547756474,0.017760957742354817,1.056043556698384,2.112019485304735,Train148.csv,Normal
377,0.8205340330115818,0.1481368223004067,0.025045965637483777,0.0037595002271148367,0.0025216375573410103,135.43783075391627,58.59375,3.827189007834802,0.279963841825459,7.545210049537294,5.774458405816661,0.5357016646437981,0.38190392039588916,0.08228381245263675,5.271534378030343e-05,5.784418419524073e-05,206.85575678343915,92.7734375,3.123600010087719,1.210122290805673,39.91415078257643,7.289750876543379,0.8303873688905908,0.1446876679142258,0.01940260784736073,0.00311944469374384,0.0024006350729529613,131.29881737889883,58.59375,3.742442993287663,0.3100821810711698,5.685595723911803,5.756723842555779,0.5503944389873774,0.378004007416938,0.07151116270382708,3.8953219735503696e-05,5.1399708030279683e-05,197.6600049079086,92.7734375,3.2107477799252573,1.3236435033875469,33.63569432549067,6.846528453150466,0.9028698132716375,-0.03011833924571078,1.2789893164948885,1.8596143256254916,Train149.csv,Normal
876,0.840213260699239,0.08007610846907949,0.07045987298381771,0.0068383042217416996,0.002410867661839725,145.71854336994147,43.9453125,3.7018613389321833,0.5834515101241777,5.591695972563931,6.225265287477811,0.5565595377706755,0.36920024038587906,0.07417028419332267,3.2477952209616374e-05,3.743551011930949e-05,199.13092763381087,92.7734375,3.3966193469766526,1.4076612987235553,12.040159162017865,5.304851203856292,0.8431855441754494,0.0847186536516127,0.0633064324921555,0.005827019286087609,0.002960188061999445,138.47674816096185,43.9453125,3.5714811606274477,0.5765129127872033,4.494716300648449,5.971623205076726,0.556092947919565,0.36973356249906303,0.0741173142809293,2.3567728537382257e-05,3.2583510818428006e-05,198.43069487036442,92.7734375,3.3629099633159,1.6015550517269994,13.744554454047698,5.045176086919453,1.0120354569187249,0.006938597336974439,1.1181009207439123,1.0969796719154825,Train150.csv,Side I
699,0.6352464524266457,0.17350619089813982,0.17741993863361946,0.009687439425643376,0.004136958870814437,263.8382675157122,58.59375,4.27657846668032,0.18849325058749405,2.8060493440199346,4.893538960794302,0.5300883705359067,0.40240086092931504,0.06742839624738135,3.78700411049712e-05,4.446699187117847e-05,205.04197616138117,92.7734375,2.9498676710697245,1.3253613496801289,25.79222629137858,5.915591388669141,0.5299794572839341,0.23511535312549584,0.21612343752280827,0.013620774807273943,0.00515230461943226,312.885638620632,58.59375,4.513024499796339,0.18254834419017754,3.7856499234449625,5.107523218671963,0.5480754634524853,0.3910872129449682,0.0607839168295125,2.186667302860219e-05,3.1516175869982905e-05,196.1686144100012,92.7734375,3.0197336047684935,1.533400958581203,27.10035321984929,5.8107686417201645,1.0325661971414923,0.005944906397316513,0.8144160644883733,-0.979600579425028,Train151.csv,Normal
1112,0.7034440177857054,0.05855055897359195,0.22586479777194132,0.009645534066101812,0.0024926299867858138,228.92817015604695,48.828125,3.650253404273066,0.3492542400370794,2.6380208590331025,5.177375953364397,0.5450823261185486,0.38760017733117236,0.06723568925011995,3.9434842162931015e-05,4.234003826228792e-05,200.1975073626603,92.7734375,3.0667462058125934,1.3420913406492765,14.561888948225555,4.88712466621903,0.6280353039894888,0.08248748192973467,0.26687809556027275,0.019315870053732358,0.0032802968183893253,276.1160158366047,48.828125,3.9380900142312014,0.3215946200089108,2.5230506814289804,5.5546971725694885,0.5554229462045989,0.3797447473531709,0.06476703176807506,3.081695447992797e-05,3.4432469581053436e-05,194.6637310581483,92.7734375,3.1722844416767115,1.457606926653285,15.81769227298933,5.406269198622978,1.0860077166135256,0.027659620028168574,0.8229046007656761,0.11497017760412209,Train152.csv,Normal
319,0.8799237971017754,0.08992675405742465,0.024981562101559208,0.0029513514930756828,0.0022144957297696504,116.5034112322666,48.828125,3.665712632810501,0.26351561516776384,9.498965359327688,6.114192775684901,0.5361923952958502,0.3864190381932054,0.07730633446682286,4.130453157849984e-05,4.0898349062961574e-05,205.58448243664756,92.7734375,3.1011355452973812,1.3968962278216417,18.169622497230147,5.114990156709446,0.8432076581392074,0.11802468834529996,0.031325313026065914,0.004266377365536625,0.003171677973076781,132.47317810121882,48.828125,3.8207359885488064,0.24195499198812204,9.505085117916458,6.53338061230033,0.5514878974578227,0.376658053599231,0.07178366902852214,3.4176131426275136e-05,3.6172475446169345e-05,198.092813323976,92.7734375,3.228438994787102,1.4727940345101915,22.096483797484883,5.650157034198674,1.0891100527142263,0.021560623179641802,0.784815570783055,-0.006119758588770452,Train153.csv,Normal
1034,0.7458155372659874,0.11828056458383748,0.12586238748664472,0.00835008785163596,0.001690301714009379,194.83238739736677,58.59375,3.964925856926913,0.4686826163941368,6.433092925908766,6.671953252470853,0.561685358946763,0.36243220557468,0.07580124543815517,3.7129188696790354e-05,4.402861604173247e-05,197.22491352411407,92.7734375,3.2456270293247824,1.3020487866705226,27.533567750814502,5.329263717564695,0.6643184311072282,0.15798525823992923,0.16536002186085197,0.010481221904899064,0.0018537145249348849,230.91534423992766,63.4765625,4.2413871288048135,0.4098054218454442,5.365976867071392,6.738449344323734,0.5607957875648895,0.3707376164685534,0.06839949553229054,2.732419874090863e-05,3.974978157363815e-05,194.78873418508263,92.7734375,3.0836646769218374,1.3305020844601583,29.021765765330898,5.45541242838798,1.1436710942961283,0.05887719454869256,0.7632593565694635,1.0671160588373736,Train154.csv,Normal
0,0.37126660914598664,0.30915458259465584,0.10405927096850542,0.08407189470793819,0.13130952895310685,761.094543140195,92.7734375,4.538515246851927,0.07014469231651696,12.578700165426579,3.239755004228022,0.5441797530327267,0.3832885258799027,0.07243875513652091,4.6029770101882616e-05,4.690389056634433e-05,199.19585497270774,92.7734375,3.062350739942941,1.3142326990642608,21.61797408927783,5.447357954796997,0.38056077971834323,0.326177675463358,0.10158156299858465,0.07124383404574985,0.1202010405407083,712.5891996721012,92.7734375,4.50622058136259,0.05325708755989007,12.971140221356213,4.38962417109636,0.5459431564013545,0.38241980001679526,0.07156280238351712,3.366094980434227e-05,4.05485618422096e-05,198.18659269486594,92.7734375,3.127951855109879,1.4189451705037701,21.41991445556029,5.038239856713261,1.3170958873885115,0.016887604756626887,1.0885620273715948,-0.3924400559296348,Train155.csv,Normal
136,0.8505105735847924,0.13803008619094106,0.006710660910372699,0.0019807838393741065,0.0027639392472679726,125.74683348151764,48.828125,3.8068342529415644,0.18533598572057597,1.6283806665369158,4.277608170123367,0.5244003505925541,0.3938968880206712,0.08159535297550842,5.258975958262452e-05,5.477548404064326e-05,210.74094525651617,92.7734375,2.9545045782932724,1.1490934588065453,23.265820713917655,5.923609629718842,0.854296017909212,0.1347993964736882,0.006192824891225891,0.001912472695950377,0.0027964218609292353,121.18317211763508,48.828125,3.7193751326797635,0.18118226946908678,2.3457951824696757,4.7922253829071835,0.5405156526273761,0.3878383977532787,0.07155300735391672,4.177150665837018e-05,5.113444113774352e-05,200.80053622683477,92.7734375,3.0437949652232397,1.2615824098783757,20.434165507775653,5.0548051715496705,1.022925616511677,0.004153716251489192,1.0723164182375593,-0.7174145159327598,Train156.csv,Normal
0,0.3757375826634899,0.3115237468151711,0.10551151887499682,0.08326895057288122,0.12378661810608717,736.8827958630105,92.7734375,4.6433419260469995,0.07095945735304315,14.71948444738334,3.4156150845549575,0.5414699853177631,0.38161733840216483,0.07680399373616673,5.245261607879931e-05,5.6185184508280695e-05,201.91012198516842,92.7734375,3.159502257510917,1.2007456055573729,26.719020979184712,6.070558515938251,0.3896116803634784,0.3249967524882398,0.1056536881016595,0.06477880535431495,0.11479752464446086,684.936030791078,92.7734375,4.488364917477362,0.052567920578986405,13.966344462325754,4.119236245164457,0.5425689605105173,0.3791181909795339,0.07822940622439539,3.6928549575879355e-05,4.6482586412123294e-05,201.2551096966364,92.7734375,3.1776884231703706,1.2951556032089355,26.536031097507532,5.990466920828077,1.3498623347020176,0.01839153677405675,1.107655380216495,0.7531399850575866,Train157.csv,Normal
671,0.8358804836886815,0.10909163437823266,0.040915180495938744,0.010000914825881163,0.004109776900438015,148.1710387408641,58.59375,3.563023780090749,0.45352403406830777,8.082814714770441,6.389151000442494,0.5511594867580383,0.368281258736253,0.0804868948120781,3.6697270563306444e-05,3.5635562263175594e-05,200.75444468114245,92.7734375,3.230180078147815,1.473368214559637,11.455553011015073,5.6490433036309815,0.8562005552119204,0.08955337658440263,0.03615889626269169,0.01072551472099039,0.00735772855635069,147.8080730463084,53.7109375,3.474256705177308,0.4899022507312552,7.510535971961762,6.344788743689703,0.5534422304765773,0.36813626012312034,0.0783679998033754,2.4444535000471684e-05,2.9044433962971716e-05,199.76365797883355,92.7734375,3.290994525657681,1.6720858958993992,13.680082868805659,5.791535412422899,0.9257439263967633,-0.03637821666294744,1.0859919783048795,0.5722787428086793,Train158.csv,Normal
793,0.49986168366654526,0.40884755910144016,0.080724119227085,0.007994210303121231,0.002569320338609143,261.58985865109037,356.4453125,3.9435927827402293,0.23386182425489413,0.6754305190052681,3.801817721929349,0.5419772836006472,0.38738781668601974,0.07049792349048323,6.434663657415145e-05,7.257000651500366e-05,201.6246279861246,92.7734375,3.133839284184947,1.1382155807280472,34.892024083065124,5.67190526510182,0.5393334351453888,0.35802162523386566,0.09019725477460072,0.009029436483636728,0.0034142955918875675,258.8743220303238,63.4765625,4.0991396881745725,0.21442103762450082,1.0092911105333005,4.634355451337104,0.5567665263330054,0.38185872535969767,0.06129410140521814,3.5682447137886716e-05,4.493483287572586e-05,192.53254608524207,92.7734375,3.141814239757762,1.3518318346859288,35.7943879560551,5.460772600717281,1.090666409206414,0.01944078663039331,0.894097419868807,-0.3338605915280324,Train159.csv,Normal
685,0.8476778280471194,0.09018170814232745,0.048066512579229434,0.005934957392959823,0.00813520350551884,150.84743408289089,58.59375,3.5948099108109135,0.4221259029268267,8.928915970215652,6.793547280910856,0.552295147878595,0.37149560774879065,0.07613518674542243,3.661023045857508e-05,3.741893559177019e-05,198.53422680353364,92.7734375,3.210323420959918,1.4198866372371792,15.99200257150375,5.682810452326489,0.8351148730046518,0.09426908268649442,0.058620848562674195,0.00674079654060859,0.005251775266957465,154.96743121978875,58.59375,3.7467619165016535,0.4152811087090432,7.375352219398158,6.7024029976548665,0.5578184010991797,0.3688771798676052,0.07325130423025678,2.4098840127246622e-05,2.8991817484188992e-05,196.11639840060235,92.7734375,3.2199673145379855,1.60057280519792,17.78538832481877,5.973655756188296,1.0164823129628484,0.006844794217783501,0.8261950729768576,1.553563750817494,Train160.csv,Normal
0,0.3718928669555155,0.3112193468500829,0.09420975424833627,0.08462272740354551,0.13781236817758363,784.209063173351,92.7734375,4.660583345807309,0.07010770579908665,12.22815625369346,3.3802377715629524,0.55336621223401,0.3822139654022026,0.06430267274638485,6.261491744770551e-05,5.449140536844262e-05,195.11561421680264,92.7734375,3.077913399233894,1.3525257362937095,18.28302824010027,5.445833072953134,0.3963697591594234,0.31541118237562293,0.09155298076553471,0.07928242216011215,0.11717219439932737,703.2511925169687,92.7734375,4.416024784592125,0.05257776559541463,11.385384391728852,4.1178918464783685,0.5672655832387107,0.36970480054291566,0.06294807239886424,3.698655771333834e-05,4.451908722015953e-05,189.86338615697332,92.7734375,3.0607013432698786,1.4569435278851894,17.507035802725284,5.5366679050010905,1.3334097345473936,0.017529940203672018,1.0468115949180856,0.8427718619646072,Train161.csv,Normal
0,0.3871282682255806,0.31031100820201896,0.10263703535593872,0.07723531628057723,0.12254538750086118,719.473962760519,92.7734375,4.573228766396752,0.07162575898238885,13.041859067340951,3.725194446221667,0.5506333572952515,0.37433787567541155,0.074940199501729,4.430749036428162e-05,4.4229259051970074e-05,198.81213849859165,92.7734375,3.122344548560679,1.420876403988227,24.881769132589497,5.5032686291577,0.39820715977925,0.3244107499932053,0.09994133570478762,0.06877422250957864,0.10855591997864783,662.2430580660783,92.7734375,4.354644258164495,0.05530686685202022,13.766135495658956,4.577147181419445,0.5521862418464153,0.37190000590760813,0.07584880529485326,2.987383720108122e-05,3.504970528000019e-05,198.63668741079167,92.7734375,3.082224615318361,1.5263604964974582,25.34101573440707,5.715757303118373,1.2950608444150493,0.016318892130368627,1.0661278217261165,-0.7242764283180048,Train162.csv,Normal
870,0.7504931972698917,0.11674992362968327,0.12293573698469502,0.006735213142134942,0.0030746552468916455,188.27273675707377,63.4765625,3.743686182807116,0.4608142066270161,2.3266904764912884,5.073822834288887,0.5574691369741127,0.36590325651851124,0.07654385351357074,3.7692249752958526e-05,4.602554227770573e-05,200.70344199813925,92.7734375,3.3286130781264207,1.2712325343666144,18.746465039915226,5.140887143129245,0.7230497747213965,0.1512547865409218,0.11445888065355184,0.008613014729790196,0.0026197808803987894,198.53061360404936,63.4765625,3.986168929247408,0.4328406189521832,4.448890656150931,5.734739657252977,0.547236327408084,0.38767160314237037,0.06502658296854677,2.644037113420867e-05,3.90145212116893e-05,198.60787115553083,92.7734375,3.1652739856919534,1.3907578330908943,20.843438546419733,5.053461136604918,1.0646279147227984,0.027973587674832934,1.0536195015873755,-2.122200179659643,Train163.csv,Side I
1248,0.5733369945290635,0.22204366213273125,0.18445260177616973,0.01635385202747175,0.0038117647721627864,275.4827397796116,78.125,4.517197068943076,0.7555630189218068,1.7352608116261996,5.3911859683736,0.5578232134223322,0.37049360982158747,0.0715973796802393,3.8858835309583465e-05,4.690762364195226e-05,199.25240154899768,92.7734375,3.5170310939265845,1.2406135650614165,16.216758707649383,5.976743733281383,0.6370836917521713,0.1910226133584641,0.15050510887893126,0.0172290319635491,0.004158124796775428,245.56200703489841,68.359375,4.147324106526166,0.8274467904544764,1.7023710604977413,5.155829301944976,0.598829855199512,0.32520513148180097,0.07591435641754193,2.012827575016273e-05,3.050689383297001e-05,187.02157003641028,92.7734375,3.7527801862572323,1.6225780361006397,13.788234177405213,5.182816584874846,0.9131258066681083,-0.07188377153266967,1.1971710207467448,0.03288975112845827,Train164.csv,Side II
0,0.3724460672700064,0.32000482724697193,0.10710093639706247,0.08064603279287384,0.11956873473234801,720.2467569563483,92.7734375,4.495727351160756,0.07157369971929294,14.223984854174402,3.713720841633223,0.5358943204105419,0.3886535427766786,0.07536837015073648,4.129839223814476e-05,4.243457075192237e-05,203.19633927267992,92.7734375,3.1518241791495845,1.3919108518202097,14.757640535980396,5.145311747726984,0.3860226423687946,0.3368968463771882,0.09936671429307634,0.06973840619310265,0.10777828548817003,667.7216680052256,92.7734375,4.469232814150356,0.05529253459778527,11.14688569257583,4.353031290022525,0.5394504563944456,0.38566392572799996,0.07482264484720352,2.887069875190025e-05,3.407719764794663e-05,202.0793019454845,92.7734375,3.2166764622352013,1.525951633438931,15.4581132941262,5.118811973940213,1.2944550099843821,0.016281165121507665,1.1102382206991936,3.0770991615985714,Train165.csv,Normal
599,0.4609522973613637,0.17368544594486765,0.3501724964080338,0.010592036261045266,0.004590572817504312,368.6980835771206,63.4765625,4.57128757823879,0.1727261788909513,1.2298202784482573,4.151405737878956,0.5449560189305328,0.39004897703782204,0.06491718273077292,3.9370135989276105e-05,3.8416550825788145e-05,198.30596311753325,92.7734375,3.1093156623307556,1.3483476484103927,23.270058998192624,5.5181187296093075,0.517764301508927,0.1698418877687776,0.29761422225665946,0.009378797682753985,0.005394081197391712,339.41200676290543,63.4765625,4.536284088867664,0.16984023879887766,2.446965280694794,4.609516424626954,0.5611142351595776,0.37627501413177716,0.06255118616329441,2.6721067849837735e-05,3.2808870916805336e-05,191.86430025438673,92.7734375,3.1483744240600955,1.4302882629724305,26.246083337443572,6.251244823998386,1.016992080884313,0.00288594009207363,1.175155485831965,-1.2171450022465369,Train166.csv,Normal
957,0.7973378277262196,0.11391682633433041,0.07576106476933953,0.010042803591022477,0.002939403066682726,172.5361082942985,63.4765625,3.9048089572888953,0.28705096371943334,2.9341501606002303,5.0982665978756545,0.5342916860182437,0.3865214005637901,0.07909314256666783,4.781625475158293e-05,4.592149139303441e-05,205.30719034516625,92.7734375,3.041188336414245,1.3108766785577504,23.787949233406003,5.598288761332101,0.8222044541001995,0.08595866952893823,0.07987521947423896,0.008997511115359461,0.0029619594571982442,167.44822852696282,58.59375,3.7938892529026873,0.3212822805510694,2.172730775379783,4.759785410654768,0.5436100810109323,0.3803192129122833,0.07600477856157212,3.018163640943355e-05,3.571865732996594e-05,201.27709966622658,92.7734375,3.1519065261761767,1.4719391092759244,19.801825997223247,5.1120076429295205,0.8934540751317628,-0.03423131683163605,0.9654690119866237,0.7614193852204472,Train167.csv,Normal
671,0.8566644074201678,0.0889946370788591,0.04433053086561863,0.007121412403662599,0.0028868411605044654,135.05700785764037,58.59375,3.496606463544157,0.4436716211822976,6.419353459132174,5.799575820702701,0.5591442183250399,0.3542966898651611,0.08647049836415863,4.31736229147174e-05,4.538600073618354e-05,201.06315263364286,92.7734375,3.34828443559585,1.3057321692370443,16.792185338636347,6.147447230562076,0.834494743591013,0.09860951788198925,0.045971401371500575,0.013169312185974122,0.007751583501525382,163.0896009693148,53.7109375,3.521921670685698,0.4260844176236337,6.875051847423862,6.285642383819436,0.5576134865608515,0.36575003846522286,0.07656756442254326,3.062901470940203e-05,3.824914256289411e-05,198.08543468353037,92.7734375,3.260023104665822,1.4768077985541415,21.153161863457157,5.944531545133423,1.0412763334915536,0.01758720355866389,0.8699919108904021,-0.45569838829168763,Train168.csv,Normal
1092,0.6439826459610064,0.16004401125310908,0.18577295376341746,0.0074344375597610955,0.0027643244071518095,245.25681709484525,102.5390625,4.232113564466382,0.5207786940287521,2.719107373422208,5.57497419351055,0.550922056282155,0.36464744856643466,0.08433315702416411,4.581083065129562e-05,5.148910509115517e-05,204.2568029405024,92.7734375,3.4780320789921992,1.3031408140007823,39.62714783692415,6.422502302741245,0.7353258103945768,0.12271729109215922,0.13341212779828146,0.005991361913706338,0.0025518439872245255,205.68758123118064,83.0078125,3.952294755871637,0.649374982452303,2.3466733652000693,5.391609581006495,0.5720152508536097,0.35337631231058997,0.07454968409797376,2.61896743535507e-05,3.253980853463022e-05,193.63020068702488,92.7734375,3.446221746568587,1.5236823951829437,29.347189356482282,6.266917846542086,0.8019691353986439,-0.12859628842355086,1.3859580584129805,0.3724340082221387,Train169.csv,Normal
886,0.7073567714766794,0.14035445316051248,0.14276636285445501,0.0074156765500291025,0.0021045204811452256,229.74951045237498,63.4765625,3.9347108465541467,0.30438394459645124,1.5669914074329043,4.780805022128215,0.5464765737191977,0.39077244180950266,0.06265112223143209,4.796349735598687e-05,5.185967823244352e-05,197.99301850490795,92.7734375,3.127345039983596,1.2533890732674173,29.31141061279795,5.851139155756189,0.5682422204217616,0.2232502340149996,0.19534957969982242,0.009770445321209319,0.003383505371665683,305.78591113093637,63.4765625,4.34960684858469,0.27018482317024434,0.46840400457422504,4.216592641678593,0.5518678639894398,0.3882202256800652,0.0598304969965614,3.691261693153114e-05,4.446525724639505e-05,194.10563256672935,92.7734375,3.141902693521601,1.3116052156812525,20.60374888573263,4.943967525575024,1.1265767628927148,0.0341991214262069,0.7321666358851056,1.0985874028586793,Train170.csv,Side I
179,0.22648452509961792,0.12285207499798799,0.5533966092209678,0.04264639600995546,0.05451336201786775,733.4751005446768,791.015625,4.702196418827498,0.0774621280757029,4.379365952980892,3.272315900385676,0.5351316512051448,0.39357818107762005,0.07116238540206352,6.0547378089722015e-05,6.718845421938616e-05,203.73286603956186,92.7734375,3.032034351067216,1.1774789495386058,16.50766038429158,5.204295480132908,0.23713893511767217,0.18048359602759143,0.4832840285674193,0.04481438173477912,0.054154970806093806,699.3590318730933,92.7734375,4.661357125423093,0.06251495253553031,4.725025173521026,3.96900465528717,0.5518953572903867,0.38739543362743445,0.060635027412569625,3.299667245776352e-05,4.1150644927466395e-05,194.19131241141798,92.7734375,3.0597787783660753,1.3789978811858763,14.715790536861455,4.893810861303303,1.2390975869745686,0.01494717554017258,1.1286589629406105,-0.3456592205401332,Train171.csv,Normal
381,0.8286892010219684,0.12955900539994666,0.028323057254809336,0.006399852125850909,0.007025784334638638,147.79618502238407,58.59375,3.7371864546983735,0.24137921620626945,4.137732060859572,5.267988532182458,0.5279114662768595,0.3941135830346724,0.07789986061563943,3.7533437902003214e-05,3.75303731870144e-05,206.88795685352147,92.7734375,3.0928265667028207,1.4424725362304436,15.068095396040333,5.769577986609669,0.8400297664248232,0.13262937752689505,0.020452747117999256,0.003713144047551909,0.0031715850821376233,135.9097025605195,63.4765625,3.7488344703377114,0.2878267432267664,2.7621595636862883,4.973282404621265,0.5382970982598329,0.3874727731032621,0.07417423026819636,2.5707424596274508e-05,3.0163772356071927e-05,203.1467586602701,92.7734375,3.1769182957728868,1.5938131656162053,12.655333381888369,5.258095837636738,0.8386267817284452,-0.046447527020496926,1.4368560921644045,1.375572497173284,Train172.csv,Normal
1173,0.5057263675022875,0.19324634218083894,0.28101172242380557,0.017431223703728658,0.0025829903025191905,314.6370040007381,53.7109375,4.402404010756748,0.4120551168981875,4.158130527665735,6.0970087368615875,0.5471748329313796,0.36775085013136677,0.08495800057209835,5.514817799232726e-05,6.112342724733218e-05,203.08531201336123,92.7734375,3.290253134032744,1.205308324055276,25.15444860924506,5.722342668664122,0.5418207718882369,0.18998849266133122,0.2505723494611625,0.015306305598526521,0.002310266759299147,298.81686277793784,68.359375,4.51539733490307,0.44366492225760784,4.147656591402846,6.2221927554317595,0.5620300007250597,0.35823217016441056,0.07965244259843832,3.484377835067294e-05,5.0498083220000434e-05,196.6122860766855,92.7734375,3.330665674318679,1.3003090814695506,17.58512002581856,5.426658446436155,0.92875297391706,-0.03160980535942032,1.1224780151609257,0.010473936262888728,Train173.csv,Normal
834,0.7902134047766839,0.08048381145337552,0.12099873940410434,0.00622958928005648,0.002072463093086977,190.51244031760442,102.5390625,3.8717274540912383,0.3675115248651117,2.3060783721841998,4.796104318064955,0.5424147741833404,0.3931488320992794,0.06434965816982745,4.015136167515018e-05,4.654750099744707e-05,201.42427161955186,92.7734375,3.045777289876804,1.34058702525306,18.050668580440423,5.886488040714196,0.8423577609636658,0.06409287163302708,0.0871595207187205,0.004235731047673178,0.002151838697453376,160.26158185783504,78.125,3.740297018642628,0.3427927067923715,2.386412886120068,4.558972688869651,0.5490916998624455,0.39032217921938406,0.06051666494176039,2.9096587840263385e-05,4.033029826376676e-05,197.24838493509876,92.7734375,3.070252749761711,1.4043612904544451,16.78166262182961,5.612231204585958,1.072110101851152,0.02471881807274018,1.3920671460842338,-0.08033451393586821,Train174.csv,Normal
1015,0.6550192610225433,0.14381371940071513,0.1891518067214698,0.010277286829675424,0.001736610538085295,238.3920733608504,63.4765625,4.199489312033587,0.4202597787488103,6.8014929942911255,6.872098392633481,0.5452231131237438,0.39601578421513745,0.058665906220821074,4.272158909228589e-05,5.243516749379745e-05,197.38272510319743,92.7734375,3.049582510583893,1.2605604395393653,19.017334885967927,5.64203266063559,0.561620580558357,0.18695050772320432,0.23498607686391626,0.013919865322398183,0.0025208253851514294,285.06364177916413,63.4765625,4.492501953153793,0.3685515692698419,4.832242116542287,6.678015393649386,0.5480204951719737,0.3996269394081271,0.05228024410034022,2.9837514247767927e-05,4.2456319603352425e-05,193.54682428246394,92.7734375,2.989396320849025,1.3991462785796607,16.99519237790642,4.984376000752625,1.14030114819782,0.051708209478968425,0.8012227068514225,1.9692508777488387,Train175.csv,Normal
587,0.6265970412474632,0.14224225458229164,0.21738959342346242,0.009842990425296483,0.003924846839145071,275.1806087959303,63.4765625,4.419549286343257,0.27473869957940866,2.9396841814478316,5.146937796538428,0.5379963914813372,0.3886799926439055,0.07324178923720677,3.7797074906343075e-05,4.399575358390409e-05,204.45028694649594,92.7734375,3.0648976427449472,1.2969162548790907,24.653989572620628,6.394968090875457,0.8385921103185213,0.06965872858008276,0.08491545872499723,0.004378457189367575,0.002453155615460117,154.32867821344666,63.4765625,3.7914101686623,0.32934228358257,4.520644483244239,5.494699372571436,0.5585271712759918,0.3725897369989181,0.06882255216604613,2.5508972041563503e-05,3.5012409394604415e-05,196.4448498154541,92.7734375,3.193681877152092,1.4421231859407617,28.286443557623443,6.396494838916623,0.8342041469944573,-0.05460358400316134,2.544771152403146,-1.5809603017964076,Train176.csv,Normal
1056,0.7711241583664673,0.10821269576786076,0.11082551908978151,0.008074738248477396,0.0017620048263933918,181.76857704412677,58.59375,3.7716457418011693,0.5784968810173599,4.693087043018026,6.132380086527601,0.5678975809016426,0.3607038713741157,0.07132149912565935,3.547531449247278e-05,4.154452175861021e-05,194.4531769840568,92.7734375,3.2784007587032167,1.2871854063441335,24.442699037002967,6.052881637809353,0.7383089392429772,0.1238061376031973,0.12758253967361585,0.00854328476481365,0.0017577612115323537,196.33435802416793,63.4765625,3.9840917276776895,0.5182161803074211,5.854044771810847,6.423012111730586,0.5788471684847247,0.3578110678377755,0.06328442539970937,2.3732373597011155e-05,3.358307492774555e-05,187.061939268114,92.7734375,3.178652613767627,1.4597731913239862,25.70634941031106,5.952769319883884,1.1163234609113422,0.06028070070993874,0.8734584855982246,-1.1609577287928214,Train177.csv,Normal
0,0.370809929622326,0.30723013725806636,0.10891987332481981,0.08413036139389381,0.12870680975218599,757.2315011715887,92.7734375,4.589368242066072,0.07087655191786518,11.65170921147096,3.5102064078421487,0.53062013837844,0.3914066879369333,0.07787381411309381,4.869704468707463e-05,5.062174813369084e-05,205.77641432106947,92.7734375,3.023620859474841,1.2560944439816084,27.402178749324946,5.504362027721397,0.38346637725723165,0.3273985580167113,0.10049888502474012,0.06643862583093019,0.12194536527149753,711.3158231457932,92.7734375,4.507769481579064,0.05299865646388903,12.976232781425967,4.21059714789261,0.5381029843993362,0.3890324980242021,0.07278533720571802,3.527521951073873e-05,4.387224867032161e-05,200.25284177540104,92.7734375,3.094577005964253,1.3628245282781888,28.78087809721684,5.916762047956556,1.3373273080767634,0.017877895453976153,1.156422140073704,-1.3245235699550069,Train178.csv,Normal
902,0.7449345530095501,0.1731637989317334,0.07383695379028708,0.006060203811608425,0.0020031953477097912,188.84226942245172,83.0078125,4.116114278216526,0.8034242850066127,3.2384497005627986,5.194706764867012,0.581573556929059,0.3259068891862569,0.09243181114015485,4.201809136477052e-05,4.5693507466849125e-05,198.42084589598107,92.7734375,3.7824281228304533,1.4435172184793577,13.722370800593453,6.455630406905567,0.797148736897151,0.13806272336114506,0.05779775415965922,0.005001132448433745,0.0019883473936300276,168.87844357793304,83.0078125,3.920383983463549,0.9439617654061023,2.3241856392055964,4.889225997086897,0.6027593365320728,0.3147327042295583,0.08244175184197942,3.367710692738426e-05,3.250433704403972e-05,188.80476422635664,4.8828125,3.828236461515565,1.6613218838406971,12.066089706521536,6.160197822431263,0.8511195194541079,-0.14053748039948966,1.2722702685516847,0.9142640613572022,Train179.csv,Side II
1250,0.6744718530207111,0.09437899771314849,0.21424214564856378,0.013534843181506141,0.0033708037992611108,249.91562895686044,53.7109375,4.009519053832248,0.5538698138252272,6.309845683206218,6.344784521437768,0.5600300990299266,0.35445107236710405,0.08542980277855815,4.193795606015291e-05,4.705249815151682e-05,202.06802884308726,92.7734375,3.599537838122469,1.4004784680429423,23.488814099910194,6.493895679099828,0.7097873897193847,0.08938181925250598,0.1844190076897625,0.01287290728597839,0.003536938774318279,229.22146713804005,53.7109375,3.974157877667762,0.5696445798985736,5.8750816765226705,6.540048769716355,0.5982269378366389,0.33097031002905786,0.07073375137129413,3.117725732608661e-05,3.778437905321704e-05,182.78660777412114,92.7734375,3.5282017928124625,1.4693721333574004,17.836089272278436,6.044231696329941,0.9723077027284928,-0.01577476607334649,1.154517597457351,0.4347640066835474,Train180.csv,Side I
0,0.3781542594454225,0.3140250602742528,0.10335663068268168,0.08409100931890152,0.12016139260067396,726.8300696895535,92.7734375,4.573415760297159,0.07052683002127663,12.052903173190456,3.2316033046432047,0.5432433688206706,0.3821987920608584,0.0744407125411452,5.984990279535342e-05,5.722462640112777e-05,202.0236808519714,92.7734375,3.0460464118383705,1.1714853189719934,16.57657553908018,5.21354372260865,0.40284576733175614,0.33806889577293564,0.0872528460804089,0.0690131624375324,0.10263004526103281,643.7169699782474,92.7734375,4.343561088503544,0.05522506181196914,13.752307461290687,4.582834111395628,0.5590160213720635,0.3777703248312947,0.06314155885890471,3.186583248331613e-05,4.019881364485351e-05,192.65571627235798,92.7734375,3.056458624150425,1.4120359479032818,16.068530971367235,5.180530944695909,1.277080123229685,0.015301768209307495,1.199541989840483,-1.6994042881002311,Train181.csv,Normal
377,0.8465487863991704,0.12371251529474289,0.023205103893888582,0.003996904465161096,0.0025335142101615034,132.13685752843762,53.7109375,3.7333756829831204,0.2581687680231532,6.25900648005749,5.234948196307541,0.534086113294972,0.38877194825205963,0.0770499367907793,4.499769759389118e-05,4.696727481127858e-05,206.11857113045482,92.7734375,3.279264002225935,1.2822615934668544,16.797961138737108,5.539411670889187,0.8676046480533447,0.11312986474760979,0.014433016477156895,0.0026518894463551127,0.002178502079582458,123.218062072859,63.4765625,3.676890404444778,0.30383960833198503,4.631808306468285,5.123012162660288,0.5370358752278651,0.3895519579244226,0.07333535577644087,3.377746128418624e-05,4.300539956430441e-05,203.11521431946767,92.7734375,3.2868758143094046,1.381227702578664,26.396799084294273,5.5132860155017225,0.8496876644580911,-0.04567084030883184,1.5921660258865478,1.6271981735892052,Train182.csv,Normal
1163,0.6982827598349225,0.08524980951564687,0.2031817711770761,0.010736967399223207,0.0025468002943556307,227.60588282784957,53.7109375,3.8301741743967743,0.3976240774611459,3.712917188547694,5.816384048525988,0.5524771275749168,0.3780358269431392,0.06941105919529338,3.671250721679599e-05,3.924607875053426e-05,198.48300035773786,92.7734375,3.1739110559259323,1.4190231013678352,15.154021815377797,5.700552417926778,0.7424333148213872,0.07976714373122247,0.16498776947312316,0.009970590908824326,0.0028390829698336246,202.99791691669728,58.59375,3.8086059180565397,0.4322458771159797,3.936837778293521,6.068267160227913,0.558756065130426,0.3734942874487787,0.06769007339712699,2.835744760460256e-05,3.119033415516108e-05,194.93607183536196,92.7734375,3.2553237525277723,1.5646563753296316,14.755920390479442,5.871660049959342,0.9199025313885257,-0.03462179965483381,1.2226837110648192,-0.22392058974582696,Train183.csv,Normal
0,0.3826377241559258,0.314062564120853,0.09373572692611117,0.08053509083197184,0.12872830746315803,744.0076774724607,92.7734375,4.559956477109424,0.07076856731988548,11.858280462425208,3.4636148344151434,0.5510797820817266,0.3862242588551655,0.06260857014080508,4.5851094150185646e-05,4.15067748393099e-05,196.363479019786,92.7734375,3.0511679587885263,1.3361376762118882,13.032157477688632,4.73262662519996,0.40118508177797635,0.3007264052283545,0.09647126297339266,0.0811031218967545,0.12036459801643756,713.3175344067093,92.7734375,4.5664185615587805,0.052695101753644606,9.222535206038584,3.8946013306505374,0.567375630768949,0.36745819183727596,0.06509807920602799,3.1139629473310906e-05,3.6930559295330685e-05,191.7755807108806,92.7734375,3.1190962195021186,1.431313066251447,12.374492379203051,4.489457754467174,1.3429818640023592,0.018073465566240877,0.9813961450809696,2.635745256386624,Train184.csv,Normal
1240,0.6409012059071724,0.0886069866222282,0.2531808613528669,0.01354398812630036,0.0037657571603221616,271.1054698324816,53.7109375,4.001584025466903,0.4961481826742129,4.8140870943794285,5.863323307534308,0.5591558168147239,0.3618978206967552,0.0788782441960764,3.294307042161812e-05,3.514369518090835e-05,199.02964369047157,92.7734375,3.4243230800824622,1.509851862325497,13.033089696729,6.02869279694953,0.6927978177644565,0.0900213481288411,0.20037863893664878,0.013586410908256637,0.0032138939251320693,238.74649795521333,53.7109375,3.964609231420805,0.548602354220622,6.857755008516754,6.478165972242744,0.577569497701418,0.3537986101744702,0.06857739511279487,2.5757468632565406e-05,2.871696146941254e-05,188.68787214910836,92.7734375,3.3218775639735956,1.6734649172874732,12.388511266229447,5.799253215612498,0.904385805042134,-0.05245417154640908,1.2465813852585919,-2.043667914137325,Train185.csv,Side I
312,0.8231490800015976,0.1348851973625391,0.034652730612692466,0.004552674234573786,0.0027585676034250907,137.05988891671905,53.7109375,3.9081972521306025,0.24957183323389245,9.35628748043003,6.409953444199184,0.542150422749072,0.37694871029964483,0.08079402828979644,5.149309961616347e-05,5.5306172608573724e-05,205.66645239930517,92.7734375,3.215165147429747,1.2402140154679961,22.14587175733005,6.17959769223847,0.821513559226435,0.1301755214530882,0.03977088860173901,0.005078806188154892,0.0034577867886978033,137.5538150646937,48.828125,3.909229967454191,0.24662386977584128,11.62822311653191,7.031922595160983,0.5505102351187704,0.3778053941559225,0.07160044715256958,3.9270287180846264e-05,4.461209522409144e-05,197.98726142175008,92.7734375,3.1972310577635605,1.3439063465862193,16.009210294435587,5.653812242907003,1.011953273009532,0.002947963458051178,0.874150964834426,-2.2719356361018797,Train186.csv,Normal
0,0.3724460672700064,0.32000482724697193,0.10710093639706247,0.08064603279287384,0.11956873473234801,720.2467569563483,92.7734375,4.495727351160756,0.07157369971929294,14.223984854174402,3.713720841633223,0.5358943204105419,0.3886535427766786,0.07536837015073648,4.129839223814476e-05,4.243457075192237e-05,203.19633927267992,92.7734375,3.1518241791495845,1.3919108518202097,14.757640535980396,5.145311747726984,0.3860226423687946,0.3368968463771882,0.09936671429307634,0.06973840619310265,0.10777828548817003,667.7216680052256,92.7734375,4.469232814150356,0.05529253459778527,11.14688569257583,4.353031290022525,0.5394504563944456,0.38566392572799996,0.07482264484720352,2.887069875190025e-05,3.407719764794663e-05,202.0793019454845,92.7734375,3.2166764622352013,1.525951633438931,15.4581132941262,5.118811973940213,1.2944550099843821,0.016281165121507665,1.1102382206991936,3.0770991615985714,Train187.csv,Normal
823,0.620222314155724,0.15866225604144768,0.21040899357264847,0.008125740564853646,0.0025794737763645387,266.8437929551639,58.59375,4.213274967998382,0.3065306582316866,5.628791909653384,5.8443337715787775,0.5516447833819997,0.38975297062269476,0.05850374457033788,4.4506170531837096e-05,5.3956203316012534e-05,195.8026792838137,92.7734375,3.13038116060788,1.1551484419068823,57.794773628927885,6.98290003915069,0.8929166572647977,0.05416381118288051,0.049509513490886115,0.0024764582752754977,0.0009329032189180004,114.53329303572873,63.4765625,2.802026276202847,0.42637692650700604,4.263692609518866,5.781109952110595,0.5606207264138673,0.37644049115916595,0.0628744383604345,2.5261530415426886e-05,3.905406922464047e-05,194.2628610936438,92.7734375,3.353345229631627,1.391388999019965,49.975488591691686,5.445349143573441,0.7189194312739866,-0.11984626827531941,4.203725014832259,1.365099300134518,Train188.csv,Side II
311,0.6630296626912179,0.1079766146898626,0.20981884772422107,0.012313760479775612,0.006845503152326162,273.92812447883284,68.359375,3.9269921820729907,0.1351419869764091,1.5524961224779856,4.051012656203743,0.5433510415116725,0.39761114276414133,0.05895601977149733,3.812985771538494e-05,4.363115080068809e-05,197.9715137181284,92.7734375,2.9461145994498024,1.3216308297036525,17.00924285460674,4.900901710149178,0.6430223836108788,0.09882825845641915,0.2376806513833216,0.012291651995178813,0.008160725583213787,291.7470007718045,68.359375,4.005184280610872,0.12243333527228412,1.9082445765673561,4.3748003685541,0.5450472039253882,0.39818472084679785,0.05670377328484591,2.6616232205277373e-05,3.7656135412987836e-05,195.94395412394178,92.7734375,2.994201555857876,1.4072849511752064,15.889908528766226,4.568845048843108,1.1038005749991306,0.012708651704124996,0.8886288773321476,-0.3557484540893705,Train189.csv,Normal
835,0.768024840566211,0.09628471399771343,0.1251648799937826,0.007803849834237348,0.002719768204497081,190.84494695799316,58.59375,3.9027243531178266,0.40034512616028894,8.057727173886107,6.136962820634995,0.5508745883399269,0.3690406887519582,0.0799945002253591,4.4128191367866284e-05,4.606249636069104e-05,201.05039961608168,92.7734375,3.2667776885069646,1.2673676270637064,43.04112568962173,6.078842561436009,0.8155041647470951,0.08600477614921241,0.09080213009347779,0.005587986558465662,0.0020996759992219457,161.87946133450396,58.59375,3.8754440670654926,0.4848948251282459,9.081928214102383,7.153750326487025,0.562145600579621,0.3542630777888529,0.08352416298896417,3.0059154128517584e-05,3.707244218568782e-05,197.8129692688268,92.7734375,3.413818499729452,1.4143522033560236,23.933277447207253,6.2016202167964085,0.825632909628953,-0.08454969896795694,1.379485086927259,-1.0242010402162762,Train190.csv,Normal
0,0.3806769909528497,0.31403126494177663,0.1043764087487896,0.08009444561538136,0.12067085592737334,719.6717616874027,92.7734375,4.566473203288151,0.07156878184429968,11.857145863641684,3.4727931240415657,0.5397857608703717,0.38738698546127864,0.07274527171149393,4.079249062231362e-05,4.1159573864637244e-05,201.52740368572157,92.7734375,3.1558265814581397,1.3627240621503436,18.28727284609015,5.179567904256141,0.38541666273741493,0.3325746390450427,0.09765347160068127,0.07255547466701433,0.11165960425516976,682.3224694315455,92.7734375,4.4551856419308375,0.05479412106104854,14.491127566628116,4.553571930618929,0.5416352460048282,0.3858941102154105,0.07240727543916345,2.913261928279706e-05,3.4212043621949976e-05,200.8737165474623,92.7734375,3.1524110671147616,1.4961260351851688,24.669209889631063,5.345930001075219,1.3061397674108504,0.01677466078325114,1.0837905840169786,-2.633981702986432,Train191.csv,Normal
0,0.3619057659513954,0.3187852772055416,0.10700101532696753,0.08183529295774168,0.1302821508925587,760.9750028683964,92.7734375,4.555385480097124,0.07003637345333635,13.59973668169398,3.291264292605372,0.5285976700972683,0.3957401297069318,0.07556401155229624,4.88944215813345e-05,4.9258004670444175e-05,205.7873880637399,92.7734375,2.967545467283661,1.2567218076726947,16.956663762797593,5.2676198765052735,0.3939170014962594,0.33278524466778325,0.09266841836777005,0.06597061111492811,0.11443175203103507,679.5316292738062,92.7734375,4.375882791909267,0.053475551919817906,9.041439904200981,3.9798225172875084,0.5476964068676312,0.38321427795035884,0.06901886172871904,3.145527668930744e-05,3.897047433864808e-05,197.5387461921918,92.7734375,3.0279909251010606,1.3910702794779257,14.028141287715252,4.48670273035062,1.3096895614777468,0.016560821533518448,1.1903521328271387,4.558296777492998,Train192.csv,Normal
360,0.8169182384783059,0.1443371083479878,0.03183263498625392,0.004343027625955611,0.002566263202147175,136.55607049437404,48.828125,3.800922305956355,0.2647353064900839,13.868535656871758,6.678464267963384,0.5411066983247602,0.38127561317995495,0.07751876842673111,4.927764487369615e-05,4.959777388397802e-05,204.08866757714404,92.7734375,3.077102466277386,1.2643054275511665,30.979648691852223,5.9880432410330515,0.792581691789326,0.16633348326432656,0.03264436708158495,0.005156730732917873,0.0032803676562549937,147.25870674512103,34.1796875,3.9990253400270634,0.24720858459171086,10.550159631093766,6.605478754532398,0.5548619074516808,0.3761782329393667,0.06888879461483902,3.4747223465678834e-05,3.628462462551248e-05,197.016631239938,92.7734375,3.1491522347405687,1.4416938461043807,54.1823287121681,6.116606070965752,1.0708985121063723,0.017526721898373065,0.9570002922330483,3.318376025777992,Train193.csv,Normal
855,0.8237196969544363,0.09058510074201566,0.07715739259017079,0.006477820020370462,0.002058367100425507,154.85237054689952,48.828125,3.7981121149161603,0.785571244917999,8.228461316215991,7.190320772355105,0.6053385142699063,0.30747741790327343,0.087122947495103,2.8088840069717104e-05,3.300488557722421e-05,187.06081988827924,92.7734375,3.578439555763797,1.5498604525506714,16.77864729872054,6.698441486520747,0.8130690539470637,0.0910404978469906,0.08407613616949064,0.009021811094935092,0.002791182032200371,166.25995144769138,53.7109375,3.6909402323809957,0.6579862841752283,6.073345717086638,6.566101987528519,0.5902574145007423,0.32874327766178657,0.08094868321882165,2.0832887618626535e-05,2.9770071691437178e-05,190.66926616172017,92.7734375,3.549629365119691,1.6441908524331432,24.43044784240491,6.293810111530519,1.1939021566517813,0.1275849607427707,0.8983572051769874,2.1551155991293536,Train194.csv,Side I
624,0.7860805253275451,0.15587001923497157,0.04910275162908841,0.005441106037864341,0.00350126501540531,143.97770447624498,39.0625,3.362369185111128,0.2264914186492875,3.3848406164821645,5.482626622059694,0.5358993679249409,0.39042135729162164,0.07359934241548154,4.0459704431846656e-05,3.943567716181369e-05,204.70505171746402,92.7734375,3.0338707172097554,1.4382697605659072,15.116081659089836,4.98596030784519,0.6945728244439284,0.21542025338148296,0.07741857251904458,0.00787946258362309,0.004701410886611619,186.4085869283,43.9453125,3.886920257079302,0.2013466559813082,4.264369244126096,6.120130638705274,0.5371154987353393,0.3913851823437106,0.07144279831953677,2.5349057521269412e-05,3.114782728199792e-05,201.83109852723726,92.7734375,3.1555423544375922,1.5183780038250254,12.554824559673635,5.067882538954964,1.1248829359521655,0.025144762667979326,0.6394503339010278,-0.8795286276439311,Train195.csv,Normal
0,0.3729305384668131,0.3171522627596762,0.10792198178784036,0.07767469175279987,0.12414965511742028,733.5477778259497,92.7734375,4.518891032255433,0.07071486522275958,10.461656635562433,3.272719437316401,0.5358165122429273,0.3840252976733033,0.08004274929988373,5.711284659565051e-05,5.828461196205014e-05,204.94988614724713,92.7734375,3.060781333731428,1.2180462028059256,18.746662928128366,5.466693041696761,0.3800683452990468,0.32120240355629626,0.10821765542355088,0.07117138408471854,0.11916081023702406,709.762174658445,92.7734375,4.532687076404633,0.05257672011033382,14.071184101855334,4.2129578671213945,0.5454591727537974,0.37322829167750377,0.08122319339352543,3.969098923703389e-05,4.960429203008255e-05,202.02517382965934,92.7734375,3.1288338224734127,1.3114761450693035,19.351033286965784,5.52087836346269,1.3449843149092984,0.018138145112425758,1.034604304782402,-3.609527466292901,Train196.csv,Normal
736,0.7509673377582553,0.14010660035425004,0.09890957266446442,0.00720820762025632,0.002806240854892056,185.5932416093321,58.59375,3.967381565015451,0.29561879460190177,5.976247061324459,5.407077329717064,0.5418634199850699,0.3733585887482364,0.08469523102705459,3.98694989376568e-05,4.2857000571783065e-05,204.10915859902138,92.7734375,3.2581402558141974,1.346869927918083,13.634535006653582,5.226506411047512,0.826926349190162,0.0941813952926406,0.07253948108397747,0.00466068481018864,0.0016902142800751226,152.33903211104146,68.359375,3.5456413530876523,0.3611278523743857,5.521870726591563,5.7567863938642745,0.5605740822612283,0.3616960431270399,0.07767541992722912,2.3513962562573546e-05,3.091694189326269e-05,195.49834641721773,92.7734375,3.3008943915870748,1.5172863072538014,12.412143778703978,5.0793489118970445,0.8185987091265156,-0.06550905777248395,1.3745796745517127,0.4543763347328964,Train197.csv,Normal
1062,0.4821228057589512,0.14600672887009872,0.35757771416977385,0.01085589885063771,0.0034346941053830632,327.19719208094773,571.2890625,4.240507272303425,0.39968653558863887,1.6475647962668638,5.1581371110803005,0.5431353705008143,0.3781982374175596,0.07859262964551407,3.548364652241114e-05,3.824897941401842e-05,204.72392695732327,92.7734375,3.246405341417026,1.4643107408179437,11.940929734754715,5.184722908617577,0.7103431817692333,0.106578525613551,0.17292635276960935,0.008016381145355241,0.0021341407603326936,218.54912112357505,78.125,3.8121791708388906,0.5524827389864438,1.466561570696808,4.967196151586176,0.5708275498336568,0.35217318373946216,0.076948996470489,2.32741383182777e-05,2.6973553506173005e-05,194.6680102203816,92.7734375,3.435661360876163,1.6420030827443695,14.45941767870038,5.695633973529518,0.7234371441150287,-0.15279620339780497,2.0361890362360207,0.18100322557005577,Train198.csv,Side II
938,0.7679293637166623,0.1513195665778977,0.0717486804503804,0.0066551703332644865,0.0023459266989967766,178.7201830801767,83.0078125,4.092271344745186,0.8148781643018344,5.076109971954939,6.007097733685701,0.5776695630515492,0.3401356133710993,0.08212952640861361,3.2648061632197856e-05,3.2622160838025055e-05,196.35524294697916,92.7734375,3.609511257253228,1.5086618313593378,13.91987395024475,5.9694376742950634,0.7938503583501944,0.14352673975012178,0.055132081978785545,0.005452727109526016,0.0020364387855380133,172.39232488942937,83.0078125,3.9042314099741757,0.9066570859552281,3.3650138976116564,5.471449267553246,0.5785554502606589,0.3398329882613188,0.08156009858135439,2.7470514811933436e-05,2.3972561985676606e-05,195.98273166498552,92.7734375,3.7209487639239565,1.7790783531406564,16.134019105533728,6.455394472188944,0.8987721775146441,-0.09177892165339374,1.2941172988635166,1.711096074343283,Train199.csv,Side II
165,0.2692518053404994,0.16388908301120061,0.46271163653085934,0.03964906748363151,0.06434069609797122,709.3189739321923,92.7734375,4.755287943503979,0.08051393715791401,6.293238882260099,3.6883737221423996,0.5473002018463883,0.38928805538240147,0.06332703092579611,4.458243994210613e-05,4.0100555105322323e-05,197.34050558380832,92.7734375,3.11013011738667,1.3508858935429657,16.520685676210913,4.8508594025022305,0.3820362310448398,0.15283286232372517,0.36781715072530596,0.03887780229904009,0.0582731234491932,612.0150263646015,92.7734375,4.693624645272582,0.06434140455056135,6.021014884152668,4.378520357373749,0.565622959867419,0.3701234906847929,0.06418757258185753,3.090601320953386e-05,3.504608162847234e-05,191.76694974556935,92.7734375,3.127179981412104,1.4548837287403533,15.692017476963603,4.806732362317977,1.2513549629350855,0.016172532607352658,1.235227285324071,0.2722239981074317,Train200.csv,Normal
722,0.8502960933073137,0.07743686781014103,0.05997436819541198,0.006324336172335823,0.005965901997621488,147.4114823589482,58.59375,3.5919812738148655,0.3961929317358369,9.724772677095352,6.742668166541664,0.5614785675186226,0.35713294801043155,0.08130181562156502,4.302140384204818e-05,4.3616066236557496e-05,199.12086139557414,92.7734375,3.402818060032148,1.38448224521134,26.95171310540476,6.22881301091598,0.8556739607659288,0.06954481585532248,0.05335013886828884,0.006253336082161324,0.015174886429745108,162.19331027228654,63.4765625,3.5123425780085116,0.4380518613575777,7.857960401443913,6.6502936174050635,0.5596122131518921,0.35924504985452654,0.08107126726899959,3.176102626505213e-05,3.967405798578921e-05,198.42176663965682,92.7734375,3.487872334824604,1.4766805357521298,26.204139259384647,5.9543175928038,0.9044429798872269,-0.04185892962174076,1.1123294960660273,1.866812275651439,Train201.csv,Normal
1254,0.7712371777474932,0.08274188406131447,0.13411562531182142,0.008982273407891789,0.002920833420540173,194.10215655814437,53.7109375,3.868872038811933,0.7149768642681446,9.872323399101305,7.665951683780293,0.6023041364882951,0.3077106835793601,0.0899111240633245,3.51784412276395e-05,3.8851178236349173e-05,190.259299864516,92.7734375,3.797662300033129,1.5330372332623265,17.694409251176427,6.932733673204207,0.7559534477216022,0.09057452154591485,0.14120709358959088,0.00934500937464293,0.002917660104501479,199.85504273111022,53.7109375,3.923933085899901,0.8005220649940492,9.461023403051318,7.5358733051644275,0.6227350017813431,0.29824245696839663,0.07895658623306698,3.036023475708254e-05,3.5562554803110106e-05,179.05001620256948,4.8828125,3.6836806484058084,1.6041180754447972,18.358102423755952,7.224800400355424,0.8931382339602609,-0.08554520072590466,0.9504875385448516,0.411299996049987,Train202.csv,Side I
641,0.8157445680648356,0.10889353637776752,0.06779985951037575,0.005466798246758474,0.0020930941354457707,137.664394122881,39.0625,3.1700110855010424,0.2867584749312784,3.5145092276301613,5.267693892589264,0.5424298837051863,0.3843153705478705,0.07313388302646952,6.024175682604267e-05,6.05804956511802e-05,203.035814457269,92.7734375,3.1334985347669635,1.161780811231666,20.577211165370016,5.895373144036686,0.7528181383110354,0.15439549659079832,0.08416195752678232,0.005890427083068018,0.0027312715558305504,162.78144974913076,34.1796875,3.5008844410016815,0.26936057632832544,2.286416743518586,5.269973306832137,0.5521272641259899,0.3843959438419938,0.06340018981481538,3.30226404272006e-05,4.354162572753309e-05,195.35864938583236,92.7734375,3.072697395104198,1.3604598634598326,23.629571520034613,5.331098456007144,1.0645896210036203,0.017397898602952933,0.8136004089282003,1.2280924841115755,Train203.csv,Normal
945,0.4339178554884145,0.13830586670007003,0.4139410142246094,0.011280607903522888,0.002552726491873376,346.38494804392195,566.40625,4.273123669116772,0.34334303687844897,6.23029525960143,5.635711562595398,0.5351363477873742,0.3955904403305474,0.06918472766485412,4.02517836645081e-05,4.819759520180981e-05,203.52175146767715,92.7734375,2.9120943246885367,1.2542620900924217,34.58896852560324,5.749098224922162,0.45840516653724583,0.13453039181898815,0.38852097776916994,0.01288042832297717,0.005660169072770792,342.9679877215638,63.4765625,4.329314266444461,0.2989520899076431,1.8446093178997565,5.172549060982899,0.5472789252976236,0.3835808458069086,0.06907401969110886,2.7079450257956132e-05,3.910088689164467e-05,198.85046986868502,92.7734375,2.9929773817433483,1.4281569770726006,24.43713069282179,4.904203025997246,1.148488494715094,0.04439094697080587,1.0593426296348705,4.385685941701674,Train204.csv,Normal
1181,0.8296023920916942,0.08609197957882597,0.07528048536267651,0.0064745545328693055,0.0025477644970071447,149.11580260480864,58.59375,3.692275283955486,0.5159658107819818,5.249842974042932,6.048444397491279,0.5773785965502957,0.34355819236360424,0.0789788944950253,4.088361738813991e-05,4.339775574419203e-05,193.07291384950344,92.7734375,3.4127193160319385,1.384294687464871,19.27788270803947,5.859798849752623,0.8064041202200043,0.08908947053793127,0.09255845847885144,0.009150023475289815,0.002794914077618973,166.7691130483093,58.59375,3.825787308535022,0.46820457687404066,7.901000046052898,6.869210350356301,0.5600626328549422,0.36629229155886384,0.07357869985758343,3.105636236121344e-05,3.529101358399312e-05,195.8364868717073,92.7734375,3.2625563959355706,1.437091081893291,17.928840550848044,5.845945130944296,1.102009324908374,0.047761233907941125,0.803817317110195,-2.6511570720099664,Train205.csv,Normal
0,0.3699994963792877,0.3162833254740864,0.11073170965838479,0.07705101129188449,0.12578210046857807,737.5975954881612,92.7734375,4.588623250178089,0.07070823064360446,11.816522284085124,3.2763261665109615,0.5448004238141265,0.3767333163067922,0.07835969473366727,5.1810115385976565e-05,5.471059776211872e-05,200.95771673854043,92.7734375,3.118057234956916,1.1720202913241415,19.810598317347925,5.270786709953287,0.3754214559987702,0.32123889637025016,0.10781274221817061,0.0737228553285876,0.1215879162678488,721.1086370602048,92.7734375,4.596471360983036,0.05278470623731085,13.45462229988232,4.184539213582854,0.5477007065179226,0.3722651608768727,0.07994847056871417,3.700528570017124e-05,4.862107990152145e-05,200.65685714895758,92.7734375,3.1229878699574014,1.2844290982420024,21.641971176205367,5.241803173847098,1.3395590189732902,0.017923524406293606,1.0344126576468802,-1.638100015797196,Train206.csv,Normal
922,0.7413561663178608,0.1776697986308318,0.071051318618022,0.007187387036957788,0.0027334868442048677,190.73469704175977,83.0078125,4.145942787781419,0.7819817826346822,2.746954817038336,5.05093194660135,0.5718449898371744,0.34569697124334847,0.08238051689324828,3.784996040816247e-05,3.964232911615208e-05,198.10974736586567,92.7734375,3.6134654119735568,1.4308963927624736,15.797042196324936,6.428497990832451,0.7998616809520607,0.13936645119232308,0.05343140508474069,0.005201366189734502,0.0021377561651197688,168.75069422204234,83.0078125,3.9009988096335886,0.9333541524628767,2.3976291541528045,5.011129271791246,0.5958917049827291,0.3246625574667991,0.07938086396924472,3.3835999720945415e-05,3.1015127520689395e-05,191.21004678925803,92.7734375,3.7767089365133977,1.6764844157638032,12.827675727425042,5.821288556589686,0.8378189347884922,-0.15137236982819446,1.3343852357641242,0.3493256628855317,Train207.csv,Side II
359,0.7985537468516647,0.1633173128612559,0.031730786231710634,0.004071635570550104,0.0023242969475965438,139.4359606966205,53.7109375,3.839804471167776,0.25626236528468205,8.78645210277947,6.308838153777517,0.5375404476502174,0.3847660654098819,0.07759163470091983,4.9920278522083364e-05,5.188748651861008e-05,204.21254085157454,92.7734375,3.213036553703079,1.236773101289308,33.65334925976717,5.787828425565855,0.7766522529519717,0.17551517214332765,0.03963863595867693,0.0051315232617845435,0.003058939950591998,150.56873252861578,48.828125,4.0498669437442825,0.2269268282071515,8.065668023045728,6.3377825331336535,0.5467631341623135,0.3838323889172446,0.06932531023771389,3.797849335793005e-05,4.115421888589791e-05,198.9610377323328,92.7734375,3.2226793045438127,1.394639429330247,37.28220083525038,6.024498474489771,1.1292731061374477,0.02933553707753056,0.7996938502332592,0.7207840797337433,Train208.csv,Normal
379,0.8770529622336952,0.08673059018169048,0.02250842121013862,0.010584920991835176,0.0031202850344917827,127.95113001653286,58.59375,3.582803954861395,0.2859549575989371,5.433322944212719,5.421440189926807,0.5408350568584749,0.3823585899605905,0.07672378575756587,4.130553105697016e-05,4.122628029632916e-05,203.6294816213148,92.7734375,3.1858506663345185,1.377111579435206,16.64229005465515,5.45051664917634,0.8836586748587836,0.08432024753394024,0.020896867207357478,0.007754581138748109,0.003366648853387691,124.18154747031247,53.7109375,3.6088408435788355,0.3242598084407863,5.23811995402016,5.753537261692319,0.5427730539611743,0.38208095674620257,0.0750816744805152,2.9095334985876896e-05,3.5191015040877766e-05,201.80588399294516,92.7734375,3.292217535172103,1.4917943271120477,14.851347645050046,5.419236176629141,0.881869874937911,-0.0383048508418492,1.1550320474964721,0.19520299019255916,Train209.csv,Normal
901,0.7294540729001452,0.12298711123409282,0.13495714596853953,0.009016279055219902,0.003582838537632525,196.7244505552509,48.828125,3.9659077024281983,0.3730294180470448,5.268975579150264,6.10567329060983,0.5570704108965812,0.3730496643649001,0.0697803910949442,4.508033403154329e-05,5.441256463526364e-05,198.44886230692782,92.7734375,3.159693052200939,1.199802028953957,27.69053882244439,6.249580233828548,0.7121075681602665,0.13824080517042073,0.13962015170449935,0.007324164080600949,0.0027057182183593937,199.69326927731896,48.828125,4.067312515070057,0.3736756126624073,4.785279695990228,6.223388174244008,0.5827067506088108,0.34897438912659706,0.06824768344141807,2.9140480054870095e-05,4.199661812614891e-05,188.12611712223395,92.7734375,3.163035374151296,1.3527868655368087,23.146744164204314,5.4463498949306,0.9982707043442597,-0.000646194615362472,0.9797821935115351,0.48369588316003576,Train210.csv,Normal
381,0.8815916407252742,0.09425733950720026,0.016973422350288987,0.0040845521659695185,0.0030910436636485046,117.90201099374677,58.59375,3.55314081140936,0.2946755518229024,8.682079073933817,6.099838488682901,0.5414659399703279,0.3813725849156407,0.07708314373030117,3.887456429120348e-05,3.943456115496219e-05,203.363918263083,92.7734375,3.2214192577538805,1.4392614202522285,16.590989057421982,5.571233303999355,0.8496595860526424,0.12343563403259739,0.019248748172884442,0.004456032978477873,0.003197026332102332,130.57403216298766,53.7109375,3.737334582261635,0.28996476445516606,6.177455664534655,5.826500377039853,0.5430986071302784,0.3834214436240383,0.0734212645946756,2.7178796810256986e-05,3.14811700433288e-05,201.19355011800283,92.7734375,3.1879856370341018,1.549789392042543,18.95527223013518,5.568668267357479,1.0162460647946023,0.0047107873677363354,0.8883428829590952,2.504623409399162,Train211.csv,Normal
926,0.6492130282064397,0.10042381999476838,0.2339231700430777,0.013685403661861464,0.002752360661414383,255.80393637461867,53.7109375,4.205644562238558,0.5322680538545818,10.828414120347414,7.739032237357856,0.5686417797447045,0.3502391810556395,0.08103684651241433,4.0716037785476694e-05,4.144484464176531e-05,194.79507917430843,92.7734375,3.3914767184029087,1.4867408997840552,23.66591708595196,5.999753963656224,0.6935315408027533,0.07936616721148182,0.21194387639506646,0.012421328329886381,0.002735415639117491,240.85321503798343,58.59375,4.148523270617417,0.5521312975253525,10.37217288402006,7.836228595817644,0.5618418554808526,0.35656636095218847,0.08152999664779115,2.8079508507898627e-05,3.368279057537017e-05,197.83287124581523,92.7734375,3.3622031556512826,1.5699095558872336,24.120290909829297,6.098277388269194,0.9640244182428672,-0.019863243670770747,1.1035961342797518,0.45624123632735447,Train212.csv,Normal
687,0.8666193775553439,0.06947507940907505,0.059384596870054325,0.0030166033853167326,0.0015033734456649254,115.17123153850007,43.9453125,2.6433509358653065,0.4432671326777426,2.3290004079882616,4.864604466451066,0.5435470605052557,0.37830240020000644,0.07803621207770768,5.635524877731654e-05,5.791586478112647e-05,204.71664131968078,92.7734375,3.390509841724866,1.1809386172027279,30.037438088324922,5.776166233287524,0.469450250273204,0.26307826876628765,0.2502856843737156,0.013219188704360079,0.003962953882311179,325.1100637154123,43.9453125,4.476431049975333,0.2830957179419646,1.8156020771213341,5.147404317761897,0.5500451919582608,0.38766609941185665,0.062202090791863354,3.7531217159672186e-05,4.904545033297872e-05,196.20623980512633,92.7734375,3.1654154720225423,1.2859097219352194,30.274020715846245,5.026063987599205,1.5657853616946202,0.160171414735778,0.2368123188373425,0.5133983308669274,Train213.csv,Side I
1048,0.5656150612646353,0.123336203461294,0.2959393690662415,0.0113693125257619,0.003737893388708359,288.16995895048285,63.4765625,4.224198719040632,0.3612431988217224,2.2780636383321857,5.584283706931942,0.5460093837399035,0.37424511453750425,0.07961243908799005,6.238624162758683e-05,7.062885013190473e-05,205.0964302382394,92.7734375,3.3230137390524237,1.1793829979871986,37.216992021348474,6.320521051668148,0.6839920466842646,0.11159156104296093,0.19353908245954224,0.008234883968485459,0.0026406312739540097,232.34342584322587,83.0078125,4.042223329620932,0.397695875491987,2.2041602404804586,5.490626842495763,0.5680764742126418,0.36492341458575195,0.06691982595928853,3.4839725192846735e-05,4.5412380503813785e-05,192.2984544578356,92.7734375,3.306517019574612,1.374461230874442,33.98058987269217,5.97033276564267,0.9083403177528317,-0.03645267667026458,1.523034341393023,0.07390339785172717,Train214.csv,Normal
357,0.6069486411378868,0.09792024650018873,0.28531673259548934,0.0063744806764563676,0.003435598789231691,257.1508281854633,58.59375,3.957555985216542,0.18242301725156101,7.520935274142525,5.642465790794873,0.5374142405276364,0.39798539435738267,0.06450547951906616,4.292637281709179e-05,5.1921894430380244e-05,201.09490655640332,92.7734375,2.9229612349428726,1.2136964980128786,51.857870605381706,5.880408192773501,0.6480153720288255,0.08910511954569779,0.25220648022996023,0.006826640348778252,0.0038415812873167587,242.30864958673527,58.59375,3.9358507677115107,0.16722647306089314,7.640202434694435,5.670374469582948,0.550095053020256,0.3897247666335168,0.06010498133594143,3.0512973007267374e-05,4.465109708056073e-05,195.28429269248127,92.7734375,2.9837697055561225,1.3632221341699489,37.793204434131056,5.6844295503753255,1.0908740274290198,0.015196544190667877,1.1260768950864843,-0.11926716055190933,Train215.csv,Normal
788,0.5919581593558345,0.3002827996689775,0.09410198660476389,0.008979432326827377,0.004673196230621588,234.55333055217096,43.9453125,3.9930059843690424,0.24595123090092236,2.554721407676144,4.916722175337263,0.5264889212749495,0.39497428740719176,0.07843662417756257,5.095227081081824e-05,4.917789985094314e-05,208.8387966774151,92.7734375,3.0887706956878755,1.269903722427785,31.907875703120517,5.935045767935832,0.9063162376928184,0.06694591416157383,0.022310753816378853,0.002624826108556724,0.0018007477478770597,91.23241333164242,39.0625,2.585549203469714,0.38046621988854346,2.4619710237776857,4.863158707168726,0.5382260185648667,0.38661683514003126,0.07509545679288326,2.7153104445058043e-05,3.451029513846879e-05,203.32072766371334,92.7734375,3.180414845572426,1.4773644106673838,33.130264500084266,5.718735679295827,0.6464469574369207,-0.1345149889876211,4.1339088606718555,0.09275038389845847,Train216.csv,Side II
880,0.8149942526175507,0.09265987983984152,0.08371552405866564,0.006306411532961397,0.0023223234811110306,153.3394260567411,43.9453125,3.766975472093529,0.5268960409668292,4.113450587880566,5.7663944642884974,0.5763426591412757,0.34689661680035966,0.07666406460266381,4.354047172804687e-05,5.3078056750382506e-05,195.48246299271003,92.7734375,3.437299734057869,1.2594331644425316,26.206367802199864,6.431377457785365,0.8384268192845492,0.08519975645930573,0.06674618748034576,0.006455956060522802,0.0031692011537050656,140.89560451297643,43.9453125,3.5640657412113086,0.5593864404753401,4.139360510033505,6.0349701537348786,0.5834421605369393,0.3385053140175904,0.07797920090787414,3.0238773910047196e-05,4.30500515248146e-05,192.6889331380662,92.7734375,3.49764548686149,1.4274418190325293,23.43157227452163,5.9439290222536325,0.9419177904583816,-0.03249039950851096,1.229771834640282,-0.025909922152939302,Train217.csv,Side II
113,0.8475791682593176,0.14120314775207807,0.006399727222477706,0.0020586793968116702,0.002754905983995376,125.34836752102099,58.59375,3.7728526058847573,0.19086779975340268,2.637748511267647,4.314981626478049,0.522023466928535,0.40039731829215314,0.07749554740226257,4.2033821208537934e-05,4.1602824336749156e-05,208.95437663128527,92.7734375,3.1317772154877934,1.3345224121452826,12.028345783082498,4.923821108980123,0.8593995262870183,0.12744140158315073,0.007121610608045021,0.0026223412902143194,0.003409485970015806,123.34610818305576,43.9453125,3.7421720752369816,0.18399114037658304,3.024549759392994,4.62189461330824,0.5325549606203597,0.3960551292695657,0.07132844169426596,2.9315627049960153e-05,3.2124892194290865e-05,204.4298296129917,92.7734375,3.1479902730425837,1.4693012202975118,11.109405054710635,4.634627461644637,1.0373749427574064,0.006876659376819638,0.8680672728621652,-0.3868012481253471,Train218.csv,Normal
0,0.364729144681681,0.32266462583914285,0.10963173111183083,0.07703384987050586,0.12577528366835736,740.9950493799586,92.7734375,4.599473104647722,0.07081706154742923,10.140286937705767,3.233296905011848,0.5261053300417072,0.397420654406114,0.07637738245062141,4.751698186472599e-05,4.907772320363395e-05,207.23674764344344,92.7734375,3.081064290870911,1.2901413680000227,15.271867151591978,4.779111385904251,0.38451893457738506,0.3280863158631194,0.09578643685697276,0.06878478011142079,0.12257759920414892,712.6419648700007,92.7734375,4.45908682209738,0.053452596488149706,11.15224457823394,4.167830123597268,0.5440082844282222,0.3848667118102426,0.0710469135912503,3.387765966111428e-05,4.4176540149071736e-05,199.0431966384294,92.7734375,3.072840655836061,1.3842248127006813,14.479854983532013,5.039070414134901,1.324857254376257,0.01736446505927952,1.1342541137307889,-1.0119576405281734,Train219.csv,Normal
953,0.7267039047947392,0.15413627742261815,0.09326875587926639,0.008278700714107157,0.017609772943635596,227.62903785493017,53.7109375,4.247905279329721,0.520076499091023,5.9101785094886115,6.27799007347695,0.5689911852739061,0.34098833420416935,0.08993186930206466,4.4154855867151786e-05,4.4421193629584975e-05,200.72088111846108,92.7734375,3.717988128426492,1.4366689153746326,15.174476636541055,5.968525263978613,0.7699939273896119,0.13129556746453108,0.08568968661902078,0.00904007503546471,0.003978284373998047,181.64015164845222,53.7109375,4.0386524570396976,0.5372192679690286,5.652254578597609,6.168552063259497,0.5875765225495113,0.33437563064790776,0.07797604964716759,3.702520824617679e-05,3.474571078526482e-05,190.13658844161407,92.7734375,3.668377312384993,1.6037049005000634,12.878447350746434,5.971668609900281,0.9680898082622686,-0.017142768878005588,1.0719699252678878,0.2579239308910024,Train220.csv,Normal
676,0.8417458831157036,0.0819946314348385,0.06405532957816475,0.006530765931751341,0.005670723295988492,151.8349617011169,58.59375,3.500307637428309,0.3839811063881996,8.624713321647732,6.441896285962626,0.5439863573165701,0.3741051716027337,0.0818356789751913,3.61693599026872e-05,3.659709721971761e-05,203.66207208450967,92.7734375,3.1785447064797276,1.4893091504991551,13.798668839312905,5.25909502442725,0.8634569888171373,0.06665023238811056,0.05297567441597891,0.0064168288243790636,0.01049741198172493,148.52983627798704,58.59375,3.5487227303999243,0.4106311544191157,8.93028840174341,6.9452693191899035,0.5505885544120478,0.3709916288306908,0.07836715169148892,2.423473304176942e-05,2.840722017276882e-05,200.21412931276362,92.7734375,3.294816439467825,1.6484160860410348,15.163264850611625,5.720802566139419,0.9350997880233529,-0.026650048030916085,1.188468080488041,-0.3055750800956769,Train221.csv,Normal
808,0.8691900223725774,0.05680521305724364,0.06793140100043715,0.00445331174105232,0.0016192758509823825,138.9050271158193,53.7109375,3.4213295386028113,0.6034370423123788,8.41452050709611,6.836208033948047,0.5990356685786946,0.3326228008983436,0.06826726192028582,3.3525705349031056e-05,4.071158051618455e-05,182.0977670082118,92.7734375,3.4889445976679165,1.3824157851572094,21.92464270706224,6.068247922916452,0.8350743121365585,0.07481282218040224,0.08234100806110797,0.005770051653870777,0.002000311163032736,155.2912212649096,58.59375,3.5857998386431618,0.5234158771518268,6.725116681214991,6.351410956745223,0.577624276732426,0.3563948959725967,0.06591648223090345,2.6411781120892694e-05,3.7906478071595535e-05,189.0415693218,92.7734375,3.247862263590947,1.4718221916165868,30.909416433050914,5.4208983651590845,1.1528825691018498,0.08002116516055202,0.8215167557185494,1.6894038258811195,Train222.csv,Normal
254,0.2982293556388724,0.08432526239675109,0.5759904306731193,0.017895678544287537,0.02345727145774738,605.6980863291882,786.1328125,4.384368064149574,0.09044583732542275,1.7386985269307054,3.1763971369855795,0.5455491523096692,0.38341390204523046,0.07091967909439131,5.612013046325203e-05,6.109446192646172e-05,200.50232724472895,92.7734375,3.032791820719961,1.1228688226415071,14.57220397512471,4.550775291934732,0.39998798970247657,0.09561427889106296,0.4625076776754959,0.01806912667538618,0.023745783441913443,526.3293523152503,63.4765625,4.429168663027749,0.07962070195044177,2.5650283311417477,3.9396517076176716,0.5657917019804911,0.37106744390288143,0.06306271550840561,3.363557075862492e-05,4.446988633220575e-05,191.44352184955778,92.7734375,3.1178695846540774,1.3268204442427627,16.330825433087288,4.544855462459193,1.1359587892827179,0.010825135374980976,1.235777720865647,-0.8263298042110423,Train223.csv,Normal
775,0.8214724066522155,0.0869427636411053,0.07353878419092968,0.00657124962671266,0.01147213906307744,175.67561537551967,58.59375,3.6693438193716235,0.48006483237360054,6.847984460462158,6.425514809286691,0.562779147902758,0.34194890565242125,0.09518262531024667,4.400225980850872e-05,4.528894651053728e-05,203.11660262618534,92.7734375,3.6546259910565997,1.3986571499024372,22.754934677429908,6.081655062810603,0.8620189795959503,0.07206363769863909,0.05112053590563895,0.004681989048130161,0.010112405042992224,150.2190534780173,58.59375,3.424348568525323,0.5745103473701245,12.048989693805499,7.631667927149816,0.5881228463697119,0.326182953063951,0.08562949452456346,2.801808490468961e-05,3.666417049340784e-05,189.8170692457575,92.7734375,3.807947432682619,1.5757877444769064,25.397969118738196,6.586911461398672,0.835606936821131,-0.09444551499652398,1.4355987018224112,-5.201005233343341,Train224.csv,Normal
275,0.8927542130457384,0.07740539906843173,0.0232407027294174,0.0036502982351503746,0.0029455783079311943,116.21207671630312,48.828125,3.5641255954647515,0.2115669267434367,9.63144309946443,5.824071681688498,0.5366725717405154,0.386095254785568,0.07714637104596181,4.391368517398558e-05,4.1854775414513126e-05,205.0051746283363,92.7734375,3.0283942592531146,1.3708175926658013,16.21155519495155,5.215324113701071,0.8983900249511695,0.07355684401135479,0.02096616551634432,0.003959326092243702,0.003123872796523267,110.79938686734707,48.828125,3.443769990254253,0.2122564889256908,9.714169057682792,6.413652982936153,0.5546271077669249,0.37535864600621854,0.06995024448690762,3.113433003483986e-05,3.284349189845911e-05,196.51798867655518,92.7734375,3.1240105887381335,1.5063347322856664,15.869577525381109,5.129190578755187,0.9967512739775565,-0.0006895621822541054,1.078855346485812,-0.08272595821836148,Train225.csv,Normal
1127,0.7240118337973566,0.10114922190152055,0.16006479154089706,0.01227850175567355,0.002494254811354792,211.5524731439064,53.7109375,3.9253875530446467,0.511126447031173,5.1339031900517735,6.163449674917372,0.5631309912771483,0.3688255755211792,0.06795060454672903,4.391695221721124e-05,4.887523604048698e-05,194.44560443302586,92.7734375,3.3424659329265425,1.2711986560569433,20.143509430935445,6.161919278482429,0.7267395575854633,0.09164094554407291,0.1687067373077657,0.010309142776149296,0.002601697470304929,215.96587241652898,53.7109375,4.020724263805375,0.5166758345472386,3.449993057582512,6.0898917915230735,0.5752138714796576,0.36220388662388187,0.06250824390800905,3.422151310438547e-05,3.974402012409036e-05,188.5070612589497,92.7734375,3.364512172924264,1.4394671297124293,15.16561598996772,5.448802228331983,0.9892594386377913,-0.005549387516065596,0.9627262802219398,1.6839101324692614,Train226.csv,Normal
371,0.8293875386034749,0.13802875952205676,0.01877447933359337,0.007678876002140156,0.006126152217032641,147.22036527248383,53.7109375,3.8236980742277202,0.24663902876043556,2.116322793761499,4.413634196693103,0.5333942044765564,0.38933350499902036,0.07719580585784226,3.7880923465279834e-05,3.857607494109624e-05,206.69646417961783,92.7734375,3.1263317343688417,1.4203305037984255,29.980852226902176,5.51180855118719,0.8327710928648189,0.14314250431167302,0.015766366834404674,0.005531272982028123,0.002785064340080693,136.16383577540935,53.7109375,3.8996697435733876,0.27965583666545246,2.971376464829941,4.813101011964972,0.5410354871582188,0.38493781916195974,0.07396731563171924,2.7002187841926858e-05,3.23514099104237e-05,203.0452071649354,92.7734375,3.1774298137552264,1.5278307016270187,43.39183157076818,5.720344634147175,0.8819377089330981,-0.033016807905016904,1.2420791374846876,-0.855053671068442,Train227.csv,Normal
0,0.370140752560294,0.30544693130759515,0.10580406777948327,0.08850454841825037,0.12990000978321808,761.9535795128301,92.7734375,4.605615218169245,0.07020931103075298,15.33805359548779,3.24249346506417,0.5376001241473728,0.3876893297193606,0.07461463756911961,4.6634719586327564e-05,4.924261524092189e-05,202.55572564569997,92.7734375,3.1066928248778387,1.2991165612942608,33.52819066270261,5.631408692008456,0.38189653892723047,0.3363277019366365,0.10249527569405405,0.0684346379895697,0.1106122285100083,680.9581303305542,92.7734375,4.498743328894965,0.05384653443559961,12.888007737917789,4.127944884536009,0.5404915815657716,0.38639559800899465,0.07304217962110542,3.1959722295484095e-05,3.864978670712357e-05,200.96700503521612,92.7734375,3.2067762806906908,1.4292892302197755,34.79628867303582,5.651748399735506,1.303877964715543,0.016362776595153367,1.1367736101511652,2.45004585757,Train228.csv,Normal
0,0.36825885661789887,0.305501078469401,0.10660306078865944,0.08548838635076149,0.13395022684883692,774.1421928756347,92.7734375,4.669833180460605,0.07061026391443528,10.722434827937551,3.3029093455816048,0.5352289604536828,0.3875530172639258,0.07710761783455287,5.446041589755351e-05,5.59055724062114e-05,204.51351150003296,92.7734375,3.0176869979311243,1.1913872908384044,17.120729016300157,4.815699034546991,0.37901568542289177,0.3309665895715753,0.10496701699276019,0.06430605513655803,0.1205071874399847,707.1257203131992,92.7734375,4.4905673130482935,0.05242057639706552,14.072792947327686,4.305976039622477,0.5421446711581994,0.38389280950470195,0.07387825818182692,3.735226628690746e-05,4.687166194341144e-05,199.78985333851037,92.7734375,3.0717239217201557,1.2804727245589742,18.643638649353445,5.092132775697289,1.3469951576380006,0.01818968751736976,1.1348021489080566,-3.350358119390135,Train229.csv,Normal
1007,0.7601062687559693,0.0893026261833712,0.13595710657982923,0.011888205732409706,0.0027439188733980303,203.94407831166103,102.5390625,3.915813729009749,0.37476821111607106,3.8732952478743297,5.542146238486674,0.5404872125709154,0.38387490201047414,0.0755529496110992,4.127099945582541e-05,4.363029823545671e-05,204.71723055963076,92.7734375,3.249724362603383,1.3819390115365215,14.82567877296298,5.367279566118899,0.7626389011352527,0.09061551341412491,0.13249571898811272,0.011420270222570928,0.0028265321704249455,199.97385239692352,102.5390625,3.879857362992301,0.3495356139152138,2.229878372167108,5.561697313341828,0.551696967229909,0.3805525386987384,0.06768891336146067,2.8012424725209852e-05,3.354371485611686e-05,197.59551030198605,92.7734375,3.163022786060671,1.4681954038440947,17.440394705540577,5.693811965593408,1.0721889133013751,0.025232597200857243,1.0273028875790873,1.6434168757072216,Train230.csv,Normal
735,0.8316614757571827,0.09014813609850324,0.06489610070108412,0.007209292612677058,0.0060816919944318955,159.24988222191544,58.59375,3.7103896393788838,0.45802897701809264,9.67497827000215,7.011904803388621,0.5444041332113475,0.37648591330100567,0.0790314881185884,3.884597246499271e-05,3.95888952446834e-05,203.180606525154,92.7734375,3.2629179979798297,1.4730639942658004,14.96606622490209,5.494121872997786,0.8614051168352983,0.07453514140365713,0.0495744626963347,0.006330448895292619,0.008152165847703195,142.6404758878666,53.7109375,3.4840090766143055,0.5181590333010287,10.813672464336253,7.334492927662402,0.5700402421828871,0.3501637216313384,0.07973782659282305,2.6421998979543357e-05,3.1763689034235065e-05,193.94057286477604,92.7734375,3.5063282831666784,1.6371540532143203,14.287060299912131,5.884707572494007,0.8839544361818402,-0.060130056282936106,1.289786352775018,-1.1386941943341036,Train231.csv,Normal
342,0.24182774193394418,0.0888885871550134,0.6419645240211048,0.013069125766081234,0.014232088290718542,622.2793355644585,795.8984375,4.398771322855503,0.11014167637179856,1.8283254289245783,3.3892303992341892,0.5339256557712313,0.3841097014093038,0.08189544846682181,3.3639229629662555e-05,3.5530929633735335e-05,206.83426896617001,92.7734375,3.082580736794412,1.4512321303756266,11.614212562217752,4.740353913767908,0.22959836382208543,0.09631445064367135,0.6396602023979122,0.016077699691667547,0.018310758248257872,635.7005571153331,795.8984375,4.502099184454725,0.09466525063599876,1.7427914598859058,3.7862089092310565,0.5440772838488965,0.3758217844145196,0.08005070296050809,2.166845783885723e-05,2.8530781155615263e-05,202.10545295700894,92.7734375,3.143387342962691,1.64294608802556,10.828791702961713,4.838743356080499,1.1634858035904116,0.015476425735799798,0.9989260140384207,0.0855339690386725,Train232.csv,Normal
856,0.8155830589668442,0.09182849726113115,0.08331936025432504,0.006364118000264661,0.0029025545046637504,161.7419029250798,43.9453125,3.816530324756128,0.33228652218895977,3.60438141024333,5.071431784152692,0.5610617682588356,0.3661442633587768,0.0727010234497235,4.236774666437848e-05,5.053901283008467e-05,197.64227253756562,92.7734375,3.3350530899941035,1.2646900611015832,25.76444064844128,6.061328453800583,0.837372790178662,0.07641921286104936,0.07946046380461715,0.004861233844334984,0.0018848199802436437,151.93687258032912,43.9453125,3.714331370867079,0.3391766659302449,3.2499968119939204,4.8188662366430925,0.5612372251869845,0.37296016325269,0.06573424930665772,2.849245981034943e-05,3.982770790763627e-05,194.21390379240424,92.7734375,3.2574945351639077,1.3756886241242756,27.579216633536163,6.191559021379316,0.9796856758937895,-0.00689014374128516,1.0635871868279092,0.3543845982494096,Train233.csv,Normal
369,0.7484817517031178,0.20403966307313162,0.03904392739477073,0.005447502277100769,0.0029836077006359417,157.35306093585237,34.1796875,4.122937414942669,0.2302931533652493,10.383873996394575,6.883040648161243,0.5323603422875225,0.3896200841290151,0.07793314707258286,4.405918952560696e-05,4.233168225859096e-05,206.67964003805406,92.7734375,3.0419391719171895,1.3841710711866,23.454725361639568,6.25558273060528,0.7899960348730728,0.16837677471735923,0.03329748759639418,0.005182037719869667,0.0031437565284894776,143.37410026770286,43.9453125,3.991168299977037,0.22248925253236773,7.883327305456226,6.170093312905097,0.5498699764774196,0.37849175101579335,0.07157169443782255,3.2640961219243245e-05,3.3905644650596625e-05,198.66727854236186,92.7734375,3.112518377693706,1.4890427529710146,28.061439814585906,6.199711404699174,1.0350754012114398,0.007803900832881572,1.1562364179380933,2.500546690938349,Train234.csv,Normal
238,0.6200821443421459,0.08238602957069545,0.27075677925371144,0.01492197580208021,0.011828319632077623,329.52305724344865,68.359375,4.375762557590744,0.11126045985487654,9.231437114103299,5.099777876996778,0.5384706145596935,0.38588755836137506,0.07555094362465517,4.23179401469821e-05,4.85241435602177e-05,203.97687475810062,92.7734375,2.9229553970528195,1.2749285901430596,19.29952413490655,4.589075990500517,0.638074199084847,0.08673981957913766,0.24609537229124556,0.01497927118436205,0.01408790434715915,316.98162492983994,73.2421875,4.377133589555405,0.09807337270202157,5.056396638089125,5.034876882838045,0.5610170334217354,0.3663071532950865,0.07260603597409272,2.8654073669341254e-05,4.108688859165307e-05,196.08531522659692,92.7734375,2.9800984782978603,1.3870026378735605,25.566734743978188,4.507867541964057,1.1344614308152747,0.013187087152854965,1.0942416703452902,4.175040476014174,Train235.csv,Normal
316,0.8884739831193053,0.07729696204276851,0.028368442257641402,0.003734840308657716,0.0021241550008861973,116.88540742511825,63.4765625,3.5334490966024505,0.24511152946227593,10.392257441930294,6.896562614436517,0.5383334667239484,0.37999579871017103,0.08156579417393953,5.246191038902344e-05,5.243963894809012e-05,205.98558685726698,92.7734375,3.0732378651652064,1.1657064341017163,24.68374012180199,5.695814378262435,0.7540395813622162,0.17846104343449987,0.05800421317029699,0.0061993334668084404,0.0032914347336244006,169.9539441905457,53.7109375,4.149592439003778,0.20676315289714875,8.32002313921328,6.779671967308075,0.5478089247268914,0.38095987934144065,0.07113849458624824,4.3875851161059226e-05,4.8784906159046744e-05,198.69991934589282,92.7734375,3.1067203548304496,1.2711164837314728,41.94001955565689,6.204549885934728,1.1854700648656338,0.038348376565127185,0.5000234994451542,2.072234302717014,Train236.csv,Normal
996,0.7620461652638836,0.1271077757225006,0.09999871958990644,0.008401527768709255,0.0024440961447121747,188.22960818438193,53.7109375,4.0035827224856435,0.3722568479444721,5.262438055431601,6.066728645180509,0.5441576404470914,0.3751347412977963,0.08060541166476945,4.972567125753963e-05,5.243849067872175e-05,202.44687609117807,92.7734375,3.2833062486714724,1.2548898797991859,19.106083026576286,5.569462967113685,0.8366714408049905,0.09195638302832743,0.0631361792210015,0.006155355208579721,0.002079549488471074,151.1955985223734,63.4765625,3.674782678289552,0.45410658790082176,6.018282059337257,6.4613400372279415,0.5698314346828268,0.35251984958578036,0.07758053272649638,2.902266390799047e-05,3.912976234143861e-05,193.42715057972606,92.7734375,3.3879147845975073,1.3950172816045356,14.87141824854406,5.593221760487907,0.819756544042954,-0.08184973995634964,1.564408216480921,-0.755844003905656,Train237.csv,Normal
603,0.5428098386382351,0.14993130887168066,0.2952195736534369,0.008452304761525599,0.0035834687048232603,316.88186901270257,63.4765625,4.351819636077586,0.1733796274781217,1.8797818223529872,4.656191892046742,0.5590147868653175,0.382709570045871,0.05814856070566289,5.9236558662443346e-05,6.779298706774768e-05,192.35575326626875,92.7734375,3.1185930739263186,1.1104126920695143,25.21965093000264,4.9317021717267675,0.5364450672162498,0.165641449450827,0.2853572888472891,0.008063329399667567,0.004487619833832026,325.2758899221316,63.4765625,4.42695082271129,0.16021900274450368,1.1172743294699954,4.162083301447037,0.5633056837132098,0.38008083154717665,0.05652139884196415,4.0216163670314487e-05,5.182950804442229e-05,189.48020745297615,92.7734375,3.125183994958097,1.2721486568492586,28.76488186523475,5.058043492120023,1.0821414652821388,0.01316062473361801,1.0349370783631868,0.7625074928829918,Train238.csv,Normal
0,0.3792016095137509,0.3096909524627633,0.10790395846434812,0.0780402979226473,0.12499251490910736,733.7161015062673,92.7734375,4.600626758858672,0.07178728200957409,12.634941961201825,3.706925746507938,0.5360264788093166,0.3847947049465979,0.07908571918070208,4.545361508202897e-05,4.760558979443656e-05,205.04362220732577,92.7734375,3.0776087852817544,1.3941242678808783,14.981723746235469,5.269426972852606,0.38643929433208846,0.3395265826340776,0.10079075359170672,0.06638867566305001,0.10663207363365217,660.3994057358669,92.7734375,4.466961326555802,0.05498490520898375,13.906920914800875,4.444877804522169,0.5403917609452052,0.38379419349857347,0.07574625273064621,3.0663571928804996e-05,3.709949732941656e-05,202.36599009084102,92.7734375,3.1440072592184194,1.5218266377099345,15.576710063203393,5.460232603978214,1.305581603371819,0.016802376800590338,1.112243630114326,-1.2719789535990493,Train239.csv,Normal
879,0.541318674638821,0.2198802244057105,0.22311482243469588,0.012202448633158239,0.003480821279615552,305.31888576785485,58.59375,4.571067325916459,0.27597432020454293,3.5006042859895627,5.078290325756628,0.5445183557753043,0.38738044842501335,0.06802360715003962,3.639004575124215e-05,4.116738153079352e-05,200.79345985010528,92.7734375,3.052187928902174,1.3935617891225922,17.88846461405597,5.733190105888532,0.881761115511611,0.0664064555579874,0.046788919517111,0.0036816735691917097,0.001360765904104829,123.52070206675418,68.359375,2.8694434912468805,0.38515751692071243,3.0821091229081894,4.81150256372525,0.5574815130491995,0.37553346553391653,0.06693260689223868,2.1938818166564787e-05,3.045312879289738e-05,195.29682792508305,92.7734375,3.1751624786305666,1.5772724523080623,13.055362878462109,5.60962528756941,0.7165232596118097,-0.1091831967161695,4.662462872251334,0.41849516308137336,Train240.csv,Side II
954,0.7519753808664864,0.1397710467660245,0.0907903124994044,0.0075028081907386685,0.009958999782503792,204.0937745932867,87.890625,4.0998542933099245,0.5587149347190113,6.516849407248934,6.728264420548095,0.5854605864618347,0.33225581511089053,0.08221091912417161,3.533853594161376e-05,3.731374629800773e-05,193.14583812550248,92.7734375,3.662301818762591,1.3911604568362725,14.063510041373307,5.893407336090656,0.7525196029988085,0.14036784033225272,0.094280557224563,0.009311455220806843,0.003517672110275781,188.25363917545988,58.59375,4.120829118072792,0.5661298119225681,7.039540927507342,6.547915270926627,0.5754852229926697,0.3581565071722345,0.06628229877465464,3.895735932997296e-05,3.6985968850001114e-05,189.9304168930851,92.7734375,3.4733037143425762,1.4283896953467508,16.54028221253795,5.6783327849339855,0.9869025124020966,-0.007414877203556713,0.9488484432439266,-0.5226915202584079,Train241.csv,Normal
956,0.7970879087034028,0.10940279466934774,0.08428555716411486,0.006746555632370068,0.0024756018905789795,186.33400607814792,102.5390625,3.7281518494881887,0.38454669732554714,1.6990892300714915,4.731339704619909,0.5469195202641778,0.3834074757827236,0.06960412537387432,3.3538788056682746e-05,3.531336458022743e-05,200.61924417539873,92.7734375,3.203921944638649,1.4064885758455223,23.569765014746764,5.414737974431681,0.6701102275732943,0.17585716792805955,0.13941779467714654,0.011287759249090536,0.0033235109057342923,242.60925299128462,97.65625,4.224883341545119,0.30677337337405386,2.4577605893111976,5.516037104575992,0.549539694442261,0.3857946430283094,0.06460518296129937,2.7495310078814672e-05,3.296202398611057e-05,196.53076017438948,92.7734375,3.1325222417143337,1.4969676339650806,24.949156790550532,5.9649616933809515,1.2535204468451129,0.07777332395149328,0.6040395315291507,-0.7586713592397061,Train242.csv,Normal
770,0.7809552828228385,0.10392162345355689,0.09221251195301268,0.00684768523124814,0.01606052122485699,202.27236378583657,58.59375,3.8390694485994596,0.38631701461015233,9.97603701350891,6.624446444422485,0.541652902476075,0.3631553824090785,0.09509312074730321,4.829671630035746e-05,5.0255540066081685e-05,208.47225094512834,92.7734375,3.518142811509549,1.3457333755958185,30.691865675779063,6.057811097684028,0.8523833143135495,0.06976360512192677,0.06612746702389051,0.00526228228640896,0.00646092762352779,150.06511574852644,58.59375,3.470888532701411,0.44140294528518453,11.34890470980347,7.419269712569113,0.5544218878988671,0.3661930742215136,0.07931777911217402,2.9546170575717567e-05,3.768749918532104e-05,199.75130528841018,92.7734375,3.4918661773969104,1.4549544063298492,33.16080954916225,6.403437336813397,0.8752026189706447,-0.0550859306750322,1.3875969134741364,-1.372867696294561,Train243.csv,Normal
0,0.3592527374445969,0.3216305065986538,0.10444805147799671,0.08192440366841869,0.13258083124084755,766.8490327186374,92.7734375,4.62971294902291,0.07039987990933116,12.900018591425711,3.4345377497927654,0.5299056267353532,0.39639908083713277,0.07359971246202919,4.628354514247126e-05,4.925610797553237e-05,204.2587797537472,92.7734375,3.063167496630552,1.311226979733858,23.138542975246843,5.832643963312568,0.3855692351978452,0.3377077809163196,0.09315116978664137,0.06763082919207829,0.11571505520723609,688.9339855178484,92.7734375,4.4774846621996724,0.053361821988485235,14.2273694438258,4.429265905391992,0.545447798495411,0.38618100058426524,0.06829970710710961,3.086201775778726e-05,4.06025481818302e-05,197.61918372258936,92.7734375,3.1255740990011613,1.3991492624121218,28.927891730645623,5.754716093447387,1.319293006997203,0.01703805792084593,1.1591624384015797,-1.3273508524000892,Train244.csv,Normal
0,0.37720760398814,0.31365716768832874,0.10586078417489934,0.07695273969709643,0.1261107676467653,736.0432625860252,92.7734375,4.519729754077735,0.0711803216142724,11.58662311997615,3.42558810734711,0.5397641756047998,0.38255649179684453,0.07758488728457358,4.616971615805924e-05,4.824051671459348e-05,202.78434065904153,92.7734375,3.080398451628239,1.2184132336957807,26.264966826553923,5.733367518652049,0.3857358454902229,0.3311325874364516,0.10020964663447475,0.06798100492782189,0.11474123273093927,687.088004522502,92.7734375,4.370960352744604,0.053640570728613925,13.115029852448076,4.282726927518489,0.5428309921871014,0.3802934719166691,0.07680099200857057,3.379314986905164e-05,4.071609359856682e-05,201.39109302943245,92.7734375,3.074129222102317,1.350342870330583,28.95378733682616,5.880768502582781,1.3269866319545978,0.017539750885658477,1.0869422354151517,-1.528406732471927,Train245.csv,Normal
955,0.7456052142711963,0.14930327574153615,0.09238877035034496,0.007787192695151129,0.0049137762532050055,189.49116487235432,48.828125,4.1030959794046185,0.49502803661849387,5.72117821258757,6.68905613986532,0.5769055472920113,0.34160521556310214,0.08138542555854643,4.999056161241805e-05,5.378236235601042e-05,195.7659078018932,92.7734375,3.559024024378542,1.3188000230185977,14.768420607195267,5.719358459453166,0.7620007653154844,0.1352337988578159,0.09030576650019177,0.007149842005435653,0.005308548889515966,189.3178363431276,53.7109375,4.129781432681594,0.5657045029107792,5.491265881714625,6.596309533570188,0.582265529542977,0.34411924562046076,0.07352853855147225,4.3679953880339204e-05,4.2970712999854345e-05,190.95405526127232,92.7734375,3.5697838124674224,1.4957315989302034,16.52862645725622,6.139590230031416,0.8750646904811772,-0.07067646629228536,1.0279137707277033,0.22991233087294471,Train246.csv,Normal
514,0.4673273674455928,0.11963942903554402,0.400052032837307,0.008262915999335143,0.00470901579993001,415.1481378368889,58.59375,4.511050343555226,0.15599681793361048,1.0694772652223088,3.7264550951003454,0.5370185116876932,0.3875919715794426,0.07526753689123904,6.033910066482373e-05,6.157945991950294e-05,204.72910867979806,92.7734375,3.03304072280496,1.1536277339367926,25.173815532103298,5.651987183340879,0.5279605726943456,0.12234316774615578,0.3361721960756868,0.008178846485734012,0.005337707702158024,373.03759245269384,58.59375,4.492946708721619,0.15166809760132136,1.2406124356972752,4.129366315010898,0.5552225184631977,0.38153298082991094,0.06316700377587812,3.396176484356883e-05,4.3497934322614564e-05,194.5205247901866,92.7734375,3.0093141430254184,1.366127947083756,27.900716719585198,5.75550175887383,1.0285407371240785,0.004328720332289121,1.1857520297127029,-0.1711351704749664,Train247.csv,Normal
1016,0.6843175114954935,0.15229358508274662,0.15207731794349674,0.008096422071704579,0.0032137651114465897,218.7097518887558,63.4765625,4.047187820565895,0.4349748299868631,2.4536232725382683,5.27371524553977,0.5751352440426013,0.35313014360950007,0.07166979153115327,3.0562114256274136e-05,3.4234525236598814e-05,192.8308748341268,92.7734375,3.516152607671785,1.5463327395324802,17.488037824898946,5.457488091353886,0.8454337070902167,0.06348202287664524,0.08381468315689097,0.005133361613099048,0.0021346283127097704,144.16227016577056,63.4765625,2.954804438909405,0.5250489612182838,2.6538341167534467,5.458073745956813,0.5661124231082877,0.3494164521379739,0.08441970477418724,2.1237399093420326e-05,3.01582558219252e-05,199.6563064976704,92.7734375,3.5262717313833405,1.6131167650886973,12.00578549778088,5.242872749122472,0.8284462236609977,-0.09007413123142072,1.800756145102875,-0.20021084421517843,Train248.csv,Side II
0,0.3663394005607418,0.3143014215890902,0.10755277786979993,0.08091750000429453,0.13069849522844867,759.5980341083903,92.7734375,4.599263032072363,0.07030108568004076,10.023279423589685,3.0739097027558415,0.531285475189504,0.3924442489336409,0.07617375025718753,4.786894405955501e-05,4.862412892416573e-05,205.99795943807476,92.7734375,3.0319984908698,1.2854338850404212,20.730114237357324,4.66176834794426,0.3933297573555528,0.33167561874329626,0.09196383719877502,0.06783076456425684,0.11497731549258303,681.1039229685779,92.7734375,4.482078913305944,0.05373589665996936,13.282325759888767,4.21316072794316,0.550503033915735,0.38119779238746543,0.06823088348678141,3.075117637355467e-05,3.7509389703714126e-05,196.6528121641994,92.7734375,3.1459578509158,1.4313883012746471,21.50566420848481,5.134388815323147,1.3082704251986779,0.016565189020071397,1.1794533395698437,-3.2590463362990825,Train249.csv,Normal
129,0.8600186169892474,0.12756917946108218,0.007204470498516178,0.0023048041106780892,0.002898401557425413,126.76241570560575,43.9453125,3.807377812315046,0.198738458382057,1.4348977793732993,3.835272853302587,0.5260646913220888,0.3949255594550749,0.07892395374901766,4.349863207176758e-05,4.226408673975122e-05,208.97512253532446,92.7734375,3.053227799343204,1.3984377187806345,11.623023822629712,4.695395845925742,0.8691300663185166,0.11789759332145733,0.007797946591239389,0.002361609843099025,0.0028081487815745706,117.8603764170252,58.59375,3.69752186475006,0.1921097744782168,1.9669316534744512,4.372496740802934,0.5377491050917416,0.3878342496929979,0.07434793267821839,3.221230024590447e-05,3.6474364321180724e-05,202.74575677109388,92.7734375,3.129937836882661,1.4652493975307044,12.79720809765574,4.991501223105647,1.0345046621773384,0.0066286839038401935,0.9359929968065098,-0.5320338741011519,Train250.csv,Normal
939,0.7806514089645324,0.08781064208242868,0.12040027528936897,0.008231584896001985,0.0029048778723802598,180.40986060206927,43.9453125,4.04110387830402,0.6165007358855198,5.941025165032375,6.897306610850908,0.5574216396769432,0.3566752567841597,0.08582503173245666,3.44680486356824e-05,4.357179523917127e-05,203.2394438749516,92.7734375,3.6343990573759863,1.373693470489143,30.39842024934737,6.911135842757526,0.7497017429044194,0.11295792971303453,0.12609420203632998,0.008441782650166466,0.002803526109696093,190.78134495973316,48.828125,4.181705331894074,0.6588239896779969,8.571345146329728,7.4293252675539065,0.5734258887053991,0.34921245523541167,0.07730264995832056,2.3623138773610534e-05,3.535516268405817e-05,193.31705889446266,92.7734375,3.494084359768446,1.5048376728686454,30.257166865061315,6.642748090974729,0.9357593903814551,-0.042323253792477145,0.9561148976536016,-2.630319981297353,Train251.csv,Normal
0,0.3691965118850582,0.3131433308440127,0.10768311029891571,0.08253101220846597,0.1272632815278974,751.3837753225085,92.7734375,4.519110677831534,0.07040857146567314,10.550340300880935,3.269555255034148,0.535582264696147,0.3853952454103234,0.07891434145524664,5.1968187223846616e-05,5.613999809439976e-05,204.4899292426679,92.7734375,3.0043871390355292,1.1463966338650997,18.71250696874026,4.937401745745211,0.37517625455424886,0.32739148571334725,0.10583326305258316,0.06697099680699521,0.12435843871680771,721.6648578873724,92.7734375,4.45523110395267,0.05239809772780935,10.975757390610326,3.9851911163440525,0.5422401002141684,0.3813856466905636,0.07628753789636077,3.7935249236518565e-05,4.874271593759376e-05,200.15887748624957,92.7734375,3.0467394876061573,1.2546407177169454,17.602988392228653,5.0294839962363636,1.343723783403329,0.01801047373786379,1.1007490299209153,-0.4254170897293914,Train252.csv,Normal
158,0.8189546035851432,0.16885385562805827,0.007960292185777967,0.001781541754742424,0.002447161685625804,128.79198309982706,43.9453125,3.837665366331767,0.1949603879412215,2.725688260775791,4.482378122001559,0.5281395585458997,0.39334348851152245,0.07841493655686171,5.1362383270589156e-05,5.061375845976141e-05,207.51149615334626,92.7734375,3.0123882095610197,1.2465869055404255,31.83243889290692,6.057508977760955,0.7926166516277158,0.192851152877019,0.008904552311487065,0.002507089363435634,0.003116237415580434,137.48248536070696,48.828125,3.9035352549472644,0.1826565752939787,2.933988411632164,4.858308989806794,0.5417551264307402,0.3885687389569225,0.0696054282891851,3.353408977443383e-05,3.714759225105869e-05,200.4438480649518,92.7734375,3.045951737423147,1.401553967410086,34.423913672333725,6.025665836749074,1.067360354041895,0.012303812647242812,0.853674989484928,-0.2083001508563731,Train253.csv,Normal
155,0.8217866030937256,0.16470418764239825,0.008058734283508045,0.0022534464659656975,0.0031926258965261725,132.83674469499462,48.828125,3.863991932202352,0.18421404836531324,1.8568976626721831,4.18551200096484,0.5306924552353762,0.3921764363441115,0.0770450364547876,4.403078225615574e-05,4.200922021433993e-05,206.67230952257188,92.7734375,3.050811181806004,1.3744320745120446,14.442337316280113,5.619835457390192,0.8207982841279652,0.16448513232464865,0.008149207544202553,0.0028181559626166766,0.0037425915701185535,132.3522903694364,48.828125,3.824900062863098,0.1731810427604213,2.058908527507911,4.64644262851702,0.5425668983246096,0.38536369963812006,0.07200627647138166,3.0480470348985115e-05,3.2622443884297876e-05,200.97484697614087,92.7734375,3.1113536848032366,1.4903720918111907,19.017528330076434,5.5997903490641985,1.0637079230227704,0.011033005604891954,0.9402606016296704,-0.20201086483572772,Train254.csv,Normal
1254,0.7299970994493574,0.09447524197854713,0.16204750025207526,0.010611156045266074,0.0028674470712083543,216.05655669275163,53.7109375,4.021176899458315,0.7316336500307443,10.086967485027897,7.435231519680063,0.5859553286652205,0.3287124813633607,0.08527320780399841,2.8072063702781983e-05,3.0884490541572075e-05,192.3765778609322,92.7734375,3.6042776459172474,1.566106518741755,13.585404418194152,6.704240242535466,0.7561775101199183,0.08019722947262056,0.1504614985453038,0.010329850826971892,0.002832320549134746,202.3794840312835,53.7109375,3.9085107551082277,0.7801255670523363,9.237551606293056,7.535237607418395,0.5911799307142606,0.33132332920242363,0.07744497557610236,2.441860392207209e-05,2.7322515988656272e-05,188.45499262754691,92.7734375,3.540477800803985,1.7317407428213394,17.419473060309073,6.5685608008195615,0.9378408809973284,-0.048491917021591946,1.073805623857189,0.84941587873484,Train255.csv,Normal
1060,0.6306961967322177,0.09546135968429997,0.25772361412993355,0.013169977090211074,0.002946518012724483,263.48642891744277,58.59375,4.2107105431308,0.3213504323661213,1.9076667259352238,4.7284543141527795,0.5325952310948467,0.3924643655383639,0.07485803319242082,4.1294371614441816e-05,4.104410820359941e-05,203.9334292137052,92.7734375,3.0315800930752426,1.3456081898925578,12.564008949759517,4.7368149331510905,0.6768898134653523,0.08506248743690954,0.22189236121219424,0.01259565349156131,0.003557057855354584,235.53030454896088,58.59375,3.9395893773619926,0.3517799844516888,3.1887101986183226,5.324299086041398,0.5417786791861918,0.38358548440844525,0.0745747275533004,2.798443364345391e-05,3.3097901579719544e-05,200.99597777446033,92.7734375,3.1784176052436885,1.507895158649827,16.643604163790854,4.971488595853447,0.9134983388935682,-0.03042955208556747,1.1552555912383287,-1.2810434726830988,Train256.csv,Normal
0,0.37967606588801767,0.3149966276571746,0.10636265397256109,0.07644110854124679,0.12235233504366695,723.8186312132476,92.7734375,4.567763975014806,0.07096344528758328,10.707121419423274,3.364234768264444,0.5413754085736073,0.3826629112689032,0.07586586943516012,4.8176101437661636e-05,4.760037120229375e-05,201.4760510435574,92.7734375,3.13197330004174,1.2084707231770198,15.870055155684199,5.063388982921152,0.38988295905984377,0.3347193370681068,0.09631757803698708,0.06772161537468266,0.11115477698050445,674.2755003804111,92.7734375,4.514753742179867,0.053839119384964156,10.622292046395827,4.197108815276467,0.5450319028682116,0.38042823645400053,0.07446574688475387,3.353898521325949e-05,4.0548326840477004e-05,199.5651348374986,92.7734375,3.177326687667377,1.362768042576396,16.636598576849835,5.156411547187895,1.3180647228293405,0.01712432590261912,1.1143907599000207,0.08482937302744631,Train257.csv,Normal
951,0.6992588862690019,0.19192170942996978,0.08451246764694488,0.0080615351600449,0.016243527345056255,228.0821235879021,48.828125,4.297535605172898,0.44979900087706565,4.95247047813592,5.956780710426577,0.5598482724561766,0.3625617708856882,0.07752512765136571,3.234084065187329e-05,3.246421621739388e-05,199.3996000458895,92.7734375,3.496180370107851,1.62198721619069,12.48186759625797,5.720980987243025,0.752785177294548,0.17024828968465466,0.064697449479728,0.008015760501190983,0.004251056887575662,181.09595413761195,58.59375,4.08612978538548,0.48856559449405224,3.8095182821758105,5.980901510981362,0.5469120581658249,0.3793954498532739,0.07362938463844335,3.2166733431574144e-05,3.091571012906394e-05,201.72017192907535,92.7734375,3.3625551686821322,1.678707041111621,13.277211040380703,5.7539009811313395,0.9206522215757238,-0.03876659361698659,1.2731386987061066,1.1429521959601097,Train258.csv,Normal
301,0.8764188396896024,0.09043124272714007,0.026413159776772683,0.004105389421879133,0.0026292006364879495,121.5156837315674,48.828125,3.657060655019577,0.21659017427663227,14.11328940198715,7.139193330184928,0.5399709818928411,0.38297356256362375,0.07694731809917825,5.3561908286488886e-05,5.452963798035465e-05,204.1977444196025,92.7734375,3.1349441435064045,1.2361372153383594,38.5434737182551,5.864969830093057,0.8820979860581636,0.08220568450837132,0.028608201331996846,0.0043078478897532035,0.0027772823286372345,120.80954827161696,48.828125,3.624415047660842,0.20965178482017527,11.856540464482878,7.362087290208347,0.549126912186844,0.3819590495227479,0.06882929171992813,4.049082038681211e-05,4.420550957935566e-05,198.236605219223,92.7734375,3.1637184897990753,1.3920766578763188,30.649723576262,5.479952909600495,1.0330948216315614,0.006938389456457,0.9271631618330066,2.2567489375042715,Train259.csv,Normal
598,0.7018077327435704,0.12741012209455904,0.1611312406753717,0.006149218411312693,0.0034984251659658633,232.71993732856055,58.59375,4.053694386458915,0.20440627108702697,3.0312900887178635,4.632761686613397,0.5413786984625736,0.3801951514797481,0.07835294602460485,3.5295780106711556e-05,3.787847209257562e-05,202.21834480375517,92.7734375,3.131178064638942,1.4907377661448042,17.971562093723037,5.500495127206028,0.695241154486516,0.14334794046187135,0.15254586540499182,0.0057624835728206925,0.00309833353730292,224.79677267626272,73.2421875,4.062624425453268,0.20931787307801272,2.8327711768037687,4.808892728756124,0.5472665366669061,0.3755362255335786,0.07714377775757755,2.3008609869367925e-05,3.0426160715867653e-05,199.4986267118045,92.7734375,3.18171315184039,1.6244985331009456,14.090179605258765,5.463073296537917,0.9765351955124711,-0.004911601990985753,1.0566748949763507,0.19851891191409488,Train260.csv,Normal
854,0.6331116060354033,0.20161431987034983,0.1518861324708796,0.010423831312250938,0.0029619180436155665,257.6749862284481,58.59375,4.135713174825655,0.267540721454423,2.9337150081928733,5.162581580305131,0.5453694954018036,0.3742204515565359,0.08029990593504484,5.284174144944928e-05,5.725679157565866e-05,202.20841958938252,92.7734375,3.108623451858233,1.2077703638034418,21.29854004669205,5.4424835617546865,0.7486809085095295,0.14214431439649378,0.10007119845366938,0.0069838378731947245,0.002118159872553542,194.45682307811737,58.59375,3.7216999638301447,0.3076811308490196,2.824101136639364,5.260638030717374,0.5529603097935194,0.37201651488342374,0.07493602111677856,3.616674228915397e-05,5.094606642772559e-05,197.61512902454197,92.7734375,3.143487340964212,1.2961166328970977,19.482264650950402,5.5341714834541165,0.8695389276769376,-0.04014040939459662,1.5161356983843757,0.10961387155350932,Train261.csv,Normal
951,0.6716617589518583,0.1881298153306069,0.12037804415054368,0.010209346386989724,0.009618999191473118,235.33009375370744,58.59375,4.326242905312378,0.42961112902048215,4.595298199853813,5.951774521185092,0.5427974606171652,0.37369081805605664,0.08342704801674673,4.156219909887199e-05,4.3077105708606474e-05,206.85108245973709,92.7734375,3.5093265244392944,1.39866843781649,14.918677429491938,5.136812807369813,0.7864664404577743,0.12865052265362656,0.07357094329075121,0.008075793722571207,0.003234395376544966,171.84625044755782,58.59375,3.9485046240824886,0.48669257493869844,5.391665831480537,6.2275558212177415,0.5535962385256002,0.3576976788284853,0.08863936430686846,3.3893204394180545e-05,3.279750001179029e-05,204.00877191552968,92.7734375,3.6576296837863476,1.55522691773227,14.715967093869772,6.267038220891045,0.8827155996614051,-0.05708144591821629,1.599419569171585,-0.7963676316267234,Train262.csv,Normal
1310,0.4565790267329495,0.2552781540653189,0.2642314567219345,0.020168654806610734,0.0037413151485516643,339.9661089948217,78.125,4.6290006728691075,0.7040188808556396,1.4414285870940806,5.04750216981913,0.5776064320870095,0.35005305814690246,0.07224899886938303,4.150670304532445e-05,4.997027730832925e-05,192.94316529328242,92.7734375,3.5732068929155627,1.2668574110448247,16.964098655349282,6.090366669900108,0.5156279582051592,0.24699593605470024,0.21509812070874684,0.01874488933633202,0.0035320143588973897,306.0225401031306,73.2421875,4.535973860845384,0.705112658125886,1.4939923922988958,5.051732117940389,0.5599816498078268,0.3747399049832134,0.06520339410807835,2.9406664013704054e-05,4.560911757681138e-05,194.95398204061962,92.7734375,3.378573478472339,1.4564129636588843,18.759292678751052,5.406735363422254,0.9984487893443832,-0.0010937772702463988,1.2162010327249861,-0.052563805204815184,Train263.csv,Normal
254,0.7189078812602592,0.040617790418301554,0.22184619578342102,0.008379281748952055,0.010237214268512429,280.1383547192625,63.4765625,3.6181680651970427,0.10000882134621718,4.627132111159499,3.8106190261751025,0.5422683312614777,0.3778173339998053,0.07980678308856257,5.0434059501954916e-05,5.7071777478090246e-05,203.1435040633961,92.7734375,3.110053985656571,1.189959772331586,27.427521498137548,4.824505369973732,0.8139021817189915,0.037845969497423665,0.13534348820028003,0.00562227817432538,0.007279009457416592,200.23182943561855,58.59375,3.1208399766122645,0.09153145169444973,4.934912549853857,4.673007488327192,0.5529540571679123,0.37457308575590265,0.07238795543655026,3.505673303435379e-05,4.9798119631365144e-05,196.97361753361963,92.7734375,3.1352996084380558,1.286780913018403,33.055727600462525,5.565932119673961,1.0926170010659242,0.008477369651767444,1.6332013212865153,-0.30778043869435834,Train264.csv,Normal
929,0.8313882852061203,0.08614398331307715,0.07557574593967195,0.005150345661276622,0.0017405916871383162,171.9625002631542,92.7734375,3.468456429059245,0.40102879322992135,3.6982111247855474,5.5350009910309526,0.5551274391310389,0.3740748001429794,0.07071411787177306,4.1194105907693564e-05,4.241402424655678e-05,197.95507023226003,92.7734375,3.2524008613947792,1.3637570851140164,36.97425231043598,5.62836117717998,0.6903709848717997,0.163299513015537,0.1334012186589206,0.009807917882847978,0.0031182377883955037,242.39375956412735,97.65625,4.08501500443094,0.33596535324836874,3.443427799753702,5.67526893872054,0.5689602944294881,0.3602646177724997,0.070702934547995,3.1341511799863e-05,4.078224878275183e-05,193.3942764244132,92.7734375,3.2271783257239863,1.4421402832645658,34.04485504281021,5.5053865385690814,1.1936611563031978,0.06506343998155262,0.563693720852162,0.2547833250318452,Train265.csv,Side II
340,0.3589651157888137,0.06799457428328307,0.5500968829512592,0.011660890640146495,0.0112616713065199,537.8112250155008,795.8984375,4.345801042361899,0.11668221332154236,2.0330137567905204,3.8778317781222844,0.5523218496419955,0.3821695660639267,0.06542234568026095,4.577508930985257e-05,4.0427569175285046e-05,197.19841528050029,92.7734375,3.0879945117177736,1.401975059934846,60.82120014983424,5.599461734008562,0.4580108761477145,0.0674532104743934,0.4532036802630813,0.01022009299747516,0.011089424707710257,464.9846713611554,53.7109375,4.301916480197298,0.10796316591021488,2.957226301958207,4.207312091711988,0.5617810928353738,0.3747116795060888,0.0634412411236185,3.045233041621436e-05,3.550459555196258e-05,193.3872173506354,92.7734375,3.098784815838573,1.4759891639217089,60.36735357024993,7.091121321166381,1.0807594539958103,0.00871904741132748,1.212190234494879,-0.9242125451676864,Train266.csv,Normal
1196,0.49622974141370463,0.2275208915113464,0.26056366250252394,0.01354951208653005,0.0021353503879769963,306.56440976114413,73.2421875,4.601919537869534,0.6626187091581905,4.134962583528001,5.740685571522038,0.5502744419717287,0.3780721276503682,0.07157944672636354,3.3856287238050506e-05,4.009824328378458e-05,200.45000862107977,92.7734375,3.1772984669069504,1.3549740290331829,24.946529249776827,6.135188195445806,0.7604075116544795,0.11581568519375303,0.11088756199022513,0.009251391091406365,0.003636698007346555,186.30458804668274,63.4765625,3.5530268381673658,0.8285927565039508,2.3554756788202043,4.9846584951310415,0.6359234925637856,0.2852687908156884,0.0787721801354459,1.4790240279645746e-05,2.073348685366402e-05,176.7392102800374,4.8828125,3.861316443611078,1.9313812778945851,13.537717819822472,5.497627979227623,0.7996916496763262,-0.16597404734576027,2.2816344347629394,1.7794869047077966,Train267.csv,Side II
842,0.6284923934446056,0.20711438169241508,0.15278079581116516,0.008904935798928872,0.00270499291302936,263.7268285083488,78.125,4.103277593259097,0.26497807344117597,1.0134885628127974,4.28083849027273,0.5333579335009039,0.39396225060311585,0.07260180880378148,3.8164273591541237e-05,3.981788667534033e-05,205.7242139845288,92.7734375,3.024555761512275,1.423236637011828,15.771632066761697,5.22352477716891,0.5477123285482766,0.2583870875339231,0.17918700743274388,0.010934485493365596,0.0037747356280548702,307.5021526573498,63.4765625,4.292265273385974,0.23931902633595853,0.8090377914469862,4.244308200134499,0.5416720986421705,0.3903812432542104,0.06788760638319007,2.7368471333674983e-05,3.165978703710866e-05,200.84384268826244,92.7734375,3.0643776666248566,1.4892713209958297,17.17540021735242,5.244034752333475,1.107216907869164,0.025659047105217436,0.850433731984733,0.20445077136581125,Train268.csv,Normal
906,0.7402210911851129,0.13721700967887593,0.11278344221150632,0.00766822462094422,0.0021082160165041106,205.28825263729107,53.7109375,3.8137072190974046,0.3496465795664918,4.6785688808074095,5.1946043587985695,0.538450046058598,0.3767296151874727,0.08475200643099855,3.383423823713488e-05,3.447282971042433e-05,205.87574726569454,92.7734375,3.166984308064577,1.460845032631315,14.571374341070369,5.083442330671295,0.7519970536679609,0.13370403703578818,0.1045904243175519,0.007140365848502192,0.002565442526896712,201.50722965037286,58.59375,3.90715648428631,0.35610937741129267,3.328737370524085,5.344420023688945,0.5526196472509531,0.36725634607937513,0.08007589471034741,2.1104693799877555e-05,2.6980609333402734e-05,199.25826565587187,92.7734375,3.24534986517871,1.6572499048612341,20.08702154507526,5.337872155936302,0.9818516466102822,-0.0064627978448008605,1.0780525723964085,1.3498315102833245,Train269.csv,Normal
475,0.7264797998175,0.10326426196767505,0.1601014657327233,0.007047906531385423,0.0031009601820966085,219.58396240574857,63.4765625,3.6393856011596175,0.20243824476972488,2.462857020379242,4.395595391346919,0.5410920666063102,0.39752032105360047,0.06130278302628484,3.9448200535297846e-05,4.534871096695183e-05,199.38061828568829,92.7734375,2.9837006112538873,1.2706424407865546,30.26397144569112,5.840991956249227,0.6232361380961582,0.1677300078708891,0.19569705661737044,0.009297389171981632,0.004031494836270252,262.5888350251951,63.4765625,3.872466695966942,0.1862917909098833,1.190857936173391,4.030535146617832,0.5449006185182276,0.39647477286155214,0.058556690444755324,2.8095937244693518e-05,3.979303991285154e-05,196.27684568431437,92.7734375,2.969113252278403,1.3987196480656228,27.814827218582206,5.74576813547737,1.0866729161510897,0.016146453859841592,0.8153848793565996,1.2719990842058508,Train270.csv,Normal
270,0.8067479926185528,0.15212958626766193,0.03348262072793194,0.004605377781615325,0.003031745942313096,142.69453485314,53.7109375,3.7709915886652476,0.18366235212670518,6.390960009520483,5.479621742509444,0.5382725942630645,0.3817478046165415,0.0798710460598981,5.402122085245336e-05,5.4480577860375646e-05,205.58267677092854,92.7734375,3.0278073649336137,1.2804979277991273,20.227486994474894,5.488668270191772,0.8556115566403399,0.10949062441965665,0.027134433404251097,0.004304102826139188,0.003456351137207842,126.20920773557705,48.828125,3.640848544110085,0.1964004119138482,9.547242296491591,6.057983577858306,0.5624889057437457,0.3680283600882683,0.06939276271181852,4.244646679503944e-05,4.748088545536758e-05,192.93321007305056,92.7734375,3.1091853089064907,1.3935330281810225,26.974467250896385,5.973364881963503,0.9351423930420625,-0.012738059787143013,1.2115067005321492,-3.1562822869711082,Train271.csv,Normal
737,0.45640191718271556,0.26536592066082715,0.26533440278146353,0.009122223600113333,0.0037715901577659314,339.0911662458409,63.4765625,4.544151280650483,0.19957535777757301,4.243665512972163,4.594110695430076,0.5354758431200337,0.392256395879115,0.07217522449670065,4.587250773601191e-05,4.662627811023318e-05,204.20527633421221,92.7734375,3.0839334488606776,1.3138642857552219,15.508251407935806,5.366566856878038,0.5505914560872744,0.21448255928419133,0.22016069336580885,0.010632718259751397,0.004128385264739949,294.67317984068586,63.4765625,4.282193281883892,0.19848371498178263,3.3084227499315464,4.8686970693171485,0.5510419649676044,0.3837193103902738,0.06517641739928472,2.7819555635717286e-05,3.446064090951757e-05,196.0634941944685,92.7734375,3.1437959159484685,1.4734352582971189,15.413400059258844,5.33487749669439,1.0054999060773862,0.0010916427957903818,1.1891874350281215,0.935242763040617,Train272.csv,Normal
